no,nama,kategori,alamat,kota,lat,lng,plusCode,rating,jumlahUlasan,telepon,website,foto,jamBuka,linkMaps,sumberQuery
1,Squid Coffee,Kedai Kopi,"Jl. Topaz Raya No.3, Masale, Kec. Panakkukang, Kota Makassar, Sulawesi Selatan 90231, Indonesia",Makassar,-5.1545807,119.4410442,"RCWR+5C Masale, Kota Makassar, Sulawesi Selatan, Indonesia",4.9,,+628170772777,https://www.instagram.com/squidcoffee.id?igsh=MWc3ajliZXNscWllcA==,https://lh3.googleusercontent.com/gps-cs-s/AHRPTWmydvdj2y8KgMo3IaKeL5nnNe46UsQ3ERLoFlhlhVq4pcDKyuOzJJySODKqIfgnSv8qlA_0ybnM-nrP9pGxODgp89POpHfw5Cag_kgg1nq5tQwjs5Y595BIgOkYqgbReJURq5ka=w408-h544-k-no,"Sabtu, Buka 24 jam",https://www.google.com/maps/place/Squid+Coffee/data=!4m7!3m6!1s0x2dbee357e932b365:0x1cea0d636cfd21d4!8m2!3d-5.1545807!4d119.4410442!16s%2Fg%2F11vcl67k6f!19sChIJZbMy6Vfjvi0R1CH9bGMN6hw,cafe Makassar | coffee shop Makassar
2,Postropis Coffee & Space,Kedai Kopi,"Jl. Adipura Raya No.10, Karuwisi Utara, Kec. Panakkukang, Kota Makassar, Sulawesi Selatan 90232, Indonesia",Makassar,-5.1329919,119.4332702,"VC8M+R8 Karuwisi Utara, Kota Makassar, Sulawesi Selatan, Indonesia",4.8,112,,,https://lh3.googleusercontent.com/gps-cs-s/AHRPTWlk_qPsjIzBw3MFzxbbCBai0A9xajgKDhv-gkmsYFDhG61qCyu9IAQGXqweqL5s7xy51gs8ux2amMvwtKe20tTlfsaNaiZ1__kZMabfb7xmoDdHRfUjBcwrLM9wRzvwXnhVCQG8bv1w9X7C=w408-h544-k-no,"Senin,07.00 hingga 22.00 | Selasa,07.00 hingga 22.00 | Rabu,07.00 hingga 22.00 | Kamis,07.00 hingga 22.00 | Jumat,07.00 hingga 22.00 | Sabtu,07.00 hingga 23.00 | Minggu,07.00 hingga 23.00",https://www.google.com/maps/place/Postropis+Coffee+%26+Space/data=!4m7!3m6!1s0x2dbefd04e2454fd1:0x7707dc1f4e0e0fb!8m2!3d-5.1329919!4d119.4332702!16s%2Fg%2F11n7p0ff_3!19sChIJ0U9F4gT9vi0R--Dg9MF9cAc,cafe Makassar | coffee shop Makassar
3,Zona Cafe,Kafe,"Jl. Ujung Pandang No.2, Bulo Gading, Kec. Ujung Pandang, Kota Makassar, Sulawesi Selatan 90174, Indonesia",Makassar,-5.1360333,119.4048645,"VC73+HW Bulo Gading, Kota Makassar, Sulawesi Selatan, Indonesia",4.5,677,+624113623451,http://www.zonacafe.info/,https://lh3.googleusercontent.com/gps-cs-s/AHRPTWnEzg4NUC0ZhouTbZ8k39XFUv71HHGh3Tm3seU08gMj4lNTJyvvCFiEmi7YsTJmwPF2QeSkQwGvm122_bFtrPodBc6E9HiOiHTM9T08B6gWyJFlHc5OOFBokuP4uts1wzA5_eksRy_eiVE=w408-h306-k-no,"Senin,16.00 hingga 00.00 | Selasa,16.00 hingga 00.00 | Rabu,16.00 hingga 00.00 | Kamis,16.00 hingga 00.00 | Jumat,16.00 hingga 00.00 | Sabtu,16.00 hingga 00.00 | Minggu,16.00 hingga 00.00",https://www.google.com/maps/place/Zona+Cafe/data=!4m7!3m6!1s0x2dbf02b013663743:0xfbe11b7de6890173!8m2!3d-5.1360333!4d119.4048645!16s%2Fg%2F1hm23991w!19sChIJQzdmE7ACvy0RcwGJ5n0b4fs,cafe Makassar
4,Onkel John's Coffee Hasanuddin,Kedai Kopi,"Jl. Sultan Hasanuddin, Sawerigading, Kec. Ujung Pandang, Kota Makassar, Sulawesi Selatan 90115, Indonesia",Makassar,-5.1407758,119.4106093,"VC56+M6 Sawerigading, Kota Makassar, Sulawesi Selatan, Indonesia",4.8,264,+62811406279,https://instagram.com/onkeljohnscoffee?igshid=MzRlODBiNWFlZA==,https://lh3.googleusercontent.com/gps-cs-s/AHRPTWmOMqkV9ihWtV410C9tQqATOuZwOf7AZGu2pfzjy15bWPZFYOUoTMW4xU7EQK65jRsII4lOmgqQAIAKyhTysQgbeQImu66oLs4srUOIiC1gsvwTclcwW7VY9vWaq57vM95UkBll=w408-h412-k-no,"Senin,07.00 hingga 00.00 | Selasa,07.00 hingga 00.00 | Rabu,07.00 hingga 00.00 | Kamis,07.00 hingga 00.00 | Jumat,07.00 hingga 00.00 | Sabtu,07.00 hingga 00.00 | Minggu,07.00 hingga 00.00",https://www.google.com/maps/place/Onkel+John%27s+Coffee+Hasanuddin/data=!4m7!3m6!1s0x2dbf037efb202cb9:0x65e0d0cde6148ee6!8m2!3d-5.1407758!4d119.4106093!16s%2Fg%2F11t_vjh076!19sChIJuSwg-34Dvy0R5o4U5s3Q4GU,cafe Makassar | kedai kopi Makassar | coffee shop Makassar
5,Djournal Coffee - Trans Studio Makassar,Kedai Kopi,"Lobby Kuning, Jl. Metro Tj. Bunga Lower Ground, Maccini Sombala, Kec. Tamalate, Kota Makassar, Sulawesi Selatan 90224, Indonesia",Makassar,-5.1592092,119.3942765,"R9RV+8P Maccini Sombala, Kota Makassar, Sulawesi Selatan, Indonesia",4.9,563,+6285399655194,https://www.ismaya.com/brands/djournal,https://lh3.googleusercontent.com/gps-cs-s/AHRPTWnFnJVe6J0P1Rgi2fKoHw-qlurZBMkENbzQIPrwGxUF-XwdmrgIN-j42tdSfoZiawQJZgbDgBSMrCGzCaLGjVAWRHbn9OIOEdZle1oPKrNEzWu-CZkbBgMgfx_sQeYjUNYaT_E=w426-h240-k-no,"Senin,10.00 hingga 22.00 | Selasa,10.00 hingga 22.00 | Rabu,10.00 hingga 22.00 | Kamis,10.00 hingga 22.00 | Jumat,10.00 hingga 22.00 | Sabtu,10.00 hingga 22.00 | Minggu,10.00 hingga 22.00",https://www.google.com/maps/place/Djournal+Coffee+-+Trans+Studio+Makassar/data=!4m7!3m6!1s0x2dbf1d001e1eefc1:0x1d6083146059db24!8m2!3d-5.1592092!4d119.3942765!16s%2Fg%2F11vsl3w58f!19sChIJwe8eHgAdvy0RJNtZYBSDYB0,cafe Makassar | coffee shop Makassar
6,THE ICON BEACH LOUNGE & CAFE,Kafe,"Citraland Point of Indonesia Cluster Sunset Quay B/7, Kota Makassar, Sulawesi Selatan, Indonesia",Makassar,-5.147356,119.395425,"V93W+35 Maccini Sombala, Kota Makassar, Sulawesi Selatan, Indonesia",4.6,1042,,https://www.instagram.com/theiconbeachlounge,https://lh3.googleusercontent.com/gps-cs-s/AHRPTWlYzNKJhZQqQXbHZtrW5roGGnStEwxb--1pjNLmekaJ9TdfOGVK4jvVEJwTDs4WSvNP99ouxWr-uW5p86B6YUV2OgnAESscpXKsSaNYh_rxpBHKplUjZH2TNx-R9WhmHT4AIPo=w408-h306-k-no,"Senin,10.00 hingga 00.00 | Selasa,10.00 hingga 00.00 | Rabu,10.00 hingga 00.00 | Kamis,10.00 hingga 00.00 | Jumat,10.00 hingga 00.00 | Sabtu,07.00 hingga 00.00 | Minggu,07.00 hingga 00.00",https://www.google.com/maps/place/THE+ICON+BEACH+LOUNGE+%26+CAFE/data=!4m7!3m6!1s0x2dbee3924b3f0631:0xd78c9fe5303d2ea1!8m2!3d-5.147356!4d119.395425!16s%2Fg%2F11smqkvtyd!19sChIJMQY_S5Ljvi0RoS49MOWfjNc,cafe Makassar | coffee shop Makassar
7,Sinrilik Cafe Makassar,Kafe,"Jl. Statistik, Tamalanrea Indah, Kec. Tamalanrea, Kota Makassar, Sulawesi Selatan 90245, Indonesia",Makassar,-5.1377296,119.4864977,"VF6P+WH Tamalanrea Indah, Kota Makassar, Sulawesi Selatan, Indonesia",4.8,2048,+628114097172,,https://lh3.googleusercontent.com/gps-cs-s/AHRPTWmNMASH3F6ucBRqhak2fTT7rESwgXjlOfw7b3iOHvfR3AcvwX2YLSlw6UnipJsp0XFUvQi24SwjR-N6Qy1FEFQeWgisKzpSiws4-D2VegwrFzvXj2_hJ4C7qUuJho8VBZgEDK_U=w408-h314-k-no,"Senin,09.00 hingga 00.30 | Selasa,09.00 hingga 00.30 | Rabu,09.00 hingga 00.30 | Kamis,09.00 hingga 00.30 | Jumat,09.00 hingga 00.30 | Sabtu,09.00 hingga 00.30 | Minggu,09.00 hingga 00.30",https://www.google.com/maps/place/Sinrilik+Cafe+Makassar/data=!4m7!3m6!1s0x2dbefd123b7e4fd9:0x581d906c0753f683!8m2!3d-5.1377296!4d119.4864977!16s%2Fg%2F11why6p0v0!19sChIJ2U9-OxL9vi0Rg_ZTB2yQHVg,cafe Makassar
8,Cabana Coffee and Eatery,Kedai Kopi,"Jl. Aroeppala No.117, Karunrung, Kec. Rappocini, Kota Makassar, Sulawesi Selatan 90222, Indonesia",Makassar,-5.1753114,119.4554897,"RFF4+V5 Karunrung, Kota Makassar, Sulawesi Selatan, Indonesia",4.6,78,,,https://lh3.googleusercontent.com/gps-cs-s/AHRPTWnY-4rm7H5qip4V6i7ZWdczFIPzWzKJkULM9CeMrPG-2o37MUCVJUHJXueiYT0rBxWCK6EhRXBPKzdd5LT1YdoTGhQFzb8vnHIQkuB0YYMD9TiwNUYfZa51rc2lxpYUQGNkttET=w408-h544-k-no,"Senin,10.00 hingga 22.00 | Selasa,10.00 hingga 22.00 | Rabu,10.00 hingga 22.00 | Kamis,10.00 hingga 22.00 | Jumat,10.00 hingga 22.00 | Sabtu,10.00 hingga 00.00 | Minggu,10.00 hingga 00.00",https://www.google.com/maps/place/Cabana+Coffee+and+Eatery/data=!4m7!3m6!1s0x2dbee3120afa1d6d:0xce89eb7d9a9b0662!8m2!3d-5.1753114!4d119.4554897!16s%2Fg%2F11sdxhgzgm!19sChIJbR36ChLjvi0RYgabmn3ric4,cafe Makassar | coffee shop Makassar
9,SS Coffee Space,Kedai Kopi,"Jl. Sunu No.H4, Lembo, Kec. Tallo, Kota Makassar, Sulawesi Selatan 90153, Indonesia",Makassar,-5.1246242,119.4293952,"VCGH+5Q Lembo, Kota Makassar, Sulawesi Selatan, Indonesia",4.6,826,+628114493666,https://instagram.com/sscoffeespace?utm_medium=copy_link,https://lh3.googleusercontent.com/gps-cs-s/AHRPTWnJK0FioHv-NCs8_AwhfkAVyvAfc5kP8I0WWqxAeNlOZCmWakY5oHgyDFLGzRnDZ6_Bvx5eU8MATu75lZjqFRW_9OSuTSJ766QqzjRGoiFXkfWMbbD6-XMuStU8knJo4Rb3-S0=w408-h306-k-no,"Senin,Buka 24 jam | Selasa,Buka 24 jam | Rabu,Buka 24 jam | Kamis,Buka 24 jam | Jumat,Buka 24 jam | Sabtu,Buka 24 jam | Minggu,Buka 24 jam",https://www.google.com/maps/place/SS+Coffee+Space/data=!4m7!3m6!1s0x2dbefdbf67f95e07:0x5339055c4aa7222f!8m2!3d-5.1246242!4d119.4293952!16s%2Fg%2F11fks654j1!19sChIJB175Z7_9vi0RLyKnSlwFOVM,cafe Makassar | kedai kopi Makassar | coffee shop Makassar
10,Cocospace Cafe,Kafe,"Jl. Lanto Dg. Pasewang No.39, Maricaya, Kec. Makassar, Kota Makassar, Sulawesi Selatan 90142, Indonesia",Makassar,-5.1518531,119.4202939,"RCXC+74 Maricaya, Kota Makassar, Sulawesi Selatan, Indonesia",4.9,842,+6281356000378,https://linktr.ee/cocospacecafe,https://lh3.googleusercontent.com/gps-cs-s/AHRPTWlMFn3YpQN3F06QXgcLPaiRKc5mtOgC3BQ1vr0RhGnIVZpwrfFWUe0Sp6CQm5IjTOEknWuStlYyFPcVMTwsSXnifwUEe-QCMLX6Z_myNWiuLH1lXCgdUWeQQijQCwcTKFSVC0nhag=w408-h405-k-no,"Senin,09.30 hingga 22.00 | Selasa,09.30 hingga 22.00 | Rabu,09.30 hingga 22.00 | Kamis,09.30 hingga 22.00 | Jumat,09.30 hingga 22.00 | Sabtu,09.30 hingga 22.00 | Minggu,09.30 hingga 22.00",https://www.google.com/maps/place/Cocospace+Cafe/data=!4m7!3m6!1s0x2dbee3e369f1b4d1:0xd5f7c97690bc1a37!8m2!3d-5.1518531!4d119.4202939!16s%2Fg%2F11pzk7cfpz!19sChIJ0bTxaePjvi0RNxq8kHbJ99U,cafe Makassar | coffee shop Makassar
11,NUIZ Coffee - Andi Djemma Makassar,Restoran,"Jl. Andi Djemma No.50, Banta-Bantaeng, Kec. Rappocini, Kota Makassar, Sulawesi Selatan 90222, Indonesia",Makassar,-5.1637542,119.423365,"RCPF+F8 Banta-Bantaeng, Kota Makassar, Sulawesi Selatan, Indonesia",4.6,1132,+6285191554760,https://www.instagram.com/nuizcoffeemakassar?igsh=MTY4NHhrZGpxYTFlcg==,https://lh3.googleusercontent.com/gps-cs-s/AHRPTWnkNCVo_YzNH0LAtKoXVZId01aTiHLSotukfLBXHcovz43mR7Hzc9tuB3kHY76-ohSHVVfTdg0bvsm4GXlwI4UbxS_RAK01TaiPBNIHaBmPD3n_l3Xnw_2MBHkaQM8G5JqcOEKzoM_KOiyy=w408-h544-k-no,"Senin,Buka 24 jam | Selasa,Buka 24 jam | Rabu,Buka 24 jam | Kamis,Buka 24 jam | Jumat,Buka 24 jam | Sabtu,Buka 24 jam | Minggu,Buka 24 jam",https://www.google.com/maps/place/NUIZ+Coffee+-+Andi+Djemma+Makassar/data=!4m7!3m6!1s0x2dbee30028826d45:0xa95adb2ea2418d6!8m2!3d-5.1637542!4d119.423365!16s%2Fg%2F11x7g2knvr!19sChIJRW2CKADjvi0R1hgk6rKtlQo,cafe Makassar | coffee shop Makassar
12,Goodfields,Kafe,"Jl. Botolempangan No.26, Sawerigading, Kec. Ujung Pandang, Kota Makassar, Sulawesi Selatan 90113, Indonesia",Makassar,-5.1395574,119.4107145,"VC66+57 Sawerigading, Kota Makassar, Sulawesi Selatan, Indonesia",4.7,1374,+624118003675,https://instagram.com/goodfields.id,https://lh3.googleusercontent.com/gps-cs-s/AHRPTWkda4tFFYr_JhiFyPUOKHnGRAUFGZaVYBrz_Alvb5KUfzZb0fPjIzMHowJU_gHlpDWExEluQKqr5pH9za4LjAxlvfBQicTtDmISGhCA85x9_PAAhSrcM7RaaxEyvog924GeM1MWGoO4WY-h=w426-h240-k-no,"Senin,10.00 hingga 22.00 | Selasa,10.00 hingga 22.00 | Rabu,10.00 hingga 22.00 | Kamis,10.00 hingga 22.00 | Jumat,10.00 hingga 22.00 | Sabtu,10.00 hingga 23.00 | Minggu,10.00 hingga 22.00",https://www.google.com/maps/place/Goodfields/data=!4m7!3m6!1s0x2dbefdb51d196ea9:0xbd454207d75d83cd!8m2!3d-5.1395574!4d119.4107145!16s%2Fg%2F11spwzvd52!19sChIJqW4ZHbX9vi0RzYNd1wdCRb0,cafe Makassar | coffee shop Makassar
13,Diandra Coffee Makassar,Kedai Kopi,"RFR2+JJX, Jl. Pandang Raya, Pandang, Kec. Panakkukang, Kota Makassar, Sulawesi Selatan 90231, Indonesia",Makassar,-5.1583712,119.451592,,4.7,46,+628114402112,,https://lh3.googleusercontent.com/gps-cs-s/AHRPTWnR2aBnrX1lILouMhzWrFwg7M-uDTvQN2Sk6aL8cV-d1jyDzEh64JWlWhHqtFESq0oceolmKIHW5d0u2pgDacwXSydLgEfTrixDKhdoDh2LgQ5ZE9NFQMiLVw8GVGqybcjNJzQuf0D83h31=w408-h244-k-no,"Senin,09.00 hingga 23.00 | Selasa,09.00 hingga 23.00 | Rabu,09.00 hingga 23.00 | Kamis,09.00 hingga 23.00 | Jumat,09.00 hingga 23.00 | Sabtu,09.00 hingga 00.00 | Minggu,09.00 hingga 23.00",https://www.google.com/maps/place/Diandra+Coffee+Makassar/data=!4m7!3m6!1s0x2dbee3007d480f17:0x62edb1bfa98e616!8m2!3d-5.1583712!4d119.451592!16s%2Fg%2F11vm9_1ywr!19sChIJFw9IfQDjvi0RFuaY-hvbLgY,cafe Makassar | kedai kopi Makassar | coffee shop Makassar
14,Kaktus coffee eatery life,Kedai Kopi,"Komp pergudangan, Jl. Ir. Sutami No.11 blok E3, Parang Loe, Kec. Tamalanrea, Kota Makassar, Sulawesi Selatan 90241, Indonesia",Makassar,-5.0953414,119.480299,"WF3J+V4 Parang Loe, Kota Makassar, Sulawesi Selatan, Indonesia",4.5,345,+6282195313688,,https://lh3.googleusercontent.com/gps-cs-s/AHRPTWl63mdQ06qxAP5Qv1AwQv7Lv52eYjYGOlDtbz2_IKFR1y_EATxJ6Gd1dLIcHHjeaDplIsJxjhwUaFTZaO2AgyCWLM6Zo_S95gsfeAbEKt5FrWstBdHw4LuyUkUkoHwPvOo9I7t9=w408-h544-k-no,"Senin,07.00 hingga 22.00 | Selasa,07.00 hingga 22.00 | Rabu,07.00 hingga 22.00 | Kamis,07.00 hingga 22.00 | Jumat,07.00 hingga 00.00 | Sabtu,07.00 hingga 00.00 | Minggu,07.00 hingga 23.00",https://www.google.com/maps/place/Kaktus+coffee+eatery+life/data=!4m7!3m6!1s0x2dbefb094be187a7:0x451d3518d7279493!8m2!3d-5.0953414!4d119.480299!16s%2Fg%2F11tns3lx7r!19sChIJp4fhSwn7vi0Rk5Qn1xg1HUU,cafe Makassar | coffee shop Makassar
15,Mark Trees Cafe,Kafe,"Jl. Gn. Batu Putih No.2, Mangkura, Kec. Ujung Pandang, Kota Makassar, Sulawesi Selatan 90114, Indonesia",Makassar,-5.1469113,119.4159946,"VC38+69 Mangkura, Kota Makassar, Sulawesi Selatan, Indonesia",4.7,1256,,,https://lh3.googleusercontent.com/gps-cs-s/AHRPTWm1v_MADJOPumumG7RRz9SFmmaCVx6dUvsTT-qbJYcsrJYpkXI0CMWWjr0OZeRDsU3p9dUWsquoAJOdcdfUQ5kWdSTTDAPZ-e1LSZ-zfSUMxsyCUsKW67qc3UbdWHGBA8BJ--yV=w408-h272-k-no,"Senin,08.00 hingga 22.00 | Selasa,08.00 hingga 22.00 | Rabu,08.00 hingga 22.00 | Kamis,08.00 hingga 22.00 | Jumat,08.00 hingga 22.00 | Sabtu,08.00 hingga 22.00 | Minggu,08.00 hingga 22.00",https://www.google.com/maps/place/Mark+Trees+Cafe/data=!4m7!3m6!1s0x2dbf1d5675e083cb:0x552643a9594070f4!8m2!3d-5.1469113!4d119.4159946!16s%2Fg%2F11bwmfgjl1!19sChIJy4PgdVYdvy0R9HBAWalDJlU,cafe Makassar | coffee shop Makassar
16,Chalathea Coffee and Eatery Makassar,Kedai Kopi,"Jl. Toa Daeng III No.64 A, Batua, Kec. Manggala, Kota Makassar, Sulawesi Selatan 90234, Indonesia",Makassar,-5.1530114,119.4650171,"RFW8+Q2 Batua, Kota Makassar, Sulawesi Selatan, Indonesia",4.8,24,+6285117579380,,https://lh3.googleusercontent.com/gps-cs-s/AHRPTWlNlNWJrJJ3sU5tVsxfuY1J5ZGg9w7TaN9kqofe_KwuA9jzIidVEkOsoKjzAh6GB6oO2tTjWi41K0nz9zD_VfT3rLLfZIRhV0Y2k1o2gJsRxNF6FOBVnZWIHnftFl7WWqZg8XPdzE-BsDdl=w408-h544-k-no,"Senin,10.00 hingga 23.00 | Selasa,10.00 hingga 23.00 | Rabu,10.00 hingga 23.00 | Kamis,10.00 hingga 23.00 | Jumat,10.00 hingga 23.00 | Sabtu,10.00 hingga 00.00 | Minggu,10.00 hingga 23.00",https://www.google.com/maps/place/Chalathea+Coffee+and+Eatery+Makassar/data=!4m7!3m6!1s0x2dbee31ed8ed2d8d:0x346a6174cad1cec1!8m2!3d-5.1530114!4d119.4650171!16s%2Fg%2F11xm5nwfws!19sChIJjS3t2B7jvi0Rwc7RynRhajQ,cafe Makassar | coffee shop Makassar
17,KOZI Coffee Makassar,Kedai Kopi,"Jl. A. Mappanyukki No.99, Mario, Kec. Mariso, Kota Makassar, Sulawesi Selatan 90125, Indonesia",Makassar,-5.1557488,119.4150235,"RCV8+P2 Mario, Kota Makassar, Sulawesi Selatan, Indonesia",4.5,416,+6288705956272,,https://lh3.googleusercontent.com/gps-cs-s/AHRPTWkiJfXwmLhalZiTsY9ZugxgEs0n6rCsTSaWhXxjHPwM8YV36fsv_jKkvYg0ll39vE54zXc6S3ogm2ONatTzbSnsKmtPKFZ8QWavqhDRJ0NmHv_L7cvTFZcyAekIkF2ZfsKUBoF2=w408-h544-k-no,"Senin,09.00 hingga 23.00 | Selasa,09.00 hingga 23.00 | Rabu,09.00 hingga 23.00 | Kamis,09.00 hingga 23.00 | Jumat,09.00 hingga 23.00 | Sabtu,09.00 hingga 23.00 | Minggu,09.00 hingga 23.00",https://www.google.com/maps/place/KOZI+Coffee+Makassar/data=!4m7!3m6!1s0x2dbf1ded7f604ac3:0xc5e0410c98f3440b!8m2!3d-5.1557488!4d119.4150235!16s%2Fg%2F11fs31vzfp!19sChIJw0pgf-0dvy0RC0TzmAxB4MU,cafe Makassar | kedai kopi Makassar | coffee shop Makassar
18,Camell Cafe,Restoran,"Jl. Onta Lama No.70, Bonto Biraeng, Kec. Mamajang, Kota Makassar, Sulawesi Selatan 90132, Indonesia",Makassar,-5.1573291,119.4201465,"RCVC+33 Bonto Biraeng, Kota Makassar, Sulawesi Selatan, Indonesia",4.6,1077,,,https://lh3.googleusercontent.com/gps-cs-s/AHRPTWl7bP0KhL3xWZUFSUvmTYn2u0BuIUUryK5TpYesJUOjLC3iLH7FdJFFrUpmOCSOQmp89Dx9tit8GYdPze7O9ej33ucD6SAO-Crep9OIMXgg-X6fowkxiqvHpkvtMvkZzOT3JNvMe01po_XP=w408-h306-k-no,,https://www.google.com/maps/place/Camell+Cafe/data=!4m7!3m6!1s0x2dbee30004855497:0xc664e0a41265a588!8m2!3d-5.1573291!4d119.4201465!16s%2Fg%2F11ydk7plxg!19sChIJl1SFBADjvi0RiKVlEqTgZMY,cafe Makassar | kedai kopi Makassar
19,Anomali Coffee Makassar,Kedai Kopi,"Jl. DR. Ratulangi No.102, Mario, Kec. Mariso, Kota Makassar, Sulawesi Selatan 90114, Indonesia",Makassar,-5.1581398,119.4164025,"RCR8+PH Mario, Kota Makassar, Sulawesi Selatan, Indonesia",4.5,1663,+628114303462,http://store.anomalicoffee.com/,https://lh3.googleusercontent.com/gps-cs-s/AHRPTWldYXRFFJh0be0nGmF7_CTgDO5gjauY7IIwN3j_iPDh36NOCjXbR1Hldr1cQlvUZyGpRY-dK_Lmv6-ybMB6sQ1T5FEUdFZBWkxdP2QIN1ax_YTtHJ-nIKxXyBY7qkymngEECVtrqu97l-k=w408-h544-k-no,"Senin,07.00 hingga 23.00 | Selasa,07.00 hingga 23.00 | Rabu,07.00 hingga 23.00 | Kamis,07.00 hingga 23.00 | Jumat,07.00 hingga 00.00 | Sabtu,07.00 hingga 00.00 | Minggu,07.00 hingga 23.00",https://www.google.com/maps/place/Anomali+Coffee+Makassar/data=!4m7!3m6!1s0x2dbf1d5f72eba96d:0x464dc7cee5557f59!8m2!3d-5.1581398!4d119.4164025!16s%2Fg%2F11gbxcsnmt!19sChIJbanrcl8dvy0RWX9V5c7HTUY,cafe Makassar | kedai kopi Makassar | coffee shop Makassar
20,Grind & Pull Makassar,Restoran Sulawesi Selatan,"Jl. A. Mappanyukki No.40-42, Kunjung Mae, Kec. Mariso, Kota Makassar, Sulawesi Selatan 90113, Indonesia",Makassar,-5.1514008,119.4144553,"RCX7+CQ Kunjung Mae, Kota Makassar, Sulawesi Selatan, Indonesia",4.6,2412,+62411877322,,https://lh3.googleusercontent.com/gps-cs-s/AHRPTWm__GAvrj-QrGnZQ6-Z9LPIYdx43cj8onhRK3hYtdA3yRjVZnJXlb4RO-tRrSEej9m2f8HOJ-sdELm9OCS3-20fpacow6G9Co6xeXx-wAokOmPBYoqtuOKDL8oHYBcrep6xp4gA2J5CoyHb=w408-h408-k-no,"Senin,10.00 hingga 23.00 | Selasa,10.00 hingga 23.00 | Rabu,10.00 hingga 23.00 | Kamis,10.00 hingga 23.00 | Jumat,10.00 hingga 23.00 | Sabtu,10.00 hingga 00.00 | Minggu,10.00 hingga 23.00",https://www.google.com/maps/place/Grind+%26+Pull+Makassar/data=!4m7!3m6!1s0x2dbf1d59d42a534d:0x3017c69e0bf4fb7c!8m2!3d-5.1514008!4d119.4144553!16s%2Fg%2F11c6dyy22m!19sChIJTVMq1Fkdvy0RfPv0C57GFzA,cafe Makassar | kedai kopi Makassar
21,Konya Coffee & Eatery (Ex-Bonefa),Kafe,"Jl. Prof. Abdurahman Basalamah ex, Jl. Racing Centre, Karampuang, Kec. Panakkukang, Kota Makassar, Sulawesi Selatan 90231, Indonesia",Makassar,-5.1462954,119.4503679,"VF32+F4 Karampuang, Kota Makassar, Sulawesi Selatan, Indonesia",4.6,69,+6285244427494,,https://lh3.googleusercontent.com/gps-cs-s/AHRPTWm0WJwj_gVbXCYYRQYvGM51FjHihFNDbJYKE0RVeVGR8V9ONWBztNID2nxviOHnA2UBRJlfHm5bzfNl7bttjmeYb9VUWjyDR7f3rZ9h2YJv7L100i0yYFyhESXZuwiiNEf76wl3QQ=w427-h240-k-no,"Senin,Buka 24 jam | Selasa,Buka 24 jam | Rabu,Buka 24 jam | Kamis,Buka 24 jam | Jumat,Buka 24 jam | Sabtu,Buka 24 jam | Minggu,Buka 24 jam",https://www.google.com/maps/place/Konya+Coffee+%26+Eatery+%28Ex-Bonefa%29/data=!4m7!3m6!1s0x2dbee393a21bb68d:0x818033830a6e7929!8m2!3d-5.1462954!4d119.4503679!16s%2Fg%2F11rgc6brlv!19sChIJjbYbopPjvi0RKXluCoMzgIE,cafe Makassar | coffee shop Makassar
22,Noice Coffee Roaster,Kedai Kopi,"Jalan Pasar Ikan No.18, Bulo Gading, Kec. Ujung Pandang, Kota Makassar, Sulawesi Selatan 90174, Indonesia",Makassar,-5.137253,119.4052609,"VC74+34 Bulo Gading, Kota Makassar, Sulawesi Selatan, Indonesia",4.6,283,+6281243266763,,https://lh3.googleusercontent.com/gps-cs-s/AHRPTWmwtR4znI4EtI5RyomzE-WZV1neifeZGmd3DsHf37PmotIkJALV-OcAlkwhiZK5uVFvo4MZp9yF_1XDHUZolE5_Qb5m39IKnqOVFNqFdHxUOW7_2vc1IBbbqwDmiri8STQ8Z3Qv=w408-h509-k-no,"Senin,07.30 hingga 20.00 | Selasa,07.30 hingga 20.00 | Rabu,07.30 hingga 20.00 | Kamis,07.30 hingga 20.00 | Jumat,07.30 hingga 20.00 | Sabtu,07.00 hingga 21.00 | Minggu,07.00 hingga 21.00",https://www.google.com/maps/place/Noice+Coffee+Roaster/data=!4m7!3m6!1s0x2dbf03a0cf69422b:0x32f7617438b9fa29!8m2!3d-5.137253!4d119.4052609!16s%2Fg%2F11qr3kz5xp!19sChIJK0Jpz6ADvy0RKfq5OHRh9zI,cafe Makassar | coffee shop Makassar
23,EIGHTEEN Coffee & Eatery,Restoran Asia,"Jl. Rusa No.46C, Maricaya, Kec. Makassar, Kota Makassar, Sulawesi Selatan 90142, Indonesia",Makassar,-5.15163,119.4216345,"RCXC+8M Maricaya, Kota Makassar, Sulawesi Selatan, Indonesia",4.6,487,+6282293251818,https://www.instagram.com/eighteen.eatery?igsh=MThxNTFxOTNidndkaw==,https://lh3.googleusercontent.com/gps-cs-s/AHRPTWn5iuEpO1IfHzpA4pRs0ZDEA0qyMLpgG3MtyCi-tF38goRjvICKzX1sUd_QGJBNzB689BGSZNjlnkex7UnyQLD1JthNsXfwUQ0FHPpYc73pGntcIzpsLJhxDIOlte-yHbWiJTpeJtrLdTkn=w408-h725-k-no,"Senin,08.00 hingga 22.30 | Selasa,08.00 hingga 22.30 | Rabu,08.00 hingga 22.30 | Kamis,08.00 hingga 22.30 | Jumat,08.00 hingga 22.30 | Sabtu,08.00 hingga 23.30 | Minggu,08.00 hingga 22.30",https://www.google.com/maps/place/EIGHTEEN+Coffee+%26+Eatery/data=!4m7!3m6!1s0x2dbee3d8c4ad8291:0x7ec5564f106218ac!8m2!3d-5.15163!4d119.4216345!16s%2Fg%2F11hsf5pfc3!19sChIJkYKtxNjjvi0RrBhiEE9WxX4,cafe Makassar
24,Red Corner Cafe,Kafe,"Jl. Yusuf Daeng Ngawing, Tidung, Kec. Rappocini, Kota Makassar, Sulawesi Selatan 90222, Indonesia",Makassar,-5.1660611,119.4359136,"RCMP+H9 Tidung, Kota Makassar, Sulawesi Selatan, Indonesia",4.4,1883,+6281342249966,,https://lh3.googleusercontent.com/gps-cs-s/AHRPTWlgxEDiWeXtoXhdn7HfavXo3N19sK_qm22Jn85PB4qyzBa6Q6Q0tLFPZrnYaz5NmLMmPs07ARRtMe1pVQPY_jsbuzW6MoebGBOCloeZ6NmQvslp0TUZi0UDIRnONx04ReGpruI=w426-h240-k-no,"Senin,08.00 hingga 00.00 | Selasa,08.00 hingga 00.00 | Rabu,08.00 hingga 00.00 | Kamis,08.00 hingga 00.00 | Jumat,08.00 hingga 00.00 | Sabtu,08.00 hingga 00.00 | Minggu,08.00 hingga 00.00",https://www.google.com/maps/place/Red+Corner+Cafe/data=!4m7!3m6!1s0x2dbee293a8a03b85:0x2693ca87ce6a070f!8m2!3d-5.1660611!4d119.4359136!16s%2Fg%2F11g8pwkh5t!19sChIJhTugqJPivi0RDwdqzofKkyY,cafe Makassar | kedai kopi Makassar | coffee shop Makassar
25,Paskop,Kedai Kopi,"Jl. Andi Djemma No.11B, Banta-Bantaeng, Kec. Rappocini, Kota Makassar, Sulawesi Selatan 90222, Indonesia",Makassar,-5.167445,119.431145,"RCMJ+2F Banta-Bantaeng, Kota Makassar, Sulawesi Selatan, Indonesia",4.6,636,+6285159557420,https://linktr.ee/Pasarkopi,https://lh3.googleusercontent.com/gps-cs-s/AHRPTWkA5s0BjLoE5TBKfF8egQ065Ecx198EaKDwag2f1lMbvA5CdoNHr3uE73PEJhWpbMrDY3q2bYW0mJHdcNvaheKHcF493svn1wdJKZrm21aD1GDO82k-4afJXHpxL9Hbyk-6FRE=w408-h408-k-no,"Senin,Buka 24 jam | Selasa,Buka 24 jam | Rabu,Buka 24 jam | Kamis,Buka 24 jam | Jumat,Buka 24 jam | Sabtu,Buka 24 jam | Minggu,Buka 24 jam",https://www.google.com/maps/place/Paskop/data=!4m7!3m6!1s0x2dbee32f22aeb5d3:0x9bff33639d4051ad!8m2!3d-5.167445!4d119.431145!16s%2Fg%2F11f77yn8hp!19sChIJ07WuIi_jvi0RrVFAnWMz_5s,cafe Makassar | kedai kopi Makassar | coffee shop Makassar
26,KopTu Authentic Makassar,Kedai Kopi,"Jl. Pandang Raya No.1, Paropo, Kec. Panakkukang, Kota Makassar, Sulawesi Selatan 90231, Indonesia",Makassar,-5.1585308,119.4523941,"RFR2+HX Paropo, Kota Makassar, Sulawesi Selatan, Indonesia",4.9,64,,,https://lh3.googleusercontent.com/gps-cs-s/AHRPTWmBaHwxMiHDY_rQHhnfeqSthIk_m8BJpvrgiPvE1y5CeZNw6CP3aPzBr-prNAiGHk9KZBCeHoHuI4u9u8o7HCElLUUrKwfUN5EGY1bnKG6cOkssrc32hLjUInVgp0IrKKFxoOVg=w408-h306-k-no,"Senin,09.00 hingga 00.00 | Selasa,09.00 hingga 00.00 | Rabu,09.00 hingga 00.00 | Kamis,09.00 hingga 00.00 | Jumat,09.00 hingga 00.00 | Sabtu,09.00 hingga 00.00 | Minggu,09.00 hingga 00.00",https://www.google.com/maps/place/KopTu+Authentic+Makassar/data=!4m7!3m6!1s0x2dbee33297a53029:0x1c851ce2994fa7c7!8m2!3d-5.1585308!4d119.4523941!16s%2Fg%2F11rvbmf3r1!19sChIJKTCllzLjvi0Rx6dPmeIchRw,cafe Makassar | kedai kopi Makassar
27,Kopi 2 SKS Makassar,Kedai Kopi,"Jalan Hertasning Utara II Blok F 28, Masale, Kec. Panakkukang, Kota Makassar, Sulawesi Selatan 90222, Indonesia",Makassar,-5.1611758,119.4404319,"RCQR+G5 Masale, Kota Makassar, Sulawesi Selatan, Indonesia",4.9,129,+6285341354449,https://kopi2sks.id/,https://lh3.googleusercontent.com/gps-cs-s/AHRPTWk2wS-YSFGkfqyDqdkOo2ica-3CaPXGXyUzhqXWBx3TvIZaSyPbTwHffohuon3-aRogOBo9luvnL4uD4V229xMgk3qIDmlmm3dEqms8S87QYj8vZoxFZeKBIYK5poYNEvkleAf1=w408-h342-k-no,"Senin,06.00 hingga 02.00 | Selasa,06.00 hingga 02.00 | Rabu,06.00 hingga 02.00 | Kamis,06.00 hingga 02.00 | Jumat,06.00 hingga 02.00 | Sabtu,06.00 hingga 02.00 | Minggu,06.00 hingga 02.00",https://www.google.com/maps/place/Kopi+2+SKS+Makassar/data=!4m7!3m6!1s0x2dbee3e7ab1839af:0xb3a22043a8280e7a!8m2!3d-5.1611758!4d119.4404319!16s%2Fg%2F11mhfp9sx8!19sChIJrzkYq-fjvi0Reg4oqEMgorM,cafe Makassar | kedai kopi Makassar | coffee shop Makassar
28,Arma Cafe,Kafe,"Jl. Andi Djemma No.55, Banta-Bantaeng, Kec. Rappocini, Kota Makassar, Sulawesi Selatan 90224, Indonesia",Makassar,-5.1637899,119.4235217,"RCPF+FC Banta-Bantaeng, Kota Makassar, Sulawesi Selatan, Indonesia",4.4,383,+6282193397878,,https://lh3.googleusercontent.com/gps-cs-s/AHRPTWl7dQzkzWDyWUaHA0eTVzJ0bxpnxlDhmrudV-xoSSkamaPScq3GcK-dvz7gM_vyq52MJ3Az2qrpfBx5XRuZwu8gm3ye-zqeaq-mifQDLyRbBNC4x6Q-A6zGxzsI1AbPd2W7pP4B=w408-h544-k-no,"Senin,08.00 hingga 02.00 | Selasa,08.00 hingga 02.00 | Rabu,08.00 hingga 04.00 | Kamis,08.00 hingga 02.00 | Jumat,08.00 hingga 02.00 | Sabtu,08.00 hingga 04.00 | Minggu,08.00 hingga 04.00",https://www.google.com/maps/place/Arma+Cafe/data=!4m7!3m6!1s0x2dbee39f75cba07f:0xb211e26af4e9f7f7!8m2!3d-5.1637899!4d119.4235217!16s%2Fg%2F11ssng1l4m!19sChIJf6DLdZ_jvi0R9_fp9GriEbI,cafe Makassar | coffee shop Makassar
29,Kopiriolo,Kedai Kopi,"Jl. Beruang No.19, Mamajang Luar, Kec. Mamajang, Kota Makassar, Sulawesi Selatan 90132, Indonesia",Makassar,-5.1568381,119.4200304,"RCVC+72 Mamajang Luar, Kota Makassar, Sulawesi Selatan, Indonesia",4.7,430,+624118051421,http://kopiriolo.id/,https://lh3.googleusercontent.com/gps-cs-s/AHRPTWn3FXex1EjkoZ2f3LcyExC8I7TVBa7fZQsVTf-NHTywvIu10UmQEMxX0W7WhEEcsf68F2RkD3-Bco8grf3y-2GXQhsQwJWuzVQ_J36gphZGJoJXOt81hG5FnzQV5LuaryF10XEROlGnGDEf=w408-h725-k-no,"Senin,07.00 hingga 23.00 | Selasa,07.00 hingga 23.00 | Rabu,07.00 hingga 23.00 | Kamis,07.00 hingga 23.00 | Jumat,07.00 hingga 23.00 | Sabtu,07.00 hingga 23.00 | Minggu,07.00 hingga 23.00",https://www.google.com/maps/place/Kopiriolo/data=!4m7!3m6!1s0x2dbee36ed8647147:0x5f734c14d379f030!8m2!3d-5.1568381!4d119.4200304!16s%2Fg%2F11rj64868j!19sChIJR3Fk2G7jvi0RMPB50xRMc18,cafe Makassar | kedai kopi Makassar
30,"Fore Coffee - Sultan Hasanuddin, Makassar",Kedai Kopi,"Jl. Sultan Hasanuddin No.53, Sawerigading, Kec. Ujung Pandang, Kota Makassar, Sulawesi Selatan 90112, Indonesia",Makassar,-5.140985,119.410828,"VC56+J8 Sawerigading, Kota Makassar, Sulawesi Selatan, Indonesia",4.4,400,+6281211118456,,https://lh3.googleusercontent.com/gps-cs-s/AHRPTWlb4n5CBCOtnGcBeZgP-8nGJn630mC7isF7TkD0iqDtl5jV6VJ04gEcJcI-BBgE5xpfKc5PrDdIxFZI6F3EXSi3WumIktmyp13UAPKEQ8rrGrE2ozNtON2l8OeOg5hN9aac1iBW=w408-h408-k-no,"Senin,08.00 hingga 22.00 | Selasa,08.00 hingga 22.00 | Rabu,08.00 hingga 22.00 | Kamis,08.00 hingga 22.00 | Jumat,08.00 hingga 23.00 | Sabtu,08.00 hingga 23.00 | Minggu,08.00 hingga 22.00","https://www.google.com/maps/place/Fore+Coffee+-+Sultan+Hasanuddin,+Makassar/data=!4m7!3m6!1s0x2dbf0341800a9fed:0xff94e33265358fdc!8m2!3d-5.140985!4d119.410828!16s%2Fg%2F11v5dl8p76!19sChIJ7Z8KgEEDvy0R3I81ZTLjlP8",cafe Makassar | coffee shop Makassar | coffee shop Makassar
31,VISITO COFFEE,Kafe,"Jl. Monumen Emmy Saelan No.3 no 26, Karunrung, Kec. Rappocini, Kota Makassar, Sumatera Selatan 90221, Indonesia",Makassar,-5.1757897,119.4456566,"RCFW+M7 Karunrung, Kota Makassar, Sulawesi Selatan, Indonesia",5,253,+6282219991465,https://www.instagram.com/visitocoffee.id?igsh=MTlqYWgzZGRycjhvMQ==,https://lh3.googleusercontent.com/gps-cs-s/AHRPTWm7J-d0NjEt5R5wii7diYcWdUchYAROMSbbnP-wHy--N-YXivVWCZOPTn9VWo1OyZZLRk_BSunPTqrGzweqgjyx31WEKNY2RVhC1AlRpW0cMO0ltbx38a4C2VU_XFRdzCyzz7U75wD3sZQ5=w408-h306-k-no,"Senin,09.00 hingga 02.00 | Selasa,09.00 hingga 02.00 | Rabu,09.00 hingga 02.00 | Kamis,09.00 hingga 02.00 | Jumat,09.00 hingga 02.00 | Sabtu,09.00 hingga 03.00 | Minggu,09.00 hingga 03.00",https://www.google.com/maps/place/VISITO+COFFEE/data=!4m7!3m6!1s0x2dbee3000e03248d:0x167fbb87f7b5e427!8m2!3d-5.1757897!4d119.4456566!16s%2Fg%2F11xdzk_p_2!19sChIJjSQDDgDjvi0RJ-S194e7fxY,cafe Makassar | coffee shop Makassar
32,Kaffeine Makassar,Kafe,"Jl. Dr. Sutomo No.35, Sawerigading, Kec. Ujung Pandang, Kota Makassar, Sulawesi Selatan 90115, Indonesia",Makassar,-5.1432426,119.4137776,"VC47+PG Sawerigading, Kota Makassar, Sulawesi Selatan, Indonesia",4.6,487,+6281244994491,,https://lh3.googleusercontent.com/gps-cs-s/AHRPTWnp2JDlqlkjktIKt8F0c8KbNbTljI0bIKnMjddN1h4_Xji11OVPCGDnHHxRnIKyJwLQEFkzj-Taj-3T4hwiIIt66BE6brx3NoJzsI5LStNTk6USP-OW52-_iJE21ND0GNj0slZemHenLts=w408-h543-k-no,"Senin,08.00 hingga 23.00 | Selasa,08.00 hingga 23.00 | Rabu,08.00 hingga 23.00 | Kamis,08.00 hingga 23.00 | Jumat,08.00 hingga 23.00 | Sabtu,08.00 hingga 00.00 | Minggu,08.00 hingga 23.00",https://www.google.com/maps/place/Kaffeine+Makassar/data=!4m7!3m6!1s0x2dbf1d7e2b758cdd:0xdad1f20afc7030ac!8m2!3d-5.1432426!4d119.4137776!16s%2Fg%2F11jvb_q0k1!19sChIJ3Yx1K34dvy0RrDBw_Ary0do,cafe Makassar | coffee shop Makassar
33,REAL CAFE,Kafe,"Jl. Skarda N.1 No.3 B, Karunrung, Kec. Rappocini, Kota Makassar, Sulawesi Selatan 90221, Indonesia",Makassar,-5.1756118,119.4440963,"RCFV+QJ Karunrung, Kota Makassar, Sulawesi Selatan, Indonesia",4.6,620,,,https://lh3.googleusercontent.com/gps-cs-s/AHRPTWknlZekC3ouFQQuETyUCdidNsvLlIkCOi-gOCxtKbMJjtWZWDW0lop1keRZuFxvebf0R0qgTGVMFoHo6FZOyBdHhq3diTk9a4phJVP1KRCdhASYOo0s8oM5CHxJqEf5d4W8uwBh=w408-h305-k-no,"Senin,09.00 hingga 23.00 | Selasa,09.00 hingga 23.00 | Rabu,09.00 hingga 23.00 | Kamis,09.00 hingga 23.00 | Jumat,09.00 hingga 23.00 | Sabtu,09.00 hingga 23.00 | Minggu,09.00 hingga 23.00",https://www.google.com/maps/place/REAL+CAFE/data=!4m7!3m6!1s0x2dbee2f4559059b7:0x126e695074332c82!8m2!3d-5.1756118!4d119.4440963!16s%2Fg%2F11b776hpk0!19sChIJt1mQVfTivi0RgiwzdFBpbhI,cafe Makassar | coffee shop Makassar
34,daun coffee,Kafe,"komp. Ruko Puri Mutiara, Jl. Monginsidi Baru No.1, Rappocini, Kec. Rappocini, Kota Makassar, Sulawesi Selatan 90222, Indonesia",Makassar,-5.1493706,119.4274645,"VC2G+7X Rappocini, Kota Makassar, Sulawesi Selatan, Indonesia",4.5,1020,+62411451451,,https://lh3.googleusercontent.com/gps-cs-s/AHRPTWmJ2aRfRlxjjKapGLMU_PcBPnLb6iXzWLDVL3nux69RsP2Tx3vbbo8f03Qc6GNIzS1obNPLpMAlm2HD3DvJBsvBLpzCx44UfjIf49GlbTgme8KnEFohgiUc9Ffzx7dKaIMH-7NH=w426-h240-k-no,"Senin,09.00 hingga 01.00 | Selasa,09.00 hingga 01.00 | Rabu,09.00 hingga 01.00 | Kamis,09.00 hingga 01.00 | Jumat,09.00 hingga 01.00 | Sabtu,09.00 hingga 01.00 | Minggu,09.00 hingga 01.00",https://www.google.com/maps/place/daun+coffee/data=!4m7!3m6!1s0x2dbee313d767c627:0xccd863a8cd6f7a25!8m2!3d-5.1493706!4d119.4274645!16s%2Fg%2F11j7jl9ngl!19sChIJJ8Zn1xPjvi0RJXpvzahj2Mw,cafe Makassar | coffee shop Makassar
35,PLAZGOZZ CAFE,Kafe,"Jl. Yusuf Daeng Ngawing No.7, Tidung, Kec. Rappocini, Kota Makassar, Sulawesi Selatan 90222, Indonesia",Makassar,-5.1668581,119.4418934,"RCMR+7Q Tidung, Kota Makassar, Sulawesi Selatan, Indonesia",4.6,428,+6281141402727,https://www.instagram.com/plazgozz_cafe?igsh=NGVhN2U2NjQ0Yg==,https://lh3.googleusercontent.com/gps-cs-s/AHRPTWnMdyihfQkIm3sn33deqCOv-VcQCElshc8rCDFfvrKN4hq7Jn_690eFJCMHhUgCUTIeQAl2zB_BZNYEAC4AbXCZShH3XvXrkFebjUH2DJJcLP6kooK1q-3WQuGaBgpZUmwLEbBF1A=w408-h306-k-no,"Senin,07.00 hingga 23.00 | Selasa,07.00 hingga 23.00 | Rabu,07.00 hingga 23.00 | Kamis,07.00 hingga 23.00 | Jumat,07.00 hingga 23.00 | Sabtu,07.00 hingga 23.00 | Minggu,07.00 hingga 23.00",https://www.google.com/maps/place/PLAZGOZZ+CAFE/data=!4m7!3m6!1s0x2dbee3fb9fe772c3:0x35876656a94eb83e!8m2!3d-5.1668581!4d119.4418934!16s%2Fg%2F11pzk8w8xh!19sChIJw3Lnn_vjvi0RPrhOqVZmhzU,cafe Makassar
36,Melos Coffee & Eatery,Kedai Kopi,"VC7M+PVW, Sinrijala, Kec. Panakkukang, Kota Makassar, Sulawesi Selatan 90232, Indonesia",Makassar,-5.1354544,119.434586,,4.3,315,+6282288881157,http://instagram.com/melos.coffee,https://lh3.googleusercontent.com/gps-cs-s/AHRPTWku0c23wRC03TSRYf6NQancnW_nGUuwXaRZvD63d5ufS_UfHzqYlRE0yy07mOJlMq_GCI9ovssTdD4t5K-E6xS0KqQU1VEO_LWIgVbd0t1hDmL-75UUsxYB3-zsLNSPKDvpcryaKEyhyp_5=w408-h725-k-no,"Senin,09.00 hingga 23.30 | Selasa,09.00 hingga 23.30 | Rabu,09.00 hingga 23.30 | Kamis,09.00 hingga 23.30 | Jumat,09.00 hingga 23.30 | Sabtu,09.00 hingga 23.30 | Minggu,09.00 hingga 23.30",https://www.google.com/maps/place/Melos+Coffee+%26+Eatery/data=!4m7!3m6!1s0x2dbefd737269bf67:0x7ba1cb8b42091d12!8m2!3d-5.1354544!4d119.434586!16s%2Fg%2F11ptn4r6p9!19sChIJZ79pcnP9vi0REh0JQovLoXs,cafe Makassar | coffee shop Makassar
37,Maka coffee,Kafe,"Jl. Perintis Kemerdekaan No.km.17, Pai, Kec. Biringkanaya, Kota Makassar, Sulawesi Selatan 90243, Indonesia",Makassar,-5.0893991,119.5172859,"WG68+6W Pai, Kota Makassar, Sulawesi Selatan, Indonesia",4.5,151,,,https://lh3.googleusercontent.com/gps-cs-s/AHRPTWnpY6WvHBXGHGPfH6p6oKSEFAFh3GzZEDjd_BPb9DfHLHHpFp5_Vg8KzgPPO2rrj_X78nnk_uMf-o4sI5FGAHeDUDoBscXzaBmryQKpOShcZ9BSPAh_UrPxJ9qlyA3R6pSRim5Qgf6wNKsf=w408-h725-k-no,"Senin,07.30 hingga 23.00 | Selasa,07.30 hingga 23.00 | Rabu,07.30 hingga 23.00 | Kamis,07.30 hingga 23.00 | Jumat,07.30 hingga 00.00 | Sabtu,07.30 hingga 00.00 | Minggu,07.30 hingga 00.00",https://www.google.com/maps/place/Maka+coffee/data=!4m7!3m6!1s0x2dbefb6eb5b5f285:0x78ca91d50cb15bf!8m2!3d-5.0893991!4d119.5172859!16s%2Fg%2F11m5lp26fg!19sChIJhfK1tW77vi0RvxXLUB2pjAc,cafe Makassar | kedai kopi Makassar
38,Kyouchii,Kafe,"INFORMA - LIVING PLAZA LATANETE KOTA MAKASSAR, Jl. Sungai Saddang Lama No.15, Pisang Sel., Kec. Ujung Pandang, Kota Makassar, Sulawesi Selatan 90141, Indonesia",Makassar,-5.1456699,119.4197769,"VC39+PW Pisang Sel., Kota Makassar, Sulawesi Selatan, Indonesia",4.8,2428,+624113616200,https://www.instagram.com/kyouchii?igsh=c3o2dGYwZ2lvMGd1,https://lh3.googleusercontent.com/gps-cs-s/AHRPTWntq-KBhNLRw-5p2yvErBWE2fquM1zVx0KOpqlHwjrsVjXhylQBRvmmdi5BXfZ489QeWUx-p4WN1CeaJnR9PShsZy0QwDhY7Mikag54AvEMQuEPCIwdFjpPBeQ8vTmTIAlJfwx0=w408-h408-k-no,"Senin,10.00 hingga 22.00 | Selasa,10.00 hingga 22.00 | Rabu,10.00 hingga 22.00 | Kamis,10.00 hingga 22.00 | Jumat,10.00 hingga 22.00 | Sabtu,10.00 hingga 22.00 | Minggu,10.00 hingga 22.00",https://www.google.com/maps/place/Kyouchii/data=!4m7!3m6!1s0x2dbee2aa440f4c51:0x35c3f84d5679f108!8m2!3d-5.1456699!4d119.4197769!16s%2Fg%2F11c5hj0vlg!19sChIJUUwPRKrivi0RCPF5Vk34wzU,cafe Makassar
39,KARMA Cafe & Lounge,Restoran,"RCQR+3WV, Jl. Letjen Hertasning, Masale, Kec. Panakkukang, Kota Makassar, Sulawesi Selatan 90222, Indonesia",Makassar,-5.162258,119.4422968,,4.5,392,+6281223334455,,https://lh3.googleusercontent.com/gps-cs-s/AHRPTWl7bJwBT5QNX5wOWNdyTo05bu-KPNn-cR8FQTVL6dEunczZDcGtzJKLjUC7CzCCikEBRCnXPVsbJW_q-XLdMfXYIMBD_4xzLlc8dS489yPRBIVYLvppgmC4yZIvF5WMmfKl87s5=w408-h544-k-no,"Senin,06.22 hingga 17.25 | Selasa,06.25 hingga 17.21 | Rabu,06.25 hingga 17.20 | Kamis,11.00 hingga 01.00 | Jumat,06.24 hingga 14.29 | Sabtu,11.00 hingga 02.00 | Minggu,07.40 hingga 17.03",https://www.google.com/maps/place/KARMA+Cafe+%26+Lounge/data=!4m7!3m6!1s0x2dbee3fd4cc93b97:0x748a314cb71a5dee!8m2!3d-5.162258!4d119.4422968!16s%2Fg%2F11mvm3gmbh!19sChIJlzvJTP3jvi0R7l0at0wxinQ,cafe Makassar
40,Cafe De Capitol,Kafe,"Samping kopi kulo, Jalan Doktor Leimena.10 B Tello Baru, Abdesir, Antang, Kec. Panakkukang, Kota Makassar, Sulawesi Selatan 90233, Indonesia",Makassar,-5.1493798,119.4751936,"VF2G+63 Antang, Kota Makassar, Sulawesi Selatan, Indonesia",4.5,326,+6285398338697,,https://lh3.googleusercontent.com/gps-cs-s/AHRPTWkWMg1g4LPdB9ynBJtpB8MIgGg7arbO0z2Z_H-WxdgpKZWAtGhG2A8dDjYob693F_UDCF4fu5lEzcTtlDuWR3wx0S2JW9zPJC29deGFLnj8ehBBNhbdzd23sjyPhk8ZrsommECqJg=w427-h240-k-no,"Senin,10.00 hingga 23.00 | Selasa,10.00 hingga 23.00 | Rabu,10.00 hingga 23.00 | Kamis,10.00 hingga 23.00 | Jumat,10.00 hingga 23.00 | Sabtu,10.00 hingga 23.00 | Minggu,10.00 hingga 23.00",https://www.google.com/maps/place/Cafe+De+Capitol/data=!4m7!3m6!1s0x2dbee3df4f4ef4d3:0x157ec3f926d4e516!8m2!3d-5.1493798!4d119.4751936!16s%2Fg%2F11j463fshl!19sChIJ0_ROT9_jvi0RFuXUJvnDfhU,cafe Makassar
41,MyCoffee,Kedai Kopi,"Jl. Sultan Hasanuddin No.1, Baru, Kec. Ujung Pandang, Kota Makassar, Sulawesi Selatan 90115, Indonesia",Makassar,-5.136236,119.4076163,"VC75+G2 Baru, Kota Makassar, Sulawesi Selatan, Indonesia",4.7,667,+6285102858456,,https://lh3.googleusercontent.com/gps-cs-s/AHRPTWmSii7ZaOehztZQl7Ov9KUbtmhcb8_-WCYBh8zD-X1DRBcA0xzPLaS6013RGHpcgizzicS9ItHK34K6_EM8si19L7JEo9Xd-Ut5H3cPSJUVV8duOZfGpxvUvaAqJl8YVAM7dZSetg12DQ=w408-h724-k-no,"Senin,07.00 hingga 23.00 | Selasa,07.00 hingga 23.00 | Rabu,07.00 hingga 23.00 | Kamis,07.00 hingga 23.00 | Jumat,07.00 hingga 23.00 | Sabtu,07.00 hingga 23.00 | Minggu,07.00 hingga 23.00",https://www.google.com/maps/place/MyCoffee/data=!4m7!3m6!1s0x2dbf02b1ee49f125:0xf07d008df6460a46!8m2!3d-5.136236!4d119.4076163!16s%2Fg%2F11cn7ssqq0!19sChIJJfFJ7rECvy0RRgpG9o0AffA,cafe Makassar | kedai kopi Makassar | coffee shop Makassar
42,Nucifera Cafe & Pastry,Kafe,"Jl. Serigala No.10-12, Mamajang Dalam, Kec. Mamajang, Kota Makassar, Sulawesi Selatan 90132, Indonesia",Makassar,-5.1568909,119.4218296,"RCVC+6P Mamajang Dalam, Kota Makassar, Sulawesi Selatan, Indonesia",4.5,316,+628114266888,https://www.instagram.com/nuciferacafe/,https://lh3.googleusercontent.com/gps-cs-s/AHRPTWnW4aLaA_JYV2hcFBZPBIdavyHHro0NpoTWqz0exfAgj6nl_B1Ff4MlLhB0R7cV6JZ6bEcDuoCqwy1QVHSaXV73jFmEADhJbIJiV8MGVMpaUU1QN8yhDJIltLd-Oj7D8f2repDaPqRGIvY=w408-h544-k-no,"Senin,08.00 hingga 23.00 | Selasa,08.00 hingga 23.00 | Rabu,08.00 hingga 23.00 | Kamis,08.00 hingga 23.00 | Jumat,08.00 hingga 23.00 | Sabtu,08.00 hingga 23.00 | Minggu,08.00 hingga 23.00",https://www.google.com/maps/place/Nucifera+Cafe+%26+Pastry/data=!4m7!3m6!1s0x2dbee33dff3a6fcf:0x36abdfe9e12a7c33!8m2!3d-5.1568909!4d119.4218296!16s%2Fg%2F11t54qgt2f!19sChIJz286_z3jvi0RM3wq4enfqzY,cafe Makassar | coffee shop Makassar
43,Heavan With You,Kafe,"Jl. Ks. Tubun No.3, Kp. Buyang, Kec. Mariso, Kota Makassar, Sulawesi Selatan 90121, Indonesia",Makassar,-5.1614779,119.4115125,"RCQ6+CJ Kp. Buyang, Kota Makassar, Sulawesi Selatan, Indonesia",4.6,480,+628114647888,,https://lh3.googleusercontent.com/gps-cs-s/AHRPTWmYGEehU9oRjJT9M-0Ak9P3khKlFgSXYaFeyIwv2TGLuNCBPjPYE7v-BSkciuFwYq98QM8UqX0oPk44_btXdLJcaaodXKCMYvwd8eq_V3S6syMjPUtCnfuClHScEbxn2Jte84Ok=w408-h544-k-no,"Senin,09.00 hingga 02.00 | Selasa,09.00 hingga 02.00 | Rabu,09.00 hingga 02.00 | Kamis,09.00 hingga 02.00 | Jumat,09.00 hingga 02.00 | Sabtu,09.00 hingga 02.00 | Minggu,09.00 hingga 02.00",https://www.google.com/maps/place/Heavan+With+You/data=!4m7!3m6!1s0x2dbf1dbd4cce00ed:0x23f21b1ae1f5e77f!8m2!3d-5.1614779!4d119.4115125!16s%2Fg%2F11v0xsdy9r!19sChIJ7QDOTL0dvy0Rf-f14Rob8iM,cafe Makassar | coffee shop Makassar
44,TOKIO COFFEE LAB.,Kedai Kopi,"Jl. Durian No.33, Losari, Kec. Ujung Pandang, Kota Makassar, Sulawesi Selatan 90113, Indonesia",Makassar,-5.1477248,119.4097992,"VC25+WW Losari, Kota Makassar, Sulawesi Selatan, Indonesia",4.6,191,+628114110135,https://www.instagram.com/tokiocoffeelab?igsh=Nzk1MHRweTA3aXFv,https://lh3.googleusercontent.com/gps-cs-s/AHRPTWkdkQoTR2OGKDNPuIIY16cymAO1j3rq4kQImUbICVp5cvCUo27N7vtJmYc931yrgQM2zHA43JeVByuL2M4XYgccpgtwsUxBCKlZHyf7ppi4sJVvRELuhl5ArCpj0VW7MMExQ_T28SVkO2c=w426-h240-k-no,"Senin,07.00 hingga 22.00 | Selasa,07.00 hingga 22.00 | Rabu,07.00 hingga 22.00 | Kamis,07.00 hingga 22.00 | Jumat,07.00 hingga 00.00 | Sabtu,07.00 hingga 00.00 | Minggu,07.00 hingga 00.00",https://www.google.com/maps/place/TOKIO+COFFEE+LAB./data=!4m7!3m6!1s0x2dbf1d4e8edcc16f:0x6624e878498791fd!8m2!3d-5.1477248!4d119.4097992!16s%2Fg%2F11h3ddsblb!19sChIJb8Hcjk4dvy0R_ZGHSXjoJGY,cafe Makassar | coffee shop Makassar
45,Numericca 29,Kafe,"Jl. Botolempangan No.29, Sawerigading, Kec. Makassar, Kota Makassar, Sulawesi Selatan 90115, Indonesia",Makassar,-5.1412339,119.4119537,"VC56+GQ Sawerigading, Kota Makassar, Sulawesi Selatan, Indonesia",4.5,2418,+624113611938,https://www.instagram.com/numericca29/?hl=en,https://lh3.googleusercontent.com/gps-cs-s/AHRPTWnIgpSY6xaubucvFUwLpm-zNsIac_ypBSNKZEn4Z94PcI6GegVM4WPk8A4ih-XZrzPxANZ8YoklwWDwRW4_SohivZ0NwGOZIm_selt0ElNwSbH8cO5-TLbbpPbGKbGBkX1cBlCS=w408-h251-k-no,"Senin,10.15 hingga 22.15 | Selasa,10.15 hingga 22.15 | Rabu,10.15 hingga 22.15 | Kamis,10.15 hingga 22.15 | Jumat,10.15 hingga 22.15 | Sabtu,10.15 hingga 23.15 | Minggu,10.15 hingga 22.15",https://www.google.com/maps/place/Numericca+29/data=!4m7!3m6!1s0x2dbf02ac9d03277d:0x4ae9f5f67d7df0be!8m2!3d-5.1412339!4d119.4119537!16s%2Fg%2F11b778b7fd!19sChIJfScDnawCvy0RvvB9ffb16Uo,cafe Makassar | kedai kopi Makassar
46,Eksposed 1.0 Coffee & Eatery,Kedai Kopi,"Jl. Singa No.11, Bonto Biraeng, Kec. Mamajang, Kota Makassar, Sulawesi Selatan 90132, Indonesia",Makassar,-5.1581185,119.4177902,"RCR9+Q4 Bonto Biraeng, Kota Makassar, Sulawesi Selatan, Indonesia",4.4,339,,,https://lh3.googleusercontent.com/gps-cs-s/AHRPTWk7p-oJi09BO48DAgtslmbnpB9QVjwoFmB9kaAj0gGlcGVpJJVv2zJ-oW04rWQZE-cnDAKZTeqptv9lP09wY010ImW9Eg7iSDLDn3eXoolt31U5wzsoWkiG5oPKjcXMMNlo0ajN=w408-h408-k-no,"Senin,10.00 hingga 23.00 | Selasa,10.00 hingga 23.00 | Rabu,10.00 hingga 23.00 | Kamis,10.00 hingga 23.00 | Jumat,10.00 hingga 23.00 | Sabtu,10.00 hingga 23.00 | Minggu,10.00 hingga 23.00",https://www.google.com/maps/place/Eksposed+1.0+Coffee+%26+Eatery/data=!4m7!3m6!1s0x2dbf1d200b3db7c1:0xc3518dbcca7c8a4!8m2!3d-5.1581185!4d119.4177902!16s%2Fg%2F11j7hqvyxq!19sChIJwbc9CyAdvy0RpMinzNsYNQw,cafe Makassar | coffee shop Makassar
47,Goedang Popsa,Kafe,"Jl. Nikel Raya, Balla Parang, Kec. Rappocini, Kota Makassar, Sulawesi Selatan 90231, Indonesia",Makassar,-5.1332984,119.4044623,"VC83+MQ Balla Parang, Kota Makassar, Sulawesi Selatan, Indonesia",4.4,1158,,,https://lh3.googleusercontent.com/gps-cs-s/AHRPTWlS7Fcqlng3FexLDouU-eBpk5s9DvUDPyfJyAKRpdchNzJoftQ1HWbgG2Rc1ufzg8G26Sy_oJPm74oeM4PLd4WRGIgejgxSs2KETpHuatq9ciynsNW1ut-HbIKQjn25Sf1RYa6J4A=w426-h240-k-no,"Senin,10.00 hingga 01.00 | Selasa,10.00 hingga 01.00 | Rabu,10.00 hingga 01.00 | Kamis,10.00 hingga 01.00 | Jumat,10.00 hingga 01.00 | Sabtu,10.00 hingga 01.00 | Minggu,10.00 hingga 01.00",https://www.google.com/maps/place/Goedang+Popsa/data=!4m7!3m6!1s0x2dbf02ba9c8dd6f9:0x3efb6da888cb3315!8m2!3d-5.1332984!4d119.4044623!16s%2Fg%2F11c6lxrfv8!19sChIJ-daNnLoCvy0RFTPLiKht-z4,cafe Makassar
48,La Buana Cafe & Resto,Kafe,"Jl. Urip Sumoharjo No.60, Maccini, Kec. Makassar, Kota Makassar, Sulawesi Selatan 90232, Indonesia",Makassar,-5.1352819,119.4327144,"VC7M+V3 Maccini, Kota Makassar, Sulawesi Selatan, Indonesia",4.1,1093,,,https://lh3.googleusercontent.com/gps-cs-s/AHRPTWkNY4flNqQyEnPowVAxKvNuT8ETFqLY-GvFGVniQIM-pEiqqpe7BH6VFjkwoL-jKnW5yB9mCY2qirO5_1qutJ_bYdXPh9j92i9VEq0HLK4MNgFMowlfetwkXh6dGQ_24GiCb9DUs-CBaI89=w408-h301-k-no,"Senin,10.30 hingga 22.00 | Selasa,10.30 hingga 22.00 | Rabu,10.30 hingga 22.00 | Kamis,10.00 hingga 22.00 | Jumat,10.30 hingga 22.00 | Sabtu,10.30 hingga 22.00 | Minggu,10.30 hingga 22.00",https://www.google.com/maps/place/La+Buana+Cafe+%26+Resto/data=!4m7!3m6!1s0x2dbefccbe9bd4d41:0x6becb61c4f1a47b!8m2!3d-5.1352819!4d119.4327144!16s%2Fg%2F1pztfywcr!19sChIJQU296cv8vi0Re6TxxGHLvgY,cafe Makassar | coffee shop Makassar
49,Double Shot Cafe,Kedai Kopi,"Jl. Bali No.6, Pattunuang, Kec. Wajo, Kota Makassar, Sulawesi Selatan 90171, Indonesia",Makassar,-5.1299723,119.4118201,"VCC6+2P Pattunuang, Kota Makassar, Sulawesi Selatan, Indonesia",4.7,575,+628990628553,http://www.facebook.com/doubleshotmks,https://lh3.googleusercontent.com/gps-cs-s/AHRPTWliFJeyjNxMuZnPq-WUOilP2zcmp5rWoGMT5RJohwySq7FDY_4AKfFxvJT9iU1tfxcXYT2KGEwPGamgGZYrx1EVRYCrbZhhtVTdrpXJzHWJIhabLI-q1LoZRaZ9ZtN-6wcpaxZp_VwhgII=w408-h544-k-no,"Senin,09.00 hingga 22.00 | Selasa,09.00 hingga 22.00 | Rabu,09.00 hingga 22.00 | Kamis,09.00 hingga 22.00 | Jumat,09.00 hingga 22.00 | Sabtu,09.00 hingga 22.00 | Minggu,09.00 hingga 22.00",https://www.google.com/maps/place/Double+Shot+Cafe/data=!4m7!3m6!1s0x2dbf02a41ecf855f:0x4e2327e7c34f3275!8m2!3d-5.1299723!4d119.4118201!16s%2Fg%2F11b76tw80h!19sChIJX4XPHqQCvy0RdTJPw-cnI04,cafe Makassar | warkop Makassar | kedai kopi Makassar | coffee shop Makassar
50,Banua Coffee,Kedai Kopi,"Jl. Biring Romang Lorong 6 No.12, Kapasa, Kec. Tamalanrea, Kota Makassar, Sulawesi Selatan 90235, Indonesia",Makassar,-5.1207812,119.5024092,"VGH2+MX Kapasa, Kota Makassar, Sulawesi Selatan, Indonesia",4.7,142,+628983291989,https://instagram.com/banuacoffee_?igshid=1ts3xe93aa1jj,https://lh3.googleusercontent.com/gps-cs-s/AHRPTWlLPJphXetb-3U_S2iOh9fWJ6oCxormkh4HAiyWonqrHNc8Zqv-3aXWz2IBE-M9DJsZr6NAtHoxANmfopNdmMRnD-CoxCFDhXlwYAsyZQR21m1NkiO1xwOktZyV1C0lDsdQQQuLGQ=w408-h544-k-no,"Senin,08.00 hingga 22.00 | Selasa,08.00 hingga 22.00 | Rabu,08.00 hingga 22.00 | Kamis,08.00 hingga 22.00 | Jumat,08.00 hingga 23.00 | Sabtu,08.00 hingga 23.00 | Minggu,08.00 hingga 23.00",https://www.google.com/maps/place/Banua+Coffee/data=!4m7!3m6!1s0x2dbefd3133455b9d:0xc4253006438f200d!8m2!3d-5.1207812!4d119.5024092!16s%2Fg%2F11ngkbtyg9!19sChIJnVtFMzH9vi0RDSCPQwYwJcQ,cafe Makassar | coffee shop Makassar
51,Toarco Toraja Coffee,Kafe,"Jl. Gunung Latimojong No.105, Mardekaya Utara, Kec. Makassar, Kota Makassar, Sulawesi Selatan 90151, Indonesia",Makassar,-5.1409344,119.4212115,"VC5C+JF Mardekaya Utara, Kota Makassar, Sulawesi Selatan, Indonesia",4.6,1181,+624113631950,,https://lh3.googleusercontent.com/gps-cs-s/AHRPTWnXEY5x5M899oXh7Asu4RgfI_TmVPZnPq87Zb2nGIZN31aQfEaw-t6I76CO_InybnjpKddKevYyu0x_y4QLH9AO3Aihfsn1XmyvR6KAa1KUOQVCrODIpLnCLcrIXCkONRj1LKMqYA=w408-h306-k-no,"Senin,09.00 hingga 22.00 | Selasa,09.00 hingga 22.00 | Rabu,09.00 hingga 22.00 | Kamis,09.00 hingga 22.00 | Jumat,09.00 hingga 22.00 | Sabtu,09.00 hingga 22.00 | Minggu,09.00 hingga 22.00",https://www.google.com/maps/place/Toarco+Toraja+Coffee/data=!4m7!3m6!1s0x2dbefd54e41d915b:0x720511cf0e10ed40!8m2!3d-5.1409344!4d119.4212115!16s%2Fg%2F11b77ktxp9!19sChIJW5Ed5FT9vi0RQO0QDs8RBXI,cafe Makassar | kedai kopi Makassar | coffee shop Makassar
52,Cafe Rustic,Kedai Kopi,"RFQ3+4J9, Jl. Toddopuli Raya Timur, Paropo, Kec. Panakkukang, Kota Makassar, Sulawesi Selatan 90231, Indonesia",Makassar,-5.1622092,119.4541098,,4.5,129,,https://instagram.com/rusticcafenbar?igshid=ltof047a9ka8,https://lh3.googleusercontent.com/gps-cs-s/AHRPTWnp04eCOUbspEXuz3EUpYnyTmqqWM53rDNe1NQ99uSzjwz3ctRZ0iUxW2bPinI7CJ1yOz52I3QRibgk9yGLP4Z0WvuG4Xlt3SLJEHW1oNsQW_DQQxJHN2tHV-R5tArpLp5I0ao=w408-h306-k-no,"Senin,Buka 24 jam | Selasa,Buka 24 jam | Rabu,Buka 24 jam | Kamis,Buka 24 jam | Jumat,Buka 24 jam | Sabtu,Buka 24 jam | Minggu,Buka 24 jam",https://www.google.com/maps/place/Cafe+Rustic/data=!4m7!3m6!1s0x2dbee3091c946677:0xffdfaac3ba4e7670!8m2!3d-5.1622092!4d119.4541098!16s%2Fg%2F11r4lvzllq!19sChIJd2aUHAnjvi0RcHZOusOq3_8,cafe Makassar | coffee shop Makassar
53,AnHour Coffee House,Kafe,"Jl. Monumen Emmy Saelan No.15, Tidung, Kec. Rappocini, Kota Makassar, Sulawesi Selatan 90222, Indonesia",Makassar,-5.1741653,119.4420203,"RCGR+8R Tidung, Kota Makassar, Sulawesi Selatan, Indonesia",4.6,114,+6281119255556,,https://lh3.googleusercontent.com/gps-cs-s/AHRPTWkTsCchxhMfE0S8iEbf6qaQoHEc9Y--N4iGsGMywg559_AJNDyGvPgjYDAACBHhocvrNIrXGVuSrtgHdkGvz25F2esCgFqBxkf9H9fG5OoUkNJgxU-9FfDssZPJ9iIiZQ7T5XyE=w408-h541-k-no,"Senin,10.00 hingga 23.00 | Selasa,10.00 hingga 23.00 | Rabu,10.00 hingga 23.00 | Kamis,10.00 hingga 23.00 | Jumat,10.00 hingga 23.00 | Sabtu,10.00 hingga 23.00 | Minggu,10.00 hingga 23.00",https://www.google.com/maps/place/AnHour+Coffee+House/data=!4m7!3m6!1s0x2dbee3b9cf28a8b9:0x4383bea297aa81ab!8m2!3d-5.1741653!4d119.4420203!16s%2Fg%2F11rptn24g3!19sChIJuagoz7njvi0Rq4Gql6K-g0M,cafe Makassar
54,CAFE DOMINO MAKASSAR,Kedai Kopi,"Jl. Inspeksi Pam No.139-140, Batua, Kec. Manggala, Kota Makassar, Sulawesi Selatan 90233, Indonesia",Makassar,-5.1511068,119.4769739,"RFXG+HQ Batua, Kota Makassar, Sulawesi Selatan, Indonesia",4.8,62,+62882020875222,https://cafedomino01.wixsite.com/mysite,https://lh3.googleusercontent.com/gps-cs-s/AHRPTWnn9-9yTaBqGtW4i7n1gEDYZcIoFhbXX5tnmron7ooO_srKbewKh5U43nZ0OOHHq0x3fOOdPZaU9x1sWssER-4SUBqwmhjlvi49_zJa6PlqC9YWgKVnjB_JTcPvm-p1m_sArK2n=w408-h306-k-no,"Senin,09.00 hingga 23.00 | Selasa,09.00 hingga 23.00 | Rabu,09.00 hingga 23.00 | Kamis,09.00 hingga 23.00 | Jumat,09.00 hingga 23.00 | Sabtu,09.00 hingga 23.30 | Minggu,09.00 hingga 23.00",https://www.google.com/maps/place/CAFE+DOMINO+MAKASSAR/data=!4m7!3m6!1s0x2dbee3cf84da9e13:0xc1a6c3689d8b440!8m2!3d-5.1511068!4d119.4769739!16s%2Fg%2F11pz01gzkt!19sChIJE57ahM_jvi0RQLTYiTZsGgw,cafe Makassar | kedai kopi Makassar | coffee shop Makassar
55,Pyur For You Coffee,Kedai Kopi,"Jl. Onta Baru No.66, Mandala, Kec. Mamajang, Kota Makassar, Sulawesi Selatan 90223, Indonesia",Makassar,-5.1564371,119.4226852,"RCVF+C3 Mandala, Kota Makassar, Sulawesi Selatan, Indonesia",4.7,70,+628114615544,,https://lh3.googleusercontent.com/gps-cs-s/AHRPTWlVMbFgKzHZNG3ejqBVhub5G92jVGjhnqClWhDzIIO1Z8ycUkABTbYMDUfD5zwS0gAl-Acpr6LdY4P25hUolosrdxtIeKTp6NiaEw_o1AhdlfAGXyYq_OfJN2nDLnMGE2R-XGfmYmRyJ4Q=w408-h544-k-no,"Senin,08.00 hingga 00.00 | Selasa,08.00 hingga 00.00 | Rabu,08.00 hingga 00.00 | Kamis,08.00 hingga 00.00 | Jumat,08.00 hingga 00.00 | Sabtu,08.00 hingga 00.00 | Minggu,08.00 hingga 00.00",https://www.google.com/maps/place/Pyur+For+You+Coffee/data=!4m7!3m6!1s0x2dbee3564120ce1f:0xa5db8244d2bb1fc9!8m2!3d-5.1564371!4d119.4226852!16s%2Fg%2F11rhqk4nvq!19sChIJH84gQVbjvi0RyR-70kSC26U,cafe Makassar | coffee shop Makassar
56,The Lokal Makassar,Restoran,"Jl. Kijang No.38, Maricaya, Kec. Makassar, Kota Makassar, Sulawesi Selatan 90142, Indonesia",Makassar,-5.1499123,119.4196565,"VC29+2V Maricaya, Kota Makassar, Sulawesi Selatan, Indonesia",4.3,229,+6282188010160,https://r.grab.com/g/2-1-6-C36XNZDHN7EELE,https://lh3.googleusercontent.com/gps-cs-s/AHRPTWm1APkaKcVmUbi4x0ZksSH0u_G-C5GWse2SuIZen2RNyIxxoIxDuj3PcjpFjk8QROtXqvTR6dEpxrhRmk_iD2ui8iYvcu6EJp4Gew120PAbfHhp_N-ex1My5Hb0nwDjUj_LV5HY=w408-h544-k-no,"Senin,10.00 hingga 22.00 | Selasa,10.00 hingga 22.00 | Rabu,10.00 hingga 22.00 | Kamis,10.00 hingga 22.00 | Jumat,10.00 hingga 22.00 | Sabtu,10.00 hingga 23.00 | Minggu,10.00 hingga 22.00",https://www.google.com/maps/place/The+Lokal+Makassar/data=!4m7!3m6!1s0x2dbee39b20faea41:0xb2af9ae9feacce37!8m2!3d-5.1499123!4d119.4196565!16s%2Fg%2F11s9ck0m3n!19sChIJQer6IJvjvi0RN86s_umar7I,cafe Makassar
57,KOPITIAM MAKASSAR - HERTASNING,Rumah Makan,"Jl. Letjen Hertasning No.49, Masale, Kec. Panakkukang, Kota Makassar, Sulawesi Selatan 90231, Indonesia",Makassar,-5.162352,119.4433301,"RCQV+38 Masale, Kota Makassar, Sulawesi Selatan, Indonesia",4.5,961,+62811415699,https://www.instagram.com/kopitiam.mks/?hl=id,https://lh3.googleusercontent.com/gps-cs-s/AHRPTWkWrS6kAQXadsQ8LutN_STonv-vLuwqQDxe6AEloxMbFFyxp1NCyWgKwPSj8LjVB8rcEAGqIpegHQoiwc8QSKgs3m_SrJr1h1fP2z4vn4QVhESMxa9gy4F7T_VjbJwrfkI897Wv=w408-h408-k-no,"Senin,07.00 hingga 23.00 | Selasa,07.00 hingga 23.00 | Rabu,07.00 hingga 23.00 | Kamis,07.00 hingga 23.00 | Jumat,07.00 hingga 23.00 | Sabtu,07.00 hingga 23.00 | Minggu,07.00 hingga 23.00",https://www.google.com/maps/place/KOPITIAM+MAKASSAR+-+HERTASNING/data=!4m7!3m6!1s0x2dbee3353a5c5e87:0xff0b0a7c6ffa3ef6!8m2!3d-5.162352!4d119.4433301!16s%2Fg%2F11tjmlckj0!19sChIJh15cOjXjvi0R9j76b3wKC_8,cafe Makassar | warkop Makassar | coffee shop Makassar
58,KOPITEORI,Kedai Kopi,"Jl. Beruang No.20, Bonto Biraeng, Kec. Mamajang, Kota Makassar, Sulawesi Selatan 90132, Indonesia",Makassar,-5.1572607,119.4197325,"RCV9+3V Bonto Biraeng, Kota Makassar, Sulawesi Selatan, Indonesia",4.6,1616,+6281150202020,https://www.kopiteori.id/,https://lh3.googleusercontent.com/gps-cs-s/AHRPTWlO3REaMF5jY3rpbRuCruYVNFelq0MWeJPZ7CJPdutTNkJrg27i7CcoLZmqMC4_mrBduuM0bZeIIsR_hpkGc7oe0v3rdZ6pNkrrxKZ4TkHup86v5KE1L7sRDehOTZdCbOiUYFSjAA=w408-h272-k-no,"Senin,07.00 hingga 22.00 | Selasa,07.00 hingga 22.00 | Rabu,07.00 hingga 22.00 | Kamis,07.00 hingga 22.00 | Jumat,07.00 hingga 22.00 | Sabtu,07.00 hingga 22.00 | Minggu,07.00 hingga 22.00",https://www.google.com/maps/place/KOPITEORI/data=!4m7!3m6!1s0x2dbee2a067f42bc5:0xc50608f3407ed8e0!8m2!3d-5.1572607!4d119.4197325!16s%2Fg%2F11b8d3x83w!19sChIJxSv0Z6Divi0R4Nh-QPMIBsU,cafe Makassar | kedai kopi Makassar | coffee shop Makassar
59,Black Canyon Coffee,Kafe,"Jl. Letjen Hertasning No.38, Tidung, Kec. Rappocini, Kota Makassar, Sulawesi Selatan 90222, Indonesia",Makassar,-5.1626063,119.441512,"RCPR+XJ Tidung, Kota Makassar, Sulawesi Selatan, Indonesia",4.5,1607,+62411883391,,https://lh3.googleusercontent.com/gps-cs-s/AHRPTWmy_PflXJonrxq7NjfuEj8h_kpgzMrUHk45pdgUwKejc-_nxaSsvtDmsldc0EGgqJVzCrKRkC0Nj8ar9qrD3CZ452WIfx35lM4rMGduTOHtQ-KDNzT_-l8ppZrdBdlpBWi67A9WHA=w408-h256-k-no,"Senin,10.00 hingga 22.00 | Selasa,10.00 hingga 22.00 | Rabu,10.00 hingga 22.00 | Kamis,10.00 hingga 22.00 | Jumat,10.00 hingga 22.00 | Sabtu,10.00 hingga 22.00 | Minggu,10.00 hingga 22.00",https://www.google.com/maps/place/Black+Canyon+Coffee/data=!4m7!3m6!1s0x2dbee2eb32015267:0xebb05b88dfe8c4b4!8m2!3d-5.1626063!4d119.441512!16s%2Fg%2F11f158ly_1!19sChIJZ1IBMuvivi0RtMTo34hbsOs,cafe Makassar | coffee shop Makassar
60,Sunday coffee makassar,Kafe,"VFFQ+FCR, Jl. Sahabat Raya, Tamalanrea Indah, Kec. Tamalanrea, Kota Makassar, Sulawesi Selatan 90245, Indonesia",Makassar,-5.1262648,119.4885304,,4.8,21,,,https://lh3.googleusercontent.com/gps-cs-s/AHRPTWnp5bJvIBvN1d6kOtY4AQuQt-FtYWY_4Qoh-UbKQIbn9zoG3x_mNGcrBhCxiSWUjPYYiO9eTnFGXaCQC-JXfHDLfZ5jk3sLF_6jfY8Fn5yAmXc5mFzWcWD_xSDt1JfbCJMnVTu8yw=w408-h789-k-no,"Senin,09.00 hingga 00.00 | Selasa,09.00 hingga 00.00 | Rabu,09.00 hingga 00.00 | Kamis,09.00 hingga 00.00 | Jumat,09.00 hingga 00.00 | Sabtu,09.00 hingga 00.00 | Minggu,09.00 hingga 00.00",https://www.google.com/maps/place/Sunday+coffee+makassar/data=!4m7!3m6!1s0x2dbefd1d844861f3:0x53da70b43c79e5fb!8m2!3d-5.1262648!4d119.4885304!16s%2Fg%2F11ft1t563z!19sChIJ82FIhB39vi0R--V5PLRw2lM,cafe Makassar
61,SOHIB,Restoran,"Jl. Veteran Selatan No.301, Mamajang Dalam, Kec. Mamajang, Kota Makassar, Sulawesi Selatan 90135, Indonesia",Makassar,-5.1593545,119.4229153,"RCRF+75 Mamajang Dalam, Kota Makassar, Sulawesi Selatan, Indonesia",4.6,507,+6282291190306,https://instagram.com/warungkopisohib?utm_medium=copy_link,https://lh3.googleusercontent.com/gps-cs-s/AHRPTWngmKQQk4p_YmEkMiXlJMOC2R0W17pgJqptckoWlyuB7c8bOibDDfS_UFbFGes_vNVO6xe0x4_0PFPxcbOvYrxEVulLemkhpaG39sMfNwo0N_enD5V-P26rqA3lZFAa4Q3U5-U1uw=w408-h272-k-no,"Senin,09.00 hingga 23.00 | Selasa,09.00 hingga 23.00 | Rabu,09.00 hingga 23.00 | Kamis,09.00 hingga 23.00 | Jumat,09.00 hingga 23.00 | Sabtu,07.00 hingga 00.00 | Minggu,07.00 hingga 00.00",https://www.google.com/maps/place/SOHIB/data=!4m7!3m6!1s0x2dbee34dfba9a58f:0x78ff9f6104e73497!8m2!3d-5.1593545!4d119.4229153!16s%2Fg%2F11j319y2q0!19sChIJj6Wp-03jvi0RlzTnBGGf_3g,cafe Makassar
62,Kahava Coffee Makassar,Kafe,"Jl. Monumen Emmy Saelan, Tidung, Kec. Rappocini, Kota Makassar, Sulawesi Selatan 90222, Indonesia",Makassar,-5.1733463,119.44193,"RCGR+MQ Tidung, Kota Makassar, Sulawesi Selatan, Indonesia",4.3,135,+6281356150977,,https://lh3.googleusercontent.com/gps-cs-s/AHRPTWls7HLs6VAEnz0f7BsWXD47stDpd3ufktB0gZ7RZqzq-VF2qpzc3n81EiEyQmxkjK00HN88CV1-AgpyzGiM_tKoOn3KPOE2rNKnh3M39HMFYDImIehlxv_tNVU1hpQr9eem59793g=w426-h240-k-no,"Senin,08.15 hingga 23.30 | Selasa,08.15 hingga 23.30 | Rabu,08.15 hingga 23.30 | Kamis,08.15 hingga 23.30 | Jumat,08.15 hingga 23.30 | Sabtu,08.15 hingga 23.30 | Minggu,08.15 hingga 23.30",https://www.google.com/maps/place/Kahava+Coffee+Makassar/data=!4m7!3m6!1s0x2dbee3f4cab995e1:0x790a658c7eb6b928!8m2!3d-5.1733463!4d119.44193!16s%2Fg%2F11t15kn6pm!19sChIJ4ZW5yvTjvi0RKLm2foxlCnk,cafe Makassar
63,Beruang Coffee Makassar,Kedai Kopi,"Jl. Beruang No.36, Bonto Biraeng, Kec. Mamajang, Kota Makassar, Sulawesi Selatan 90132, Indonesia",Makassar,-5.1580999,119.4195146,"RCR9+QR Bonto Biraeng, Kota Makassar, Sulawesi Selatan, Indonesia",4.2,192,,,https://lh3.googleusercontent.com/gps-cs-s/AHRPTWkPAKY-nC11KhwBlaJpt15vOrRee-zybrlb7TGACoqwB_1RQ1bQfph_kGFtZGabjkwfijYACaW-J1dx-vH69ZgJ5giloaatBopJdFcXgGzpNktm_ACCbHVCA5C9Szu4iYidepyADw=w520-h240-k-no,"Senin,09.00 hingga 00.00 | Selasa,09.00 hingga 00.00 | Rabu,09.00 hingga 00.00 | Kamis,09.00 hingga 00.00 | Jumat,09.00 hingga 02.00 | Sabtu,09.00 hingga 02.00 | Minggu,09.00 hingga 02.00",https://www.google.com/maps/place/Beruang+Coffee+Makassar/data=!4m7!3m6!1s0x2dbee34642916903:0x8eaca95e410ee6e4!8m2!3d-5.1580999!4d119.4195146!16s%2Fg%2F11ldjmmzms!19sChIJA2mRQkbjvi0R5OYOQV6prI4,cafe Makassar | coffee shop Makassar
64,Tanamera Coffee Phinisi Point,Kafe,"Jalan Metro Tanjung Bunga No. 2 (Mall Phinisi Point) Ground Floor Lobby, Tokyo 10, Panambungan, Mariso, Panambungan, Kec. Mariso, Kota Makassar, Sulawesi Selatan 90112, Indonesia",Makassar,-5.1520249,119.4041056,"RCX3+5J Panambungan, Kota Makassar, Sulawesi Selatan, Indonesia",4.6,955,+62811941868,,https://lh3.googleusercontent.com/gps-cs-s/AHRPTWkLDqqndpIPi9duaGsK6lvgxArAGcWhHeW3uguR04MWoxww7EyPXsdLcQ8tEoSm9YZGmfA-nz_Yd1A1vNeK4ye-IfH9p12oTd81lqRdyhcEC_B46UJLGWW4qrrS-uTLwCObjYA-=w408-h294-k-no,"Senin,07.00 hingga 23.00 | Selasa,07.00 hingga 23.00 | Rabu,07.00 hingga 23.00 | Kamis,07.00 hingga 23.00 | Jumat,07.00 hingga 00.00 | Sabtu,07.00 hingga 00.00 | Minggu,07.00 hingga 00.00",https://www.google.com/maps/place/Tanamera+Coffee+Phinisi+Point/data=!4m7!3m6!1s0x2dbf1d457ad1f03d:0x141478b4572af91!8m2!3d-5.1520249!4d119.4041056!16s%2Fg%2F11dftpk1zx!19sChIJPfDRekUdvy0Rka9yRYtHQQE,cafe Makassar | kedai kopi Makassar | coffee shop Makassar
65,Buddies Ice Cream & Food,Kafe,"Jalan Lasinrang 36, Jl. Lagaligo Lrg. 21 C No.36, Losari, Ujung Pandang, Makassar City, South Sulawesi 90113, Indonesia",,-5.1467195,119.4141903,"VC37+8M Losari, Kota Makassar, Sulawesi Selatan, Indonesia",4.8,1841,+6283137057479,https://www.instagram.com/buddies.mks/,https://lh3.googleusercontent.com/gps-cs-s/AHRPTWnw0uwSEySEVAwaGL7tmxZHLjMEYHY8NDcV9dunmp7ck9ULoT3yZrQUOAlh_CWNCucvWpeMfTPAh_i0zpIO7DOelPPKlBVBNU8bev8tZrw2Dh1JJH_-fYJ0XvEstkyAYdzSBE9s=w426-h240-k-no,"Senin,09.30 hingga 22.00 | Selasa,09.30 hingga 22.00 | Rabu,09.30 hingga 22.00 | Kamis,09.30 hingga 22.00 | Jumat,09.30 hingga 23.00 | Sabtu,09.30 hingga 23.00 | Minggu,09.30 hingga 23.00",https://www.google.com/maps/place/Buddies+Ice+Cream+%26+Food/data=!4m7!3m6!1s0x2dbf1da9abc3d501:0xa8d90ff5c036593b!8m2!3d-5.1467195!4d119.4141903!16s%2Fg%2F11g0j0mh_b!19sChIJAdXDq6kdvy0RO1k2wPUP2ag,cafe Makassar
66,Delicate Society (Makassar),Kafe,"Jl. Serigala No.76, Mamajang Dalam, Kec. Mamajang, Kota Makassar, Sulawesi Selatan 90132, Indonesia",Makassar,-5.1604722,119.4209978,"RCQC+R9 Mamajang Dalam, Kota Makassar, Sulawesi Selatan, Indonesia",4.5,571,+6281340266678,,https://lh3.googleusercontent.com/gps-cs-s/AHRPTWms23NiOK01lKYwcTrSxNfUwzu68ulrEWa1Be0QDbrTGi_5Z_DSWfeJKsNDq7KeDdyaOjmy8TNIRuJqL5fFKho1Be7ulWZ-yJ9PGJ8caKhBCOfFg6wM6F-D26CoqwMBADn9yuT9=w426-h240-k-no,"Senin,09.00 hingga 22.00 | Selasa,09.00 hingga 22.00 | Rabu,09.00 hingga 22.00 | Kamis,09.00 hingga 22.00 | Jumat,09.00 hingga 22.00 | Sabtu,09.00 hingga 22.00 | Minggu,09.00 hingga 22.00",https://www.google.com/maps/place/Delicate+Society+%28Makassar%29/data=!4m7!3m6!1s0x2dbee31243a2244f:0xf7c8bf83ae35e055!8m2!3d-5.1604722!4d119.4209978!16s%2Fg%2F11fjy4dgq_!19sChIJTySiQxLjvi0RVeA1roO_yPc,cafe Makassar | coffee shop Makassar
67,The People's Cafe Trans Studio Mall Makassar,Restoran,"LG Floor, Lobby Kuning, Jl. Metro Tj. Bunga, Maccini Sombala, Kec. Tamalate, Kota Makassar, Sulawesi Selatan 90224, Indonesia",Makassar,-5.1592365,119.3942732,"R9RV+8P Maccini Sombala, Kota Makassar, Sulawesi Selatan, Indonesia",5,1509,+6282137578340,https://www.ismaya.com/brands/the-peoples-cafe,https://lh3.googleusercontent.com/gps-cs-s/AHRPTWnwn0pnsu-HQSq0-puIEqZesPdfkMT-lannR7p3VtTW8aOhT_IdwDBAmJXNDzRRIwswSjg08L2lo4M3hEpXAYXogQJE6puzOmdCnp0RjV7uIv5VNqOc5_nFK4axu4jvpYZHwxqaWZrVPbPx=w426-h240-k-no,"Senin,10.00 hingga 22.00 | Selasa,10.00 hingga 22.00 | Rabu,10.00 hingga 22.00 | Kamis,10.00 hingga 22.00 | Jumat,10.00 hingga 22.00 | Sabtu,10.00 hingga 22.00 | Minggu,10.00 hingga 22.00",https://www.google.com/maps/place/The+People%27s+Cafe+Trans+Studio+Mall+Makassar/data=!4m7!3m6!1s0x2dbf1dd48681942b:0xc51abb0de3cc9e68!8m2!3d-5.1592365!4d119.3942732!16s%2Fg%2F11y3p9_b3k!19sChIJK5SBhtQdvy0RaJ7M4w27GsU,cafe Makassar
68,MANNA CAFE,Kedai Kopi,"Ko. Mangasa Permai.U1/3, RT.4/RW.19, Gn. Sari, Kec. Rappocini, Kota Makassar, Sulawesi Selatan 90222, Indonesia",Makassar,-5.17833,119.44258,"RCCV+M2 Gn. Sari, Kota Makassar, Sulawesi Selatan, Indonesia",4.8,103,,,https://lh3.googleusercontent.com/gps-cs-s/AHRPTWlcHHetZavVHDJNvPoPmXY8xD5E7GuZV3GojP9HxyVd_7BQIIPWB9pyC-X_Ah52PUrIBKxc8Uh_HSeNtBlyx9zeraTzzasRXOLlWL3KCkldqt0kkEvntZwQDvB_a-MfCPhRfmo=w533-h240-k-no,"Senin,09.00 hingga 23.00 | Selasa,09.00 hingga 23.00 | Rabu,09.00 hingga 23.00 | Kamis,09.00 hingga 23.00 | Jumat,09.00 hingga 23.00 | Sabtu,09.00 hingga 23.00 | Minggu,15.00 hingga 23.00",https://www.google.com/maps/place/MANNA+CAFE/data=!4m7!3m6!1s0x2dbee3bdd80ec871:0xc67a3dcf90a2da3a!8m2!3d-5.17833!4d119.44258!16s%2Fg%2F11r1z05trl!19sChIJccgO2L3jvi0ROtqikM89esY,cafe Makassar
69,Povibes,Kedai Kopi,"Jl. Toddopuli Raya No.59, Pandang, Kec. Manggala, Kota Makassar, Sulawesi Selatan 90222, Indonesia",Makassar,-5.1638312,119.4517765,"RFP2+FP Pandang, Kota Makassar, Sulawesi Selatan, Indonesia",4.8,119,,,https://lh3.googleusercontent.com/gps-cs-s/AHRPTWnZo9EXD0TbPCnlU925m2vAPGIIlLJ1J-nNnkNvq3BRs-6gk_RnMrri8wpOFC8Ow4fMQI81gcI-k7WaqrkyshRB_lXaN_M18L6yKVlo0AowpC9XTp3HjvqA-rxmL6cOHAts5TxmQS48SOdb=w408-h544-k-no,"Senin,09.00 hingga 22.00 | Selasa,09.00 hingga 22.00 | Rabu,09.00 hingga 22.00 | Kamis,09.00 hingga 22.00 | Jumat,09.00 hingga 22.00 | Sabtu,09.00 hingga 22.00 | Minggu,09.00 hingga 22.00",https://www.google.com/maps/place/Povibes/data=!4m7!3m6!1s0x2dbee35e1e0a60a5:0x4c067df2ec917d6c!8m2!3d-5.1638312!4d119.4517765!16s%2Fg%2F11txsbhyc1!19sChIJpWAKHl7jvi0RbH2R7PJ9Bkw,cafe Makassar | kedai kopi Makassar | coffee shop Makassar
70,Cafe & Resto Ombak,Restoran,"Jl. Ujung Pandang No.6, Bulo Gading, Kec. Ujung Pandang, Kota Makassar, Sulawesi Selatan 90171, Indonesia",Makassar,-5.1339896,119.4044186,"VC83+CQ Bulo Gading, Kota Makassar, Sulawesi Selatan, Indonesia",4.3,1719,+6281241940050,,https://lh3.googleusercontent.com/gps-cs-s/AHRPTWlKKPvIa0D7iKE21pTZLfrr8Ry2S3pfq4xsPHIIrfms1JoUdjJNZEy2utq-OzcWLZVzNUCj1JJrQ-klepIjase9uAlpkHiCU_R2d_WW5kpvvAo4buZMsLyE3k3dTAKkWNoRBz0QDmo4Z69E=w426-h240-k-no,"Senin,08.00 hingga 23.00 | Selasa,08.00 hingga 23.00 | Rabu,08.00 hingga 23.00 | Kamis,08.00 hingga 23.00 | Jumat,08.00 hingga 23.00 | Sabtu,08.00 hingga 23.00 | Minggu,08.00 hingga 23.00",https://www.google.com/maps/place/Cafe+%26+Resto+Ombak/data=!4m7!3m6!1s0x2dbf02ba9ec954c9:0x6cfcaaf8895a0e5f!8m2!3d-5.1339896!4d119.4044186!16s%2Fg%2F11gflr_cp3!19sChIJyVTJnroCvy0RXw5aifiq_Gw,cafe Makassar
71,Senara Coffee & Kitchen,Kafe seni,"RCV9+MH8, Jl. Onta Baru, Mamajang Luar, Kec. Mamajang, Kota Makassar, Sulawesi Selatan 90132, Indonesia",Makassar,-5.1558253,119.4189676,,4.7,47,,,https://lh3.googleusercontent.com/gps-cs-s/AHRPTWkti64CTjuxBRQE6JO3Hl92D9vRNSqxn9KXdywDsPrRF1S_uxpexSxNJKOVmNi6VaBSMFZt_-D00jH2dEiJIo4o2SVIpi0BRryw2AAqU9-VrLgWiuLS54_29N2zUHTDGOLxTbSYVXH6X8Ei=w408-h544-k-no,Buka sekarang,https://www.google.com/maps/place/Senara+Coffee+%26+Kitchen/data=!4m7!3m6!1s0x2dbee38573fdc0ed:0x1ab8c5c4ccb7b7e1!8m2!3d-5.1558253!4d119.4189676!16s%2Fg%2F11s4y6bkq6!19sChIJ7cD9c4Xjvi0R4be3zMTFuBo,cafe Makassar
72,Panama House Coffee and Dining,Kedai Kopi,"Jl. Bau Mangga, Masale, Kec. Panakkukang, Kota Makassar, Sulawesi Selatan 90222, Indonesia",Makassar,-5.1619054,119.4438483,"RCQV+6G Masale, Kota Makassar, Sulawesi Selatan, Indonesia",4.3,146,,http://instagram.com/panamahouse.id,https://lh3.googleusercontent.com/gps-cs-s/AHRPTWkCRDHRFdBF7srDrjPmpxdd6axxURkpWrDgHD1V2t0ecBLnW78zQ_Rqk43UvxtPHSV9rbfC9_8Uxx72-dXWl8wtRId0W8NEuNWrOqQtQA4o8eKnM8QCEzaJ4UUi3kVScx8uvgnfUQ=w408-h544-k-no,"Senin,07.00 hingga 23.00 | Selasa,07.00 hingga 23.00 | Rabu,07.00 hingga 23.00 | Kamis,07.00 hingga 23.00 | Jumat,07.00 hingga 00.00 | Sabtu,07.00 hingga 00.00 | Minggu,07.00 hingga 00.00",https://www.google.com/maps/place/Panama+House+Coffee+and+Dining/data=!4m7!3m6!1s0x2dbee32a6f606011:0x4e9f9345e333d3b1!8m2!3d-5.1619054!4d119.4438483!16s%2Fg%2F11tpb71g1x!19sChIJEWBgbyrjvi0RsdMz40WTn04,cafe Makassar | coffee shop Makassar
73,Cafe Agung,Restoran,"Jl. DR. Ratulangi No.62a, Mamajang Luar, Kec. Mamajang, Kota Makassar, Sulawesi Selatan 90113, Indonesia",Makassar,-5.1541081,119.4159846,"RCW8+99 Mamajang Luar, Kota Makassar, Sulawesi Selatan, Indonesia",4.2,1482,+6285212112221,https://www.instagram.com/cafeagung/?hl=id,https://lh3.googleusercontent.com/gps-cs-s/AHRPTWnfw_35SRQwN118cR_i-6GFRg5Qz7HRI5ApDPqeg1R8WaGDTbcI0XFJK8zQ7aapgNYYIukHfg7hc7q2i1WVTmeLj6bT5cJq5cN4DMQ3xpUAY3mGjz9JmbaGJgCKHwwkym6udj8=w533-h240-k-no,"Senin,08.00 hingga 22.00 | Selasa,08.00 hingga 22.00 | Rabu,08.00 hingga 22.00 | Kamis,08.00 hingga 22.00 | Jumat,08.00 hingga 22.00 | Sabtu,08.00 hingga 22.00 | Minggu,08.00 hingga 22.00",https://www.google.com/maps/place/Cafe+Agung/data=!4m7!3m6!1s0x2dbf1d4ced88fd5d:0x65566945155fdbd2!8m2!3d-5.1541081!4d119.4159846!16s%2Fg%2F11qqqn69r9!19sChIJXf2I7Uwdvy0R0ttfFUVpVmU,cafe Makassar
74,HA.BIT.US,Kafe,"Jl. Letjen Hertasning No.39, Masale, Kec. Rappocini, Kota Makassar, Sulawesi Selatan 90222, Indonesia",Makassar,-5.1622743,119.4428931,"RCQV+35 Masale, Kota Makassar, Sulawesi Selatan, Indonesia",4.6,1671,+628998688809,http://instagram.com/habitusid/,https://lh3.googleusercontent.com/gps-cs-s/AHRPTWnWpuwnA9nkRDjr9IE0Nf8e_KGiEef4geV1-XhR_8_59iNM8u-vI73_MFFgRPMxTse13gWv2uL6FdrFMDS8Hy5W5bl-DqSQJ-U3Y7zOUk6rA7I6WVWwUewg3WH1-gteSk-N0HEApjSSWLpq=w408-h544-k-no,"Senin,10.00 hingga 22.00 | Selasa,10.00 hingga 22.00 | Rabu,10.00 hingga 22.00 | Kamis,10.00 hingga 22.00 | Jumat,10.00 hingga 23.30 | Sabtu,10.00 hingga 23.30 | Minggu,10.00 hingga 22.00",https://www.google.com/maps/place/HA.BIT.US/data=!4m7!3m6!1s0x2dbee39eacb54ddd:0xc5d708009a53c887!8m2!3d-5.1622743!4d119.4428931!16s%2Fg%2F11hdnjk0jz!19sChIJ3U21rJ7jvi0Rh8hTmgAI18U,cafe Makassar
75,NEBU Space & Co,Kedai Kopi,"Ruko Sumber Rezeki, Jl. Perintis Kemerdekaan No.7, Tamalanrea Indah, Kec. Tamalanrea, Kota Makassar, Sulawesi Selatan 90245, Indonesia",Makassar,-5.1405494,119.4825865,"VF5M+Q2 Tamalanrea Indah, Kota Makassar, Sulawesi Selatan, Indonesia",4.5,199,+6281356296868,,https://lh3.googleusercontent.com/gps-cs-s/AHRPTWnQiLgexJWKNVKmZyUhpR4LVhnbii599NFkWSRwrSvTCUQj3qYehzdKM4n8c3WUy7aBznQ6wlvwjR78S8UHd1SD-nyXkCdMBhAMzRl6z1kh4FDqhJ1beeP9JgdWh-Ji4bqzidI5vw=w408-h725-k-no,"Senin,08.00 hingga 01.00 | Selasa,08.00 hingga 00.00 | Rabu,Buka 24 jam | Kamis,08.00 hingga 01.00 | Jumat,08.00 hingga 01.00 | Sabtu,08.00 hingga 01.00 | Minggu,08.00 hingga 01.00",https://www.google.com/maps/place/NEBU+Space+%26+Co/data=!4m7!3m6!1s0x2dbee33498241bd3:0x9d7b4dd0ef6c1226!8m2!3d-5.1405494!4d119.4825865!16s%2Fg%2F11c51rlyc6!19sChIJ0xskmDTjvi0RJhJs79BNe50,cafe Makassar | coffee shop Makassar
76,Pier 52 - Makassar Golden Hotel Makassar,Kafe,"Hotel Makassar Golden, Jl. Ps. Ikan No.52, Bulo Gading, Kec. Ujung Pandang, Kota Makassar, Sulawesi Selatan 90111, Indonesia",Makassar,-5.1386416,119.405389,"VC64+G5 Bulo Gading, Kota Makassar, Sulawesi Selatan, Indonesia",4.5,445,+6285397759601,https://makassargolden.com/dining-facilities.php,https://lh3.googleusercontent.com/gps-cs-s/AHRPTWn1EXjqu2jJos1MJjuQIroqxgiFthy8i75C-1tgU3_itJDtZx1mtw-m_M7reNX0yjNuz3n3Ojy7BAP33b4jV34ASxE9icoCVC-NGgD6YiuSivYkj6Y6njQYCbqIa9QcAlwzqbY=w408-h326-k-no,"Senin,09.00 hingga 23.00 | Selasa,09.00 hingga 23.00 | Rabu,09.00 hingga 23.00 | Kamis,09.00 hingga 23.00 | Jumat,09.00 hingga 23.00 | Sabtu,08.00 hingga 23.00 | Minggu,08.00 hingga 23.00",https://www.google.com/maps/place/Pier+52+-+Makassar+Golden+Hotel+Makassar/data=!4m7!3m6!1s0x2dbf02b21daf4339:0xa25f8652a49e8564!8m2!3d-5.1386416!4d119.405389!16s%2Fg%2F11c0vp7575!19sChIJOUOvHbICvy0RZIWepFKGX6I,cafe Makassar
77,Fat Bubble Makassar,Kafe,"Jl. Karunrung No.20, Mangkura, Kec. Ujung Pandang, Kota Makassar, Sulawesi Selatan 90114, Indonesia",Makassar,-5.1452253,119.4143929,"VC37+WQ Mangkura, Kota Makassar, Sulawesi Selatan, Indonesia",4.4,388,+62895342068351,https://www.instagram.com/fatbubble.makassar/,https://lh3.googleusercontent.com/gps-cs-s/AHRPTWmn-PomogsZFTQcoRNhLscVU3oid08P1pPE2ik3Jy8Rj22fzwZAYId0_b8LfpHzOKZKVb0fWjh5B83FthAM3xRtLU4htR3VHCtsdCjQrwWz0jz09uRbGvhmLt4J3ielWPY139I=w408-h544-k-no,"Senin,10.00 hingga 22.00 | Selasa,10.00 hingga 22.00 | Rabu,10.00 hingga 22.00 | Kamis,10.00 hingga 22.00 | Jumat,10.00 hingga 22.00 | Sabtu,10.00 hingga 23.00 | Minggu,10.00 hingga 22.00",https://www.google.com/maps/place/Fat+Bubble+Makassar/data=!4m7!3m6!1s0x2dbf1dab7c37f26f:0xe80b440a719674fa!8m2!3d-5.1452253!4d119.4143929!16s%2Fg%2F11q9fskn0y!19sChIJb_I3fKsdvy0R-nSWcQpEC-g,cafe Makassar
78,Mr. dAV COFFEE,Kafe,"Jl. Botolempangan No.38, Sawerigading, Kec. Ujung Pandang, Kota Makassar, Sulawesi Selatan 90115, Indonesia",Makassar,-5.1402539,119.4113452,"VC56+VG Sawerigading, Kota Makassar, Sulawesi Selatan, Indonesia",4.5,172,,,https://lh3.googleusercontent.com/gps-cs-s/AHRPTWmpbuitAvVuLTuHL-ZxYa2jUGgcKcDfluoUocfW9bcKnKAgsik5QJHlUq_beKMFz8TXLnYQaWVPjK6R0TS0am0pvO2HSq4NmXtwA7LJtzL6it8v72eQPXPtMHBHy2O9sJSuJeAp=w408-h544-k-no,"Senin,Buka 24 jam | Selasa,Buka 24 jam | Rabu,Buka 24 jam | Kamis,Buka 24 jam | Jumat,Buka 24 jam | Sabtu,Buka 24 jam | Minggu,Buka 24 jam",https://www.google.com/maps/place/Mr.+dAV+COFFEE/data=!4m7!3m6!1s0x2dbf03cd7e635857:0xd576ddfebd691d61!8m2!3d-5.1402539!4d119.4113452!16s%2Fg%2F11f61wkgnt!19sChIJV1hjfs0Dvy0RYR1pvf7ddtU,cafe Makassar
79,Cinnamon Cafe & Dessert,Kafe,"Jl. Sultan Alauddin No.108, Mannuruki, Kec. Tamalate, Kota Makassar, Sulawesi Selatan 90221, Indonesia",Makassar,-5.1745184,119.4314298,"RCGJ+5H Mannuruki, Kota Makassar, Sulawesi Selatan, Indonesia",4.3,359,+6282291627319,,https://lh3.googleusercontent.com/gps-cs-s/AHRPTWmHIQVsE8Arc92zdqv_MZp6D_56bmT55-r0hWTj2p-NIplAa-ZXpOUVkRDdtJa2AP0XIVibD5nCEAs3KfXcf9N_gfpyi0GFZfopbrKHvdbCQfpwe8R787UTz-uJ9WUE_25ChAkgU-pUtjga=w408-h544-k-no,"Senin,11.00 hingga 22.00 | Selasa,11.00 hingga 22.00 | Rabu,11.00 hingga 22.00 | Kamis,11.00 hingga 22.00 | Jumat,11.00 hingga 23.00 | Sabtu,11.00 hingga 23.00 | Minggu,11.00 hingga 23.00",https://www.google.com/maps/place/Cinnamon+Cafe+%26+Dessert/data=!4m7!3m6!1s0x2dbee28f32951f65:0x67d0248cb8aa5b9f!8m2!3d-5.1745184!4d119.4314298!16s%2Fg%2F11byxh1q3j!19sChIJZR-VMo_ivi0Rn1uquIwk0Gc,cafe Makassar
80,O2 Pool & Cafe Makassar,Kafe,"Jl. Syarif Al Qadri No.103, Maricaya Baru, Kec. Makassar, Kota Makassar, Sulawesi Selatan 90143, Indonesia",Makassar,-5.1478035,119.4234958,"VC2F+V9 Maricaya Baru, Kota Makassar, Sulawesi Selatan, Indonesia",4.9,14,+6289510252020,,https://lh3.googleusercontent.com/gps-cs-s/AHRPTWn2KoSEUcTy4hUjwT2EGBmBdiHrtnqBCurpW91AWmcnLyHbDwH2rFmfs4gYfI6lLKRKWINI_YDXJCCh8nSBfD0DEPWgnwBL2iqofdAfjARfT5qEOV143_iNXXdf62aO91GsAea2ww=w426-h240-k-no,"Senin,10.00 hingga 02.00 | Selasa,10.00 hingga 02.00 | Rabu,10.00 hingga 02.00 | Kamis,10.00 hingga 02.00 | Jumat,10.00 hingga 02.00 | Sabtu,10.00 hingga 02.00 | Minggu,10.00 hingga 02.00",https://www.google.com/maps/place/O2+Pool+%26+Cafe+Makassar/data=!4m7!3m6!1s0x2dbee3d1527b3209:0x22225b607a8a23f1!8m2!3d-5.1478035!4d119.4234958!16s%2Fg%2F11kpys_m3_!19sChIJCTJ7UtHjvi0R8SOKemBbIiI,cafe Makassar
81,Kedai 168 Makassar,Kedai Kopi,"Jl. Toddopuli Raya Blok J No.1-2, Paropo, Kec. Panakkukang, Kota Makassar, Sulawesi Selatan 90231, Indonesia",Makassar,-5.1610646,119.4532471,"RFQ3+H7 Paropo, Kota Makassar, Sulawesi Selatan, Indonesia",4.3,296,,https://www.instagram.com/kedai168makassar?igsh=MWI0d3l4NGR0b2lnag==,https://lh3.googleusercontent.com/gps-cs-s/AHRPTWm4XwKt6VSFXID91c87PfC0BQwQSSmoxGAJNb6PskRFB38_29Kh7y_gWCqptjd-sr3NeYSvNUDwtE9KjiDb9OdnesFmJEdlx2dTKyoKmppfFnU1eCgFixYdjLTSy5cSFZxK4QFTo8ueD6Qw=w426-h240-k-no,"Senin,08.00 hingga 00.00 | Selasa,08.00 hingga 00.00 | Rabu,08.00 hingga 00.00 | Kamis,08.00 hingga 00.00 | Jumat,08.00 hingga 00.00 | Sabtu,08.00 hingga 00.00 | Minggu,08.00 hingga 03.00",https://www.google.com/maps/place/Kedai+168+Makassar/data=!4m7!3m6!1s0x2dbee3ea138776e1:0x13024086d71528e0!8m2!3d-5.1610646!4d119.4532471!16s%2Fg%2F11tjjv9q89!19sChIJ4XaHE-rjvi0R4CgV14ZAAhM,cafe Makassar | warkop Makassar | kedai kopi Makassar | coffee shop Makassar
82,Babathe X Luce Toddopuli resto and gelato,Restoran,"Jl. Toddopuli Raya Timur No.15 Blk c2, Borong, Kec. Manggala, Kota Makassar, Sulawesi Selatan 90231, Indonesia",Makassar,-5.1631465,119.4538296,"RFP3+PG Borong, Kota Makassar, Sulawesi Selatan, Indonesia",4.8,2565,+6282288711711,http://www.babatheresto.com/,https://lh3.googleusercontent.com/gps-cs-s/AHRPTWmywNlKGzqIqDCDt3r-jlaWCQntfWu04xMPRWzFcc2PJpdSk1oUH3_yg9EVIGWiAlfgvTEooQFOvO8Ra_Z9pC-DmAfblXesjMQ4ivsJacSuSR29Lk6iZFKmrcutYDMfHeGuoCEPRg=w408-h306-k-no,"Senin,10.00 hingga 22.00 | Selasa,10.00 hingga 22.00 | Rabu,10.00 hingga 22.00 | Kamis,10.00 hingga 22.00 | Jumat,10.00 hingga 22.00 | Sabtu,10.00 hingga 22.00 | Minggu,10.00 hingga 22.00",https://www.google.com/maps/place/Babathe+X+Luce+Toddopuli+resto+and+gelato/data=!4m7!3m6!1s0x2dbee2e6b26889d7:0x62d9e93356c8a90b!8m2!3d-5.1631465!4d119.4538296!16s%2Fg%2F11f33p_s8r!19sChIJ14losubivi0RC6nIVjPp2WI,cafe Makassar
83,Lontara Cafe,Kafe,"Jl. Mallengkeri Raya No.40, Mangasa, Kec. Tamalate, Kota Makassar, Sulawesi Selatan 90221, Indonesia",Makassar,-5.1870688,119.4306784,"RC7J+57 Mangasa, Kota Makassar, Sulawesi Selatan, Indonesia",4.5,201,,,https://lh3.googleusercontent.com/gps-cs-s/AHRPTWlMxDDahf2hKL9c4722PG2Pv-hdymqr5pqSJptJgURLOH4yD9B_4OkgJTFfc0MokMZOBEZ3KDVJpFivaRAw0ifq-hgPaMGmQtYQNe1hk30FeqtDiCfb2K7zsTUlRytshzG4UHOv=w426-h240-k-no,"Senin,Buka 24 jam | Selasa,Buka 24 jam | Rabu,Buka 24 jam | Kamis,Buka 24 jam | Jumat,Buka 24 jam | Sabtu,Buka 24 jam | Minggu,Buka 24 jam",https://www.google.com/maps/place/Lontara+Cafe/data=!4m7!3m6!1s0x2dbf1d594e223877:0x9983913227deea52!8m2!3d-5.1870688!4d119.4306784!16s%2Fg%2F11gfhs3kl1!19sChIJdzgiTlkdvy0RUureJzKRg5k,cafe Makassar
84,Diminati,Kedai Kopi,"Ruko New Zamrud, Jl. A. P. Pettarani No.01, Bua Kana, Kec. Rappocini, Kota Makassar, Sulawesi Selatan 90222, Indonesia",Makassar,-5.1583376,119.4368494,"RCRP+MP Bua Kana, Kota Makassar, Sulawesi Selatan, Indonesia",4.4,625,+624114678203,http://instagram.com/diminati.id,https://lh3.googleusercontent.com/gps-cs-s/AHRPTWnvslw2QhQp9NPC5epu5Wc2zSTO1K_aqMclbF_Y6pb6j-to5MoLj545GqjIE-S9R6P0U0lJh3HJj7fLQYq4_BTovfT4c0L1AcjE5ssZzet2jgzPrTYQe030RILI1UAc0QaXXUh_=w408-h306-k-no,"Senin,10.00 hingga 23.30 | Selasa,10.00 hingga 23.30 | Rabu,10.00 hingga 23.30 | Kamis,10.00 hingga 23.30 | Jumat,10.00 hingga 23.30 | Sabtu,10.00 hingga 23.30 | Minggu,10.00 hingga 23.30",https://www.google.com/maps/place/Diminati/data=!4m7!3m6!1s0x2dbee2be675fef55:0x6c46176dd3f68b97!8m2!3d-5.1583376!4d119.4368494!16s%2Fg%2F11fy4px1hp!19sChIJVe9fZ77ivi0Rl4v2020XRmw,cafe Makassar | coffee shop Makassar
85,Verda Contemporary Cuisine,Restoran,"Jl. Botolempangan No.51, Sawerigading, Kec. Ujung Pandang, Kota Makassar, Sulawesi Selatan 90115, Indonesia",Makassar,-5.1428251,119.4125971,"VC47+V2 Sawerigading, Kota Makassar, Sulawesi Selatan, Indonesia",4.5,424,+6282122122168,https://www.instagram.com/verda.dining,https://lh3.googleusercontent.com/gps-cs-s/AHRPTWklYgu9mYE2KO90Nz3f8gYzA8CxlMT2mqNQO1xUrzXE0xmmTb4T3pxHwdPQ7ljPTYM6KHV7rh4MuLcAQAtx2Gd-_Xn_r1IbKxXv0JmT7bvN5_HqOJ2iRbXCt4PlrOylaSjsF4M5mA=w408-h408-k-no,"Senin,10.00 hingga 00.00 | Selasa,10.00 hingga 00.00 | Rabu,10.00 hingga 00.00 | Kamis,10.00 hingga 00.00 | Jumat,10.00 hingga 00.00 | Sabtu,10.00 hingga 00.00 | Minggu,10.00 hingga 00.00",https://www.google.com/maps/place/Verda+Contemporary+Cuisine/data=!4m7!3m6!1s0x2dbf1dec4152694f:0x573891e1e0975df2!8m2!3d-5.1428251!4d119.4125971!16s%2Fg%2F11t738b2hw!19sChIJT2lSQewdvy0R8l2X4OGROFc,cafe Makassar
86,LOKALIN CAFE,Restoran,"Jl. Prof. Abdurahman Basalamah No.6, Karampuang, Kec. Panakkukang, Kota Makassar, Sulawesi Selatan 90221, Indonesia",Makassar,-5.1466725,119.4492186,"VC3X+8M Karampuang, Kota Makassar, Sulawesi Selatan, Indonesia",4.3,123,,,https://lh3.googleusercontent.com/gps-cs-s/AHRPTWnCt-RUSx2bipHe3ue7eyCFCnPJbAOM3Mp4bj5A4gW5V7KjnI2C7SEfRnpZkMobKkncz_DsVLzFv-ygCUf9c6tSUdNJa7C72RhyPqcZb5ayn8dZ1-fEZWA4EcmNSvpnuM78Yf0=w408-h306-k-no,"Senin,10.00 hingga 00.00 | Selasa,10.00 hingga 00.00 | Rabu,10.00 hingga 00.00 | Kamis,10.00 hingga 00.00 | Jumat,10.00 hingga 00.00 | Sabtu,10.00 hingga 01.00 | Minggu,10.00 hingga 00.00",https://www.google.com/maps/place/LOKALIN+CAFE/data=!4m7!3m6!1s0x2dbee3c72ff19979:0xbe3fc21f0ac3eecf!8m2!3d-5.1466725!4d119.4492186!16s%2Fg%2F11rp_7rm_p!19sChIJeZnxL8fjvi0Rz-7DCh_CP74,cafe Makassar
87,Masagena coffee,Kedai Kopi,"Jl. Bau Mangga No.34-28, Masale, Kec. Panakkukang, Kota Makassar, Sulawesi Selatan 90231, Indonesia",Makassar,-5.1590944,119.444681,"RCRV+9V Masale, Kota Makassar, Sulawesi Selatan, Indonesia",4.5,318,+6285333377947,http://www.instagram.com/masagena.coffee,https://lh3.googleusercontent.com/gps-cs-s/AHRPTWk4znoVN93pyopzi8Fw4lSu33Hs5Mh0iNcssOdVVFN1oUiogeZXduJxzegRsl_Ggc22uvqhYu8szLKVPbAqBnRguxKNq4H5klRlBS4OVwPIVRp0tQpSNmImV_QIX4PGOUHh3ZznqA=w426-h240-k-no,"Senin,09.00 hingga 23.00 | Selasa,09.00 hingga 23.00 | Rabu,09.00 hingga 23.00 | Kamis,09.00 hingga 23.00 | Jumat,09.00 hingga 23.00 | Sabtu,10.00 hingga 00.00 | Minggu,10.00 hingga 00.00",https://www.google.com/maps/place/Masagena+coffee/data=!4m7!3m6!1s0x2dbee3f2883922cf:0x357f33e7eb217192!8m2!3d-5.1590944!4d119.444681!16s%2Fg%2F11kgcmbb3s!19sChIJzyI5iPLjvi0RknEh6-czfzU,cafe Makassar | coffee shop Makassar
88,GBScientist Cafe,Kafe,"VF3W+HHR, Jl. Graham Bell, Tamalanrea Jaya, Kec. Tamalanrea, Kota Makassar, Sulawesi Selatan 90245, Indonesia",Makassar,-5.146019,119.4964025,,4.7,103,+6285237004997,,https://lh3.googleusercontent.com/gps-cs-s/AHRPTWlXQqH4bctnNedUSPzcSmaIXQTWy8JCJTF7RuZ66ZopXxolEOazkpjR6gGyeTBNr7ZWZhiyA2JC91T3Cq4EkQscO4NopmqC0LUNx_FSE0OJT0Ce2LVQw7l-S58oUj5Ym7s2WVKelQ=w408-h544-k-no,"Senin,16.00 hingga 00.00 | Selasa,16.00 hingga 00.00 | Rabu,16.00 hingga 00.00 | Kamis,16.00 hingga 00.00 | Jumat,16.00 hingga 00.00 | Sabtu,16.00 hingga 00.00 | Minggu,16.00 hingga 00.00",https://www.google.com/maps/place/GBScientist+Cafe/data=!4m7!3m6!1s0x2dbee3622c72ce73:0xb5e88b143267cf8b!8m2!3d-5.146019!4d119.4964025!16s%2Fg%2F11khkr60dp!19sChIJc85yLGLjvi0Ri89nMhSL6LU,cafe Makassar
89,Djoeragan Cafe,Kafe,"Jl. Metro Tj. Bunga, Tj. Merdeka, Kec. Tamalate, Kota Makassar, Sulawesi Selatan 90225, Indonesia",Makassar,-5.1882001,119.388412,"R96Q+P9 Tj. Merdeka, Kota Makassar, Sulawesi Selatan, Indonesia",4.2,359,+6282257575656,,https://lh3.googleusercontent.com/gps-cs-s/AHRPTWklrCtNbViaMwkA8EX4dU0RE4TtVEj_KnpkayKhCmoJQgNPziulTTgT0H2p9CB1GyrW86AN2YSSmhwAZHtp8CYkfSpAOnJ2JR2jUBXkspCV39purK1fB5gNED34ykA6IdZyasx6pw=w408-h306-k-no,"Senin,10.00 hingga 00.55 | Selasa,10.00 hingga 00.55 | Rabu,10.00 hingga 00.55 | Kamis,10.00 hingga 00.55 | Jumat,10.00 hingga 00.55 | Sabtu,10.00 hingga 00.55 | Minggu,10.00 hingga 00.55",https://www.google.com/maps/place/Djoeragan+Cafe/data=!4m7!3m6!1s0x2dbf1d359d55771b:0x9eeb7bdf97ade4c5!8m2!3d-5.1882001!4d119.388412!16s%2Fg%2F11sjyxk_db!19sChIJG3dVnTUdvy0RxeStl997654,cafe Makassar
90,Just Coffee,Restoran,"Kompleks, Ruko New Zamrud, Jl. A. P. Pettarani No.1 Blok G, Bua Kana, Rappocini, Makassar City, South Sulawesi 90222, Indonesia",,-5.1594999,119.4366072,"RCRP+6J Bua Kana, Kota Makassar, Sulawesi Selatan, Indonesia",4.5,350,+628114195595,,https://lh3.googleusercontent.com/gps-cs-s/AHRPTWk-fo3O36HGzrUFsFlHQSgip8lHN6sPB6VtFjQ8gtXjhfOvQOHvUB5NpEa3u6Po3bra5bRUoiq1m7MvSGnLRNETosEpb3RtqwZM84JaankoJH4_wfOvTLtQNsw2bnmdyTQksq2X=w408-h272-k-no,"Senin,08.00 hingga 00.00 | Selasa,08.00 hingga 00.00 | Rabu,08.00 hingga 00.00 | Kamis,08.00 hingga 00.00 | Jumat,08.00 hingga 00.00 | Sabtu,08.00 hingga 00.00 | Minggu,17.00 hingga 00.00",https://www.google.com/maps/place/Just+Coffee/data=!4m7!3m6!1s0x2dbee2be186ff295:0x200bd6f92ea77213!8m2!3d-5.1594999!4d119.4366072!16s%2Fg%2F11b_00x8t8!19sChIJlfJvGL7ivi0RE3KnLvnWCyA,cafe Makassar
91,ATAP HIJAU MAKASSAR,Kedai Kopi,"RCQ9+WPJ, Jl. Macan, Mamajang Dalam, Kec. Mamajang, Kota Makassar, Sulawesi Selatan 90132, Indonesia",Makassar,-5.1601749,119.4192755,,4.8,35,,https://instagram.com/ataphijau.coffee?igshid=YmMyMTA2M2Y=,https://lh3.googleusercontent.com/gps-cs-s/AHRPTWkJe7faLaIp1QAP-6AvLLQmF-NVjwQQlQufgHceNRbFcsdx5vLF66DC5TT3y9ZxoJMW9QE0UT45BarHxbuyVXYrc_Ucaw2c12rvHqX2AaRAvscc67nK5SjcRmD8-S7E1MNSAr2AxrNthKA=w408-h306-k-no,Buka sekarang,https://www.google.com/maps/place/ATAP+HIJAU+MAKASSAR/data=!4m7!3m6!1s0x2dbee3e50350347b:0x7f044fcf5e092c70!8m2!3d-5.1601749!4d119.4192755!16s%2Fg%2F11k4lcw_j2!19sChIJezRQA-Xjvi0RcCwJXs9PBH8,cafe Makassar | coffee shop Makassar
92,Hello Cat Cafe,Kafe,"Jl. Syarif Al Qadri No.101, Maricaya Baru, Kec. Makassar, Kota Makassar, Sulawesi Selatan 90143, Indonesia",Makassar,-5.1475861,119.4233964,"VC2F+X9 Maricaya Baru, Kota Makassar, Sulawesi Selatan, Indonesia",4.7,304,,https://www.instagram.com/hellocatcafe/?hl=en,https://lh3.googleusercontent.com/gps-cs-s/AHRPTWkfN5OUtxkcYOGSq79V58VHHIypPAi37lDfhZfLlf6eUasfgyoSHp71oclRJnVVBKzXUv_iyYQKfAgtdHXtVg6z_c30YYSxo8Z8MB8kXR1HFpLhoxghVl76nEX1awPh8tk610I=w408-h306-k-no,"Senin,13.00 hingga 20.00 | Selasa,13.00 hingga 20.00 | Rabu,13.00 hingga 20.00 | Kamis,13.00 hingga 20.00 | Jumat,13.00 hingga 20.00 | Sabtu,13.00 hingga 20.00 | Minggu,13.00 hingga 20.00",https://www.google.com/maps/place/Hello+Cat+Cafe/data=!4m7!3m6!1s0x2dbee36d82676e23:0x3697b8f366c3c3df!8m2!3d-5.1475861!4d119.4233964!16s%2Fg%2F11h6l_hvb1!19sChIJI25ngm3jvi0R38PDZvO4lzY,cafe Makassar
93,Reza Coffee & Palekko Makassar,Restoran,"Tidung, Kec. Rappocini, Kota Makassar, Sulawesi Selatan 90222, Indonesia",Makassar,-5.162599,119.4412008,"RCPR+XF Tidung, Kota Makassar, Sulawesi Selatan, Indonesia",4.5,507,+6282188998112,,https://lh3.googleusercontent.com/gps-cs-s/AHRPTWlBI4Wmb2fg08oBONyEKH8OlMCL950DFJBhis9b_oxlP5O2t-Ey7rNDKdFeJZM364aQvf4Fz72l_7QoyAfijcTES-g3U3Q7CpBXUoRznoptiIp80bAdB9ufhPWJauKX8r2qvUqa=w408-h306-k-no,"Senin,10.00 hingga 22.00 | Selasa,10.00 hingga 22.00 | Rabu,10.00 hingga 22.00 | Kamis,10.00 hingga 22.00 | Jumat,10.00 hingga 22.00 | Sabtu,10.00 hingga 22.00 | Minggu,10.00 hingga 22.00",https://www.google.com/maps/place/Reza+Coffee+%26+Palekko+Makassar/data=!4m7!3m6!1s0x2dbee32cc265b859:0x30cd0e18ee70cd65!8m2!3d-5.162599!4d119.4412008!16s%2Fg%2F11hstp1tk2!19sChIJWbhlwizjvi0RZc1w7hgOzTA,cafe Makassar
94,The king cafe,Kafe,"Blok R1 No.10, Gn. Sari, Kec. Rappocini, Kota Makassar, Sulawesi Selatan 90221, Indonesia",Makassar,-5.1787308,119.4436926,"RCCV+GF Gn. Sari, Kota Makassar, Sulawesi Selatan, Indonesia",4.6,210,+6285243085188,,https://lh3.googleusercontent.com/gps-cs-s/AHRPTWnPvs_PydbAqOLsYpdiF8z0GOOS_83xVnaGOZEZG60TcPsYg279zAmFCmyMiLO7FFWw7bgnbK-BWC6Fbz04emIY9UQ_hUTCG_lyqLxlaJdWgAiQeg1FKU6qvHiapnZwjNbezgwB7w=w408-h306-k-no,"Senin,Buka 24 jam | Selasa,Buka 24 jam | Rabu,Buka 24 jam | Kamis,Buka 24 jam | Jumat,Buka 24 jam | Sabtu,Buka 24 jam | Minggu,Buka 24 jam",https://www.google.com/maps/place/The+king+cafe/data=!4m7!3m6!1s0x2dbee3bd0343116f:0xea5627b623e51603!8m2!3d-5.1787308!4d119.4436926!16s%2Fg%2F11hygz21b5!19sChIJbxFDA73jvi0RAxblI7YnVuo,cafe Makassar
95,FIGOR CAFE BTP Makassar,Kedai Kopi,"Tamalanrea, Kec. Tamalanrea, Kota Makassar, Sulawesi Selatan 90245, Indonesia",Makassar,-5.1312831,119.5009122,"VG92+F9 Tamalanrea, Kota Makassar, Sulawesi Selatan, Indonesia",4.7,10,,,https://lh3.googleusercontent.com/gps-cs-s/AHRPTWlngqcpgwsGq9EAw2yB0oYQlJ5-DldVHEAQ8msIl8-B6itYXNAkwV9PU3EnR5zx1QmQ4XSwa9BP0VzkNPQgPT0Vl9vchcll_Fqq0GFLfGAHtjxsdmdOVi7Eg1d3ttebBClECUw=w408-h408-k-no,"Senin,08.00 hingga 00.00 | Selasa,08.00 hingga 00.00 | Rabu,08.00 hingga 00.00 | Kamis,08.00 hingga 00.00 | Jumat,08.00 hingga 00.00 | Sabtu,08.00 hingga 01.00 | Minggu,08.00 hingga 00.00",https://www.google.com/maps/place/FIGOR+CAFE+BTP+Makassar/data=!4m7!3m6!1s0x2dbefd5c617b94bd:0x1cac3c78b5cb8ff6!8m2!3d-5.1312831!4d119.5009122!16s%2Fg%2F11smyqmrv2!19sChIJvZR7YVz9vi0R9o_LtXg8rBw,cafe Makassar
96,Stone house,Kedai Kopi,"Jl. Syarif Al Qadri No.51, Maricaya Baru, Kec. Makassar, Kota Makassar, Sulawesi Selatan 90141, Indonesia",Makassar,-5.1470257,119.420449,"VC3C+55 Maricaya Baru, Kota Makassar, Sulawesi Selatan, Indonesia",4.3,104,+6285240586528,https://www.instagram.com/stonehouse.mks?igsh=bDRkOTBvbmJzdWo1,https://lh3.googleusercontent.com/gps-cs-s/AHRPTWktYQ6I6SFnRBqkd5c6lVnNNNjBj8asMNHsoE8-BOpbKmOergqpdv5unLU4YP_nngO91dQAqCMjqhEkHB8T3f-4Ejg3bw79c2zSbUTW7B6wTUNmoWEOoe4LiWFzuVhSrqU6jx_Z=w408-h544-k-no,"Senin,08.00 hingga 23.00 | Selasa,08.00 hingga 23.00 | Rabu,08.00 hingga 23.00 | Kamis,08.00 hingga 23.00 | Jumat,08.00 hingga 23.00 | Sabtu,08.00 hingga 00.00 | Minggu,08.00 hingga 00.00",https://www.google.com/maps/place/Stone+house/data=!4m7!3m6!1s0x2dbee362508e474b:0xee2bbeb4665256df!8m2!3d-5.1470257!4d119.420449!16s%2Fg%2F11rmr7y0js!19sChIJS0eOUGLjvi0R31ZSZrS-K-4,cafe Makassar | coffee shop Makassar
97,Bring.In Cafe,Kafe,"Jl. Monumen Emmy Saelan, Gn. Sari, Kec. Rappocini, Kota Makassar, Sulawesi Selatan 90221, Indonesia",Makassar,-5.1775974,119.4393473,"RCCQ+XP Gn. Sari, Kota Makassar, Sulawesi Selatan, Indonesia",4.6,130,+6281294060781,https://www.instagram.com/bringinofficial/,https://lh3.googleusercontent.com/gps-cs-s/AHRPTWkjnabNYVfx-Ea4LAnsw5tX64C1oi9Lx9aZXtgfYX5Z81tV_jgQDyqT0g53QUiB1i-ZYmGoAotcQ66JWoFbq1H5udFVDbqP5CJEen2SVwUHIFr3NLFw6JVq-WSNTIbEBFIdEKCK=w408-h544-k-no,"Senin,10.00 hingga 23.30 | Selasa,10.00 hingga 23.30 | Rabu,10.00 hingga 23.30 | Kamis,10.00 hingga 23.30 | Jumat,10.00 hingga 23.30 | Sabtu,10.00 hingga 23.30 | Minggu,10.00 hingga 23.30",https://www.google.com/maps/place/Bring.In+Cafe/data=!4m7!3m6!1s0x2dbee3a21a8782c1:0x5224d0b412f2df2c!8m2!3d-5.1775974!4d119.4393473!16s%2Fg%2F11fmqbj7xt!19sChIJwYKHGqLjvi0RLN_yErTQJFI,cafe Makassar
98,MAKASSAR ELITE,Kafe,"Ruko New Zamrud, no G4 kompleks new, Jl. A. P. Pettarani, Bua Kana, Kec. Rappocini, Kota Makassar, Sulawesi Selatan 90222, Indonesia",Makassar,-5.1591513,119.437208,"RCRP+8V Bua Kana, Kota Makassar, Sulawesi Selatan, Indonesia",5,23,+62895637829372,,https://lh3.googleusercontent.com/gps-cs-s/AHRPTWnaHlBEKvZqs5kC6xYTZWnY7QGhoNW0B8UyP9etKM7HVcnN3muTm3vKn4tONEuMKj_kYImRtf3pCcu0IYLfpuk3Duz5EuUpaeLAz0PVGyQaKoJ3BPvQbowa5tM8S2nLOeuaIfQpUQ=w408-h725-k-no,"Senin,Buka 24 jam | Selasa,Buka 24 jam | Rabu,Buka 24 jam | Kamis,Buka 24 jam | Jumat,Buka 24 jam | Sabtu,Buka 24 jam | Minggu,Buka 24 jam",https://www.google.com/maps/place/MAKASSAR+ELITE/data=!4m7!3m6!1s0x2dbee380d1637ad1:0x59218aa86798d1d1!8m2!3d-5.1591513!4d119.437208!16s%2Fg%2F11gxqn0vqr!19sChIJ0Xpj0YDjvi0R0dGYZ6iKIVk,cafe Makassar
99,De Oxford Cafe,Kafe,"Jl. G. Bawakaraeng No.111/F, Tompo Balang, Kec. Bontoala, Kota Makassar, Sulawesi Selatan 90151, Indonesia",Makassar,-5.1348672,119.4259567,"VC8G+39 Tompo Balang, Kota Makassar, Sulawesi Selatan, Indonesia",4.3,135,+6281337392229,,https://lh3.googleusercontent.com/gps-cs-s/AHRPTWmhrjF_WUe2K-CrmWSevMsb5_esP8juCD4qIE_KnprBMPAv-T5oBIWjho43wGIl8KnF0GKvQikIpVRr53lEiVrk_CyW2766hESMsJk2hLZlYH0wrAGlx0TZKuWMcIqD9BxsD8jI0A=w426-h240-k-no,"Senin,09.00 hingga 00.00 | Selasa,09.00 hingga 00.00 | Rabu,09.00 hingga 00.00 | Kamis,09.00 hingga 00.00 | Jumat,09.00 hingga 00.00 | Sabtu,09.00 hingga 02.00 | Minggu,09.00 hingga 00.00",https://www.google.com/maps/place/De+Oxford+Cafe/data=!4m7!3m6!1s0x2dbefd50fb3e94eb:0xdad20539af8aa34a!8m2!3d-5.1348672!4d119.4259567!16s%2Fg%2F11b6vk74rm!19sChIJ65Q--1D9vi0RSqOKrzkF0to,cafe Makassar | coffee shop Makassar
100,Benz Bakery & Cafe,Kafe,"Jl. Kajaolalido No.2, Baru, Kec. Ujung Pandang, Kota Makassar, Sulawesi Selatan 90111, Indonesia",Makassar,-5.1334867,119.4104597,"VC86+J5 Baru, Kota Makassar, Sulawesi Selatan, Indonesia",4.4,620,+624113623362,,https://lh3.googleusercontent.com/gps-cs-s/AHRPTWnY94gtyQktC_DuB7pKedmCwXeFPw1x0Yd1yJkBFjs5boPpjs0QcDCLdCb-7ZrRYlyRTvH2UEaH8AcLm3a6eGbVlYKAe2TAtIxqyoHqP4TVKoZ34Ee1jylEjkCrpFYDmkjfL9SO=w408-h306-k-no,"Senin,07.00 hingga 22.00 | Selasa,07.00 hingga 22.00 | Rabu,07.00 hingga 22.00 | Kamis,07.00 hingga 22.00 | Jumat,07.00 hingga 22.00 | Sabtu,07.00 hingga 22.00 | Minggu,07.00 hingga 22.00",https://www.google.com/maps/place/Benz+Bakery+%26+Cafe/data=!4m7!3m6!1s0x2dbf02af188af88b:0x30c5bded84bbc63d!8m2!3d-5.1334867!4d119.4104597!16s%2Fg%2F11b807sqc0!19sChIJi_iKGK8Cvy0RPca7hO29xTA,cafe Makassar
101,Etika Studio,Kafe,"Jl. Tamalate No.Kav. 8, Karunrung, Kec. Rappocini, Kota Makassar, Sulawesi Selatan 90221, Indonesia",Makassar,-5.1740486,119.4462379,"RCGW+9F Karunrung, Kota Makassar, Sulawesi Selatan, Indonesia",4.5,479,,http://www.etikastudio.id/,https://lh3.googleusercontent.com/gps-cs-s/AHRPTWmrcGx4wXM2gL1lwNdvMwZA0ZKFoJrOrovJG5zWPq8-6UV9pBJfgdn5XYia4pONedH5snFuS_FF58EUoAZcSDUXrC5V6kDZudkZPuBsltTD4awMRUrMDIIR5e4x0qLQlqEfRiLfUg=w426-h240-k-no,"Senin,05.00 hingga 23.00 | Selasa,05.00 hingga 23.00 | Rabu,05.00 hingga 23.00 | Kamis,05.00 hingga 23.00 | Jumat,05.00 hingga 23.00 | Sabtu,05.00 hingga 23.00 | Minggu,05.00 hingga 23.00",https://www.google.com/maps/place/Etika+Studio/data=!4m7!3m6!1s0x2dbee2f416ad505b:0x2f44792afda2f287!8m2!3d-5.1740486!4d119.4462379!16s%2Fg%2F11ggt5lcvl!19sChIJW1CtFvTivi0Rh_Ki_Sp5RC8,cafe Makassar
102,Cafe Pelangi,Kafe,"Jl. Botolempangan No.2, Sawerigading, Kec. Ujung Pandang, Kota Makassar, Sulawesi Selatan 90115, Indonesia",Makassar,-5.1376406,119.4102744,"VC66+W4 Sawerigading, Kota Makassar, Sulawesi Selatan, Indonesia",4.4,613,+624113639899,,https://lh3.googleusercontent.com/gps-cs-s/AHRPTWmL-BsCVDhMAc2SqU7boXoAx6pfvYGGaTqkUBd0osfN6UbKxRPhQ5p-oww-bKCltXdrWsLZPZUnbshWG-RAS12tElrgNKSem08OrbHJXKrBX82LSmyRMCaHQCqZ76S-4L-S7r-c=w408-h680-k-no,"Senin,08.00 hingga 22.00 | Selasa,08.00 hingga 22.00 | Rabu,08.00 hingga 22.00 | Kamis,08.00 hingga 22.00 | Jumat,08.00 hingga 22.00 | Sabtu,08.00 hingga 22.00 | Minggu,08.00 hingga 22.00",https://www.google.com/maps/place/Cafe+Pelangi/data=!4m7!3m6!1s0x2dbf02ae971150bd:0xf4abf6169b67fd6!8m2!3d-5.1376406!4d119.4102744!16s%2Fg%2F1hm5wd1tl!19sChIJvVARl64Cvy0R1n-2aWG_Sg8,cafe Makassar
103,Kampoeng Popsa,Pujasera,"Jl. Ujung Pandang No.4, Bulo Gading, Kec. Ujung Pandang, Kota Makassar, Sulawesi Selatan 90171, Indonesia",Makassar,-5.1337072,119.4044637,"VC83+GQ Bulo Gading, Kota Makassar, Sulawesi Selatan, Indonesia",4.4,4221,+6281389871114,,https://lh3.googleusercontent.com/gps-cs-s/AHRPTWkDHQ8QlPQR6lWJOO85HKB6-WuOG2BwTT_Pvwpe0V7ejEfNooJ5QL90l5NlK9Glwgt6e0djevRJQ688nOIb5vqBst9PC2175Y14Evr5wVb5SA0E-o4beo-inZy8FaTDyHVoXei8xaqbreU=w408-h544-k-no,"Senin,07.00 hingga 22.00 | Selasa,07.00 hingga 22.00 | Rabu,07.00 hingga 22.00 | Kamis,07.00 hingga 22.00 | Jumat,07.00 hingga 22.00 | Sabtu,07.00 hingga 22.00 | Minggu,07.00 hingga 22.00",https://www.google.com/maps/place/Kampoeng+Popsa/data=!4m7!3m6!1s0x2dbf02ba9c97c131:0xf59a1b0def4f4264!8m2!3d-5.1337072!4d119.4044637!16s%2Fg%2F1tg96k79!19sChIJMcGXnLoCvy0RZEJP7w0bmvU,cafe Makassar | kedai kopi Makassar
104,Cafe The Urip'Z,Kafe,"Jl. Urip Sumoharjo No.30, Maccini, Kec. Makassar, Kota Makassar, Sulawesi Selatan 90144, Indonesia",Makassar,-5.1350433,119.4306966,"VC7J+X7 Maccini, Kota Makassar, Sulawesi Selatan, Indonesia",4.6,78,+6282350211832,,https://lh3.googleusercontent.com/gps-cs-s/AHRPTWnxxfnfQXpqzbYT4lFf2ygTf057Fcz5wuwHdp4iygJtUJ773hPDU44KxpQli07QUqkLS9_RvtWBotboqQgFXB3-N9n3Oo4g_UNOhy15BqezKpuwaYwv6sz1jYI8slGW7vGhxNw=w426-h240-k-no,"Senin,09.00 hingga 01.00 | Selasa,09.00 hingga 01.00 | Rabu,09.00 hingga 01.00 | Kamis,09.00 hingga 01.00 | Jumat,09.00 hingga 01.00 | Sabtu,09.00 hingga 01.00 | Minggu,09.00 hingga 01.00",https://www.google.com/maps/place/Cafe+The+Urip%27Z/data=!4m7!3m6!1s0x2dbefd4e34cf40b1:0x1389ca0348978689!8m2!3d-5.1350433!4d119.4306966!16s%2Fg%2F11c43pcdnf!19sChIJsUDPNE79vi0RiYaXSAPKiRM,cafe Makassar
105,RPP Ropang Plus Plus Perintis,Restoran,"Jl. Perintis Kemerdekaan No.KM12, Kapasa, Kec. Tamalanrea, Kota Makassar, Sulawesi Selatan 90245, Indonesia",Makassar,-5.12704,119.5012654,"VGF2+5G Kapasa, Kota Makassar, Sulawesi Selatan, Indonesia",4.4,384,+6281211179883,,https://lh3.googleusercontent.com/gps-cs-s/AHRPTWlYzP_6y-qdLfwa086cCkJ6IARfhcUAqBRkR5kfYMYN6HPdH_L79I7wc9U5fX7Dy2FenkF9g9-jdoyuczSw5Ffh7wcVdFRVZq2dj2zvnWS7kuqqkyuioaj6zgQoop6dM_v2M33We9bb0NFt=w408-h544-k-no,,https://www.google.com/maps/place/RPP+Ropang+Plus+Plus+Perintis/data=!4m7!3m6!1s0x2dbefd90273b6b6f:0x1cbb79fa1b3846ce!8m2!3d-5.12704!4d119.5012654!16s%2Fg%2F11rd3hd9kz!19sChIJb2s7J5D9vi0RzkY4G_p5uxw,cafe Makassar
106,Duajiwa Coffee,Kedai Kopi,"Jl. Andi Djemma No.60, Banta-Bantaeng, Kec. Rappocini, Kota Makassar, Sulawesi Selatan 90231, Indonesia",Makassar,-5.1640141,119.4240097,"RCPF+9J Banta-Bantaeng, Kota Makassar, Sulawesi Selatan, Indonesia",4.7,215,+6281243108969,,https://lh3.googleusercontent.com/gps-cs-s/AHRPTWn3OjLrbGy7A0V34oyEL6h1GgCclN6dbqtWtc-tVrd1wMWadhtbLZzEghaVi7tB_t2EfpUGKuqOLs8HWc1FIEZbxvJOe3eIUjaSfxY_j179-M57ME3wqufSNf5KKk3rmDDS3xPZ=w507-h240-k-no,"Senin,08.00 hingga 22.00 | Selasa,08.00 hingga 22.00 | Rabu,08.00 hingga 22.00 | Kamis,08.00 hingga 22.00 | Jumat,08.00 hingga 22.00 | Sabtu,08.00 hingga 22.00 | Minggu,08.00 hingga 22.00",https://www.google.com/maps/place/Duajiwa+Coffee/data=!4m7!3m6!1s0x2dbee3d0af61df85:0x1dc06285a9fed781!8m2!3d-5.1640141!4d119.4240097!16s%2Fg%2F11fmqn9jyc!19sChIJhd9hr9Djvi0Rgdf-qYViwB0,cafe Makassar
107,Donald Mee Cafe,Restoran Hidangan Mie China,"Jl. Karunrung No.5, Sawerigading, Kec. Ujung Pandang, Kota Makassar, Sulawesi Selatan 90113, Indonesia",Makassar,-5.1448483,119.4138433,"VC47+3G Sawerigading, Kota Makassar, Sulawesi Selatan, Indonesia",4.5,1782,+6281526801722,https://linktr.ee/donaldmee,https://lh3.googleusercontent.com/gps-cs-s/AHRPTWngF_fncLho_m8fL7vRnurQTcpBycxkgG1EOVY0NVn-hKdtcXHOr2uGyjNdlgqc4nuDvkJMbbU3hkoxnWwb8ZselBrd4ta8kLu8xJ5e1ACO5Tx16NGl1ll7l_34auYyAFIEi_Jv=w408-h306-k-no,"Senin,08.00 hingga 22.30 | Selasa,08.00 hingga 22.30 | Rabu,08.00 hingga 22.30 | Kamis,08.00 hingga 22.30 | Jumat,08.00 hingga 22.30 | Sabtu,08.00 hingga 22.30 | Minggu,08.00 hingga 22.30",https://www.google.com/maps/place/Donald+Mee+Cafe/data=!4m7!3m6!1s0x2dbf1d5459dc0963:0xec263489c36f2d74!8m2!3d-5.1448483!4d119.4138433!16s%2Fg%2F1pztj0k4t!19sChIJYwncWVQdvy0RdC1vw4k0Juw,cafe Makassar
108,GAUL COFFEE PANAKKUKANG MAKASSAR,Kafe,"RCWQ+5W6, Jl. Topaz Raya, Masale, Kec. Panakkukang, Kota Makassar, Sulawesi Selatan 90231, Indonesia",Makassar,-5.1545843,119.4397581,,4.6,42,,,https://lh3.googleusercontent.com/gps-cs-s/AHRPTWmEgPJsIgbBEfpjldFlOyMY0dQWFsuM8JA40qy4HuuAz_FbQ-y-JRBmziNzilp1UocRO8ml1gcMeU_NjbB7Ia6wNvnZ5CHRO7_4Br3z-9_eJf-EPgIHdfznF-yPFUdXimK5wEeJdQ=w408-h258-k-no,"Senin,Buka 24 jam | Selasa,Buka 24 jam | Rabu,Buka 24 jam | Kamis,Buka 24 jam | Jumat,Buka 24 jam | Sabtu,Buka 24 jam | Minggu,Buka 24 jam",https://www.google.com/maps/place/GAUL+COFFEE+PANAKKUKANG+MAKASSAR/data=!4m7!3m6!1s0x2dbee311d508f639:0x97792d35e93db809!8m2!3d-5.1545843!4d119.4397581!16s%2Fg%2F11fstw3w7k!19sChIJOfYI1RHjvi0RCbg96TUteZc,cafe Makassar | coffee shop Makassar
109,Social Barn Boulevard,Restoran,"Jl. Boulevard Raya Kelap Gading, Masale, Kec. Panakkukang, Kota Makassar, Sulawesi Selatan 90231, Indonesia",Makassar,-5.1565749,119.4443185,"RCVV+9P Masale, Kota Makassar, Sulawesi Selatan, Indonesia",4.4,364,,,https://lh3.googleusercontent.com/gps-cs-s/AHRPTWm9i2OI8y4dXeiPfzkU6Qf_mZKWcB0cCDwu34iFWwIouttW4_uZxGqR5H3OzyNQjOmD5SXWzvpWgqbIBeaMfLHlotigJGrNFyv619wWRNlhpHHze4nsfd6L4cd_DjAVZYEgCrU=w426-h240-k-no,"Senin,06.00 hingga 23.00 | Selasa,06.00 hingga 23.00 | Rabu,06.00 hingga 23.00 | Kamis,06.00 hingga 23.00 | Jumat,06.00 hingga 23.00 | Sabtu,06.00 hingga 23.30 | Minggu,06.00 hingga 23.30",https://www.google.com/maps/place/Social+Barn+Boulevard/data=!4m7!3m6!1s0x2dbee30034d03f89:0x56872ddd52c89df9!8m2!3d-5.1565749!4d119.4443185!16s%2Fg%2F11y422btml!19sChIJiT_QNADjvi0R-Z3IUt0th1Y,cafe Makassar
110,Crematology X Makassar,Kedai Kopi,"Jl. Metro Tj. Bunga No.2, Panambungan, Kec. Mariso, Kota Makassar, Sulawesi Selatan 90112, Indonesia",Makassar,-5.1521777,119.4041426,"RCX3+4M Panambungan, Kota Makassar, Sulawesi Selatan, Indonesia",4.5,58,+624118052281,https://instagram.com/crematology?utm_source=ig_profile_share&igshid=tx1szwapq4cq,https://lh3.googleusercontent.com/gps-cs-s/AHRPTWncFkV7uju8Njmk8vabpi3G9XZB84e_QwtiQ-QaYmbhTExdowOAfaNfGI132G7YMUT2lD5L_m2Ubc61wgjbcYBsAV11L3g7rIcyc3Rgg_u8-56n3xIML1srN_ICw3ws-twJ6fSk=w408-h306-k-no,"Senin,10.00 hingga 22.00 | Selasa,10.00 hingga 22.00 | Rabu,10.00 hingga 22.00 | Kamis,10.00 hingga 22.00 | Jumat,10.00 hingga 00.00 | Sabtu,10.00 hingga 00.00 | Minggu,10.00 hingga 22.00",https://www.google.com/maps/place/Crematology+X+Makassar/data=!4m7!3m6!1s0x2dbf1d0ae24b7001:0xe5b854bb0f0e1aa0!8m2!3d-5.1521777!4d119.4041426!16s%2Fg%2F11fct7ctjp!19sChIJAXBL4godvy0RoBoOD7tUuOU,cafe Makassar | kedai kopi Makassar | coffee shop Makassar
111,Cafe Bulukopi Makassar (Ex Cafe Arwes),Kafe,"Jl. Waduk Tunggu Pampang No.D/23, Antang, Kec. Manggala, Kota Makassar, Sulawesi Selatan 90231, Indonesia",Makassar,-5.1656603,119.4715384,"RFMC+PJ Antang, Kota Makassar, Sulawesi Selatan, Indonesia",4.7,38,+6282141143845,http://www.instagram.com/buluukopi.id,https://lh3.googleusercontent.com/gps-cs-s/AHRPTWn6zyXF_DNg6fk2KRwcFjCKouoezFU6i8RWYwm4nXD09Sz5e4fEu54EPLXOwPgR1EguSnV0uRFDIwNQ3MAtmXDTp6xZmApfKSMP_8De2oDyInhMKEC2M2rUzF4xBg2ARPa7KvWNpDJFneg=w408-h725-k-no,"Senin,07.30 hingga 22.30 | Selasa,07.30 hingga 22.30 | Rabu,07.30 hingga 22.30 | Kamis,07.30 hingga 22.30 | Jumat,07.30 hingga 22.30 | Sabtu,07.30 hingga 22.30 | Minggu,07.30 hingga 22.30",https://www.google.com/maps/place/Cafe+Bulukopi+Makassar+%28Ex+Cafe+Arwes%29/data=!4m7!3m6!1s0x2dbee3b8b0479adf:0x83490a45c2f041a2!8m2!3d-5.1656603!4d119.4715384!16s%2Fg%2F11sw10slj0!19sChIJ35pHsLjjvi0RokHwwkUKSYM,cafe Makassar
112,Panbakers Latimojong,Kedai Sarapan & Makan Siang,"Jl. Gunung Latimojong No.140, Maradekaya Sel., Kec. Makassar, Kota Makassar, Sulawesi Selatan 90141, Indonesia",Makassar,-5.1449618,119.4210281,"VC4C+2C Maradekaya Sel., Kota Makassar, Sulawesi Selatan, Indonesia",4.7,2590,+624113618358,https://www.instagram.com/panbakers/,https://lh3.googleusercontent.com/gps-cs-s/AHRPTWl5GizqvLuOzc4AD_Qq-OtnsphGjNlthJQAuAuCwv-7hkHleIAP0HlrfskO7Hpc9_w3DBLR3KmhbIYQumj2Eeu7-eKvdD37r2o2K3sC1E0lV_63tw8YALbrIT_DvRm80G2OeQHbkQ=w408-h306-k-no,"Senin,10.00 hingga 23.00 | Selasa,10.00 hingga 23.00 | Rabu,10.00 hingga 23.00 | Kamis,10.00 hingga 23.00 | Jumat,10.00 hingga 23.00 | Sabtu,10.00 hingga 23.00 | Minggu,10.00 hingga 23.00",https://www.google.com/maps/place/Panbakers+Latimojong/data=!4m7!3m6!1s0x2dbee2abaea30ac1:0xfd19325dfb81bb1b!8m2!3d-5.1449618!4d119.4210281!16s%2Fg%2F11f38tmsz4!19sChIJwQqjrqvivi0RG7uB-10yGf0,cafe Makassar
113,Azzahrah,Kedai Kopi,"Jl. Bandang No.194 / 196, Parang Layang, Kec. Bontoala, Kota Makassar, Sulawesi Selatan 90155, Indonesia",Makassar,-5.1229043,119.4186706,"VCG9+RF Parang Layang, Kota Makassar, Sulawesi Selatan, Indonesia",4.5,1927,+628114491925,,https://lh3.googleusercontent.com/gps-cs-s/AHRPTWnJYxwCWFGq0c1oxPv5Zhf91-lxQLzVYd6hAn0NcKPw61o82-BoF5kiVJb2S9UxJoCXWbItLR1moNvCTe0DLAyvZxJr6mUTgcsOJldCI-_2LIsMvJH8D5mPALfMdZdvEcMA1dYH8lQIcKl_=w408-h544-k-no,"Senin,Buka 24 jam | Selasa,Buka 24 jam | Rabu,Buka 24 jam | Kamis,Buka 24 jam | Jumat,Buka 24 jam | Sabtu,Buka 24 jam | Minggu,Buka 24 jam",https://www.google.com/maps/place/Azzahrah/data=!4m7!3m6!1s0x2dbefd603d2cfe91:0x3236e18c4937f517!8m2!3d-5.1229043!4d119.4186706!16s%2Fg%2F11b77pr8z6!19sChIJkf4sPWD9vi0RF_U3SYzhNjI,warkop Makassar | kedai kopi Makassar
114,Kampoeng Clasik,Kedai Kopi,"Jl. Perintis Kemerdekaan No.km. 16, RW.5, Pai, Kec. Biringkanaya, Kota Makassar, Sulawesi Selatan 90243, Indonesia",Makassar,-5.0910107,119.5165579,"WG58+HJ Pai, Kota Makassar, Sulawesi Selatan, Indonesia",4.8,26,+6282116161188,,https://lh3.googleusercontent.com/gps-cs-s/AHRPTWmMPNY6UDENS6yFKRz7LoG8EMwAsnEdca99q27mnpEdTx3TKlelxvVJr3oyQnZeyMOG3vxh0VcaJa3hg3FyjXVsX8lNvyAToPYV4qA_Lu5ji4iU2wBhabmG7FQqvWsRANGkFCkI=w408-h306-k-no,"Senin,09.30 hingga 00.00 | Selasa,09.30 hingga 00.00 | Rabu,09.30 hingga 00.00 | Kamis,09.30 hingga 00.00 | Jumat,09.00 hingga 00.00 | Sabtu,14.30 hingga 00.00 | Minggu,14.30 hingga 00.00",https://www.google.com/maps/place/Kampoeng+Clasik/data=!4m7!3m6!1s0x2dbee3bcd34f509d:0x4bad949257643c9c!8m2!3d-5.0910107!4d119.5165579!16s%2Fg%2F11s58zm26n!19sChIJnVBP07zjvi0RnDxkV5KUrUs,warkop Makassar
115,PUSAT UMKM EWR,Kafe,"Jl. Perintis Kemerdekaan No.km.12, RW.no.160, Tamalanrea, Kec. Tamalanrea, Kota Makassar, Sulawesi Selatan 90241, Indonesia",Makassar,-5.1274522,119.5019116,"VGF2+2Q Tamalanrea, Kota Makassar, Sulawesi Selatan, Indonesia",4.4,300,+628118905155,,https://lh3.googleusercontent.com/gps-cs-s/AHRPTWn0hiZZvUZJBzvhQKNv6a4QvY_fAUFs-8d3qw25PwUmP4NQj87ZgX_r71FbkwhioKeUot3aM10lRTYaqS7jXNHVr4ndXtJhC8qvOycJ8TffK5QzPI6HB5xOSaOD6VLqmo6BJi44Jlc_LCt_=w426-h240-k-no,"Senin,Buka 24 jam | Selasa,Buka 24 jam | Rabu,Buka 24 jam | Kamis,Buka 24 jam | Jumat,Buka 24 jam | Sabtu,Buka 24 jam | Minggu,Buka 24 jam",https://www.google.com/maps/place/PUSAT+UMKM+EWR/data=!4m7!3m6!1s0x2dbefd427ea94c0d:0xb06efe78efcde501!8m2!3d-5.1274522!4d119.5019116!16s%2Fg%2F1hm1tk2td!19sChIJDUypfkL9vi0RAeXN73j-brA,warkop Makassar
116,Warkop Bugis,Kedai Kopi,"Jl. Toddopuli Raya, Raya Utara, Kec. Panakkukang, Kota Makassar, Sulawesi Selatan 90231, Indonesia",Makassar,-5.1615405,119.4543071,"RFQ3+9P Paropo, Kota Makassar, Sulawesi Selatan, Indonesia",4.6,867,+6285100332222,,https://lh3.googleusercontent.com/gps-cs-s/AHRPTWk8hcIejFWWksP_RJt2lOJX4v0lAxZtj8Q1fSvljmabWLV3GqiKBYwAsauj_i_3F-7JKnjh9xbpApN1Kvs3FcYwC5_Lvy_3BNcMCz2IJF8wbNsK9Xj9Sqynwx7vV6jxeEFFOYtndKVMW-Hw=w408-h544-k-no,"Senin,Buka 24 jam | Selasa,Buka 24 jam | Rabu,Buka 24 jam | Kamis,Buka 24 jam | Jumat,Buka 24 jam | Sabtu,Buka 24 jam | Minggu,Buka 24 jam",https://www.google.com/maps/place/Warkop+Bugis/data=!4m7!3m6!1s0x2dbee361b6079739:0x92dd35ddf61ce6a6!8m2!3d-5.1615405!4d119.4543071!16s%2Fg%2F11g1hmkg36!19sChIJOZcHtmHjvi0RpuYc9t013ZI,warkop Makassar
117,"Om Ben Coffee, Mie Pangsit Om Ben",Kedai Kopi,"Ruko Permata Mutiara, Jl. Daeng Tata Raya Jl. Permata Mutiara Raya No.39 Blk B, RW.001, Parang Tambung, Kec. Tamalate, Kota Makassar, Sulawesi Selatan 90224, Indonesia",Makassar,-5.1827952,119.422219,"RC8C+VV Parang Tambung, Kota Makassar, Sulawesi Selatan, Indonesia",4.5,555,+628123740419,,https://lh3.googleusercontent.com/gps-cs-s/AHRPTWleMPIJtTFzv2SqgMLQHXaF8eXazOKnz9LnwFPducV1UU7J8JcvBeNUw0ZMfX1_BrSZK669q86LljjP3GfSM4atEffG3biUL0Vj4OhPLSRt-0Rp6hNR6htdvMPtZLqJ2ntOy-1ntwUpVVlR=w408-h612-k-no,"Senin,Buka 24 jam | Selasa,Buka 24 jam | Rabu,Buka 24 jam | Kamis,Buka 24 jam | Jumat,Buka 24 jam | Sabtu,Buka 24 jam | Minggu,Buka 24 jam","https://www.google.com/maps/place/Om+Ben+Coffee,+Mie+Pangsit+Om+Ben/data=!4m7!3m6!1s0x2dbee27ef66ab611:0xa9b084d6bb785986!8m2!3d-5.1827952!4d119.422219!16s%2Fg%2F11b75pgtv6!19sChIJEbZq9n7ivi0Rhll4u9aEsKk",warkop Makassar
118,Warkop 27 boslompoa,Kedai Kopi,"Jl. Sultan Alauddin No.27, Mangasa, Kec. Tamalate, Kota Makassar, Sulawesi Selatan 90221, Indonesia",Makassar,-5.1827703,119.4338543,"RC8M+VG Mangasa, Kota Makassar, Sulawesi Selatan, Indonesia",4.3,827,+6281342200279,,https://lh3.googleusercontent.com/gps-cs-s/AHRPTWl9aT1CLdhWbjv1OdJjk_Jy2AifO1Kd0noua5p02-WrOGgwLKKhi-0e2YdXFBnMOnxdcAVDriZN6Kgx8PrZRwe2IO9mp9f2tcS9VP2s7BS3vlMknBSu0Ga3ajN2bwEWpSduri-w1A=w426-h240-k-no,"Senin,08.00 hingga 00.00 | Selasa,08.00 hingga 00.00 | Rabu,08.00 hingga 00.00 | Kamis,08.00 hingga 00.00 | Jumat,08.00 hingga 00.00 | Sabtu,08.00 hingga 00.00 | Minggu,08.00 hingga 00.00",https://www.google.com/maps/place/Warkop+27+boslompoa/data=!4m7!3m6!1s0x2dbee3b37081011b:0x43896aa0c329c22e!8m2!3d-5.1827703!4d119.4338543!16s%2Fg%2F11fl087tnb!19sChIJGwGBcLPjvi0RLsIpw6BqiUM,warkop Makassar
119,Kopi Bundu Talasalapang,Kedai Kopi,"Jalan Talasalapang BPH Plasa Ruko N1 No. 1, Karunrung, Kec. Rappocini, Kota Makassar, Sulawesi Selatan 90221, Indonesia",Makassar,-5.1832518,119.4478154,"RC8X+M4 Karunrung, Kota Makassar, Sulawesi Selatan, Indonesia",4.4,1312,+628114442399,,https://lh3.googleusercontent.com/gps-cs-s/AHRPTWmCZLHz3paqmMhW2yyBSVZmrFQvhVwxOshufHaJvMLvpZYEssXvKkn0v7dz35AYIoaKTxQ5SZ4ZWjs4klyaWqOdZAjD-yYoxMN9NvS3sn7bMz-5TorZLlAIqfh6Ge9WSq_-DwM_nSLKKypz=w436-h240-k-no,"Senin,07.00 hingga 01.00 | Selasa,07.00 hingga 01.00 | Rabu,07.00 hingga 01.00 | Kamis,07.00 hingga 01.00 | Jumat,07.00 hingga 01.00 | Sabtu,07.00 hingga 01.00 | Minggu,07.00 hingga 01.00",https://www.google.com/maps/place/Kopi+Bundu+Talasalapang/data=!4m7!3m6!1s0x2dbee25bfa5e9f15:0x45c778b92edbddb9!8m2!3d-5.1832518!4d119.4478154!16s%2Fg%2F11b75j4dds!19sChIJFZ9e-lvivi0Rud3bLrl4x0U,warkop Makassar
120,Warkop Lima Satu,Kedai Kopi,"VGJ5+4QR, Jl. Perintis Kemerdekaan, Paccerakkang, Kec. Biringkanaya, Kota Makassar, Sulawesi Selatan 90245, Indonesia",Makassar,-5.1196318,119.5093918,,4.4,2292,+628114485151,http://bajiki.com/warkop51/,https://lh3.googleusercontent.com/gps-cs-s/AHRPTWkt3EOg3IGXHV28TWMajWwBUa7pstc2xyjsdCestZsrKhT1JGkWatnVDDxzPzbEZWZfoVgrpS6i3434P_Qdk5AM01X4PSxaguMIcQI5ASqJI9zt0x2vBh1B9l8NO_DuUXL4hfY=w408-h306-k-no,"Senin,Buka 24 jam | Selasa,Buka 24 jam | Rabu,Buka 24 jam | Kamis,Buka 24 jam | Jumat,Buka 24 jam | Sabtu,Buka 24 jam | Minggu,Buka 24 jam",https://www.google.com/maps/place/Warkop+Lima+Satu/data=!4m7!3m6!1s0x2dbefc9ff685734f:0x31a23d5a91251c6a!8m2!3d-5.1196318!4d119.5093918!16s%2Fg%2F1hm3f3hb3!19sChIJT3OF9p_8vi0RahwlkVo9ojE,warkop Makassar
121,Warkop LaKopi Hertasning,Kedai Kopi,"Jl. Letjen Hertasning No.11 Blok F28, Masale, Panakkukang, Makassar City, South Sulawesi 90222, Indonesia",,-5.1620018,119.440516,"RCQR+56 Masale, Kota Makassar, Sulawesi Selatan, Indonesia",4.5,1398,+6281293858838,https://www.instagram.com/lakopimakassar?igsh=azF2bmJuejA3M2Nm,https://lh3.googleusercontent.com/gps-cs-s/AHRPTWlofzd8wx8DGqhaioKbSgUCaUt0ZbgBqltWsSp8uzux6wlzX4sW3g2Wq0VVh4J76bOMV9bNSmnOs73ivYVkZWJhS_qvvrTle7UCc3yjsWyaOzji6Z0rxcVCCGVfFpD1ahM4Woij=w426-h240-k-no,"Senin,08.00 hingga 00.00 | Selasa,08.00 hingga 00.00 | Rabu,08.00 hingga 00.00 | Kamis,08.00 hingga 00.00 | Jumat,08.00 hingga 00.00 | Sabtu,08.00 hingga 00.00 | Minggu,08.00 hingga 00.00",https://www.google.com/maps/place/Warkop+LaKopi+Hertasning/data=!4m7!3m6!1s0x2dbee3cf936f8017:0x591d31a8babfad78!8m2!3d-5.1620018!4d119.440516!16s%2Fg%2F11gx_xdgln!19sChIJF4Bvk8_jvi0ReK2_uqgxHVk,warkop Makassar
122,Warkop Toddopuli,Kedai Kopi,"Jl. Toddopuli raya utara Blk. D No.29-31, Paropo, Kec. Panakkukang, Kota Makassar, Sulawesi Selatan 90233, Indonesia",Makassar,-5.1614096,119.4539655,"RFQ3+CH Paropo, Kota Makassar, Sulawesi Selatan, Indonesia",4.3,526,+6281354890890,,https://lh3.googleusercontent.com/gps-cs-s/AHRPTWnoeIh9fh_OyZ5DtzubO6R_8eAqMwVq_qCOdjdbFSIP0tSoVri_89bDnCJGOwRfjaCfaOvwxzheSBP5wmzcqhxSR9pyNDYqJfY9FUVx_83Gf5LLnTyzpdx_VRMxBlfp3Mv-yYLwBg=w408-h408-k-no,"Senin,Buka 24 jam | Selasa,Buka 24 jam | Rabu,Buka 24 jam | Kamis,Buka 24 jam | Jumat,Buka 24 jam | Sabtu,Buka 24 jam | Minggu,Buka 24 jam",https://www.google.com/maps/place/Warkop+Toddopuli/data=!4m7!3m6!1s0x2dbee2e7cc78df19:0x30579ec2a3dbe0d3!8m2!3d-5.1614096!4d119.4539655!16s%2Fg%2F1hm4mf21m!19sChIJGd94zOfivi0R0-Dbo8KeVzA,warkop Makassar
123,IJHO CELL,Kedai Kopi,"Jl. Sultan Alauddin No.2, Mangasa, Kec. Tamalate, Kota Makassar, Sulawesi Selatan 90221, Indonesia",Makassar,-5.178379,119.4359706,"RCCP+J9 Mangasa, Kota Makassar, Sulawesi Selatan, Indonesia",4.4,735,+6285186662781,http://www.warkopbatara99.com/,https://lh3.googleusercontent.com/gps-cs-s/AHRPTWkaYOTmeq9PglwEhlI3mEPyMRcvT7pvstTY824I-ul3vvprHwNQfdSrUpdsCgbdSUDiYdmu-eaF4bmpjUvB3px4okSloHIKJO2RzQliX2-imAcI0EHvvZmjqREOi8lb7Z5UeOA=w408-h544-k-no,"Senin,07.30 hingga 10.00 | Selasa,07.00 hingga 10.00 | Rabu,07.00 hingga 10.00 | Kamis,07.00 hingga 10.00 | Jumat,07.00 hingga 10.00 | Sabtu,Tutup | Minggu,Tutup",https://www.google.com/maps/place/IJHO+CELL/data=!4m7!3m6!1s0x2dbee2bbdb69cb87:0x6fba8bc719875136!8m2!3d-5.178379!4d119.4359706!16s%2Fg%2F11cn9fmbk3!19sChIJh8tp27vivi0RNlGHGceLum8,warkop Makassar
124,Kopi BUNDU Balai Aroeppala,Kedai Kopi,"Jl. Aroeppala No.99, Karunrung, Kec. Rappocini, Kota Makassar, Sulawesi Selatan 90221, Indonesia",Makassar,-5.1765744,119.4571521,"RFF4+9V Karunrung, Kota Makassar, Sulawesi Selatan, Indonesia",4.4,1723,,https://www.instagram.com/kopi.bundu.aroeppala?igsh=MWpwbTB2Zmd0dHNkbw==,https://lh3.googleusercontent.com/gps-cs-s/AHRPTWkxsraPoOxC9DoMyxwOAfozKHpLLi1nougv3ge_RRNkhqyPxcvvqFbF_T_KH6bGyKrrBsuaGYM5INcbAD_g9BIdUskP8D3DrjuqBNmO3rmqj0bm3qYpFcWe9GSH77r3WKVoujS_gg=w408-h306-k-no,"Senin,07.00 hingga 00.00 | Selasa,07.00 hingga 00.00 | Rabu,07.00 hingga 00.00 | Kamis,07.00 hingga 00.00 | Jumat,07.00 hingga 00.00 | Sabtu,07.00 hingga 00.00 | Minggu,07.00 hingga 00.00",https://www.google.com/maps/place/Kopi+BUNDU+Balai+Aroeppala/data=!4m7!3m6!1s0x2dbee2ff58a0fd57:0xaa63a20744f6d5ea!8m2!3d-5.1765744!4d119.4571521!16s%2Fg%2F11b6yzrdnl!19sChIJV_2gWP_ivi0R6tX2RAeiY6o,warkop Makassar
125,Warkop 46 Makassar,Kedai Kopi,"Jl. Pelita Raya No.46, Balla Parang, Kec. Rappocini, Kota Makassar, Sulawesi Selatan 90231, Indonesia",Makassar,-5.1538926,119.4348312,"RCWM+CW Balla Parang, Kota Makassar, Sulawesi Selatan, Indonesia",4.9,24,,,https://lh3.googleusercontent.com/gps-cs-s/AHRPTWl6GLOUwXBNMpLuPbKUtkDXcYLeR-Gisbeh7aUWhosU7078vGiUiciejPwIs72WfySrm3Os8I9zQI-uDtukIthNSDKt96L20rIPEz6Ll5rCzvSFZoTi4f-CEZ7hwnzShPKBuE9Jwb8GNvRr=w408-h544-k-no,"Senin,07.00 hingga 01.00 | Selasa,07.00 hingga 01.00 | Rabu,07.00 hingga 01.00 | Kamis,07.00 hingga 01.00 | Jumat,07.00 hingga 01.00 | Sabtu,07.00 hingga 01.00 | Minggu,10.00 hingga 01.00",https://www.google.com/maps/place/Warkop+46+Makassar/data=!4m7!3m6!1s0x2dbee300424731e5:0x9c10cbba33f43696!8m2!3d-5.1538926!4d119.4348312!16s%2Fg%2F11lw3bykxc!19sChIJ5TFHQgDjvi0Rljb0M7rLEJw,warkop Makassar
126,Warkop MOT15 Makassar,Kafe,"Jl. Sultan Alauddin No.58, Pa'baeng-Baeng, Kec. Tamalate, Kota Makassar, Sulawesi Selatan 90221, Indonesia",Makassar,-5.1715175,119.4260747,"RCHG+9C Pa'baeng-Baeng, Kota Makassar, Sulawesi Selatan, Indonesia",5,22,+6285255511165,https://instagram.com/warkopmot15?igshid=7gf3fm72kv4p,https://lh3.googleusercontent.com/gps-cs-s/AHRPTWme6fkg334PG1tyCkPny5zapG-lrw3REuUpVnyPSu0Ni5sid5d0G8WxA4lw5Nbrtm91QCtELnfAeDp6Fl1LHRFodpd_1xJZq_OzVkStUPhLU4FFY47mEAKPzSxpsKDH6ch5pBK21g=w426-h240-k-no,"Senin,09.00 hingga 22.00 | Selasa,09.00 hingga 22.00 | Rabu,09.00 hingga 22.00 | Kamis,09.00 hingga 22.00 | Jumat,09.00 hingga 22.00 | Sabtu,09.00 hingga 00.00 | Minggu,09.00 hingga 22.00",https://www.google.com/maps/place/Warkop+MOT15+Makassar/data=!4m7!3m6!1s0x2dbee33febaa635f:0x149138d7c95f876a!8m2!3d-5.1715175!4d119.4260747!16s%2Fg%2F11fvg_r4vc!19sChIJX2Oq6z_jvi0Raodfydc4kRQ,warkop Makassar
127,Warkop Megazone,Kedai Kopi,"Jl. Topaz Raya No.44, RT.3, Masale, Kec. Panakkukang, Kota Makassar, Sulawesi Selatan 90231, Indonesia",Makassar,-5.1552267,119.4410216,"RCVR+WC Masale, Kota Makassar, Sulawesi Selatan, Indonesia",4.6,185,,,https://lh3.googleusercontent.com/gps-cs-s/AHRPTWmFUx6NAnr4rsX4599JnqixN-gOyCrtJLkZ2iMSTvNUj4uyS-ukRtUbQbOq_eRMdIT-LDBSRJIoVaU-KNxT-6EIxCWrdqSlLDphY8N1464JyX0Lp-66OQROttp0JmJKIutVcybG=w426-h240-k-no,"Senin,06.00 hingga 00.00 | Selasa,06.00 hingga 00.00 | Rabu,06.00 hingga 00.00 | Kamis,06.00 hingga 00.00 | Jumat,06.00 hingga 00.00 | Sabtu,06.00 hingga 00.00 | Minggu,06.00 hingga 00.00",https://www.google.com/maps/place/Warkop+Megazone/data=!4m7!3m6!1s0x2dbee305d6d3af15:0x17538ebff253293c!8m2!3d-5.1552267!4d119.4410216!16s%2Fg%2F11lkfk4rnh!19sChIJFa_T1gXjvi0RPClT8r-OUxc,warkop Makassar
128,Warkop Daeng Uki,Kedai Kopi,"Jl. Beruang No.65, Bonto Biraeng, Kec. Mamajang, Kota Makassar, Sulawesi Selatan 90132, Indonesia",Makassar,-5.1598433,119.4192908,"RCR9+3P Bonto Biraeng, Kota Makassar, Sulawesi Selatan, Indonesia",4.8,83,+6281342301965,https://www.instagram.com/warkopdaenguki?igsh=YzBwbmR5Znp3MHRo,https://lh3.googleusercontent.com/gps-cs-s/AHRPTWnz5Vqz2brbTuvPXli6LTF9Ww7ai4ngWinFcMfcnU3aNGrno28lJ2tdBlhvAhWVb5rqX50-qMgVguEbdK_X7leDFGdLO2Q3j1zK-ROmlqa_TeNuqcbfVuWFRrdqzadWIDodaKbD=w426-h240-k-no,"Senin,06.00 hingga 22.00 | Selasa,06.00 hingga 22.00 | Rabu,06.00 hingga 22.00 | Kamis,06.00 hingga 22.00 | Jumat,06.00 hingga 22.00 | Sabtu,06.00 hingga 22.00 | Minggu,06.00 hingga 22.00",https://www.google.com/maps/place/Warkop+Daeng+Uki/data=!4m7!3m6!1s0x2dbee3874c3b472b:0x8bb0d4160c5dc710!8m2!3d-5.1598433!4d119.4192908!16s%2Fg%2F11ls60yq9w!19sChIJK0c7TIfjvi0REMddDBbUsIs,warkop Makassar
129,Warkop Dg Anas Faisal,Kedai Kopi,"Jalan Faisal 12 No.5, Banta-Bantaeng, Rappocini, Tidung, Kec. Rappocini, Kota Makassar, Sulawesi Selatan 90222, Indonesia",Makassar,-5.16599,119.4339834,"RCMM+JH Tidung, Kota Makassar, Sulawesi Selatan, Indonesia",4.6,705,+628124274747,,https://lh3.googleusercontent.com/gps-cs-s/AHRPTWlHKvEJtP-Mo5wtEt_6ukzTSvCvTAUtKHkSrPuAWqFEkGcZdb5tqHhR6vYj0R3Y7kf6-H8GdMFQ_UMt-PW_g93TK1xt0f-dyikpLb9427EpQRl5Zkm_Jngd76lWipes7m5AQZs=w408-h306-k-no,"Senin,05.30 hingga 18.00 | Selasa,05.30 hingga 18.00 | Rabu,05.30 hingga 18.00 | Kamis,05.30 hingga 18.00 | Jumat,05.30 hingga 18.00 | Sabtu,05.30 hingga 18.00 | Minggu,05.30 hingga 18.00",https://www.google.com/maps/place/Warkop+Dg+Anas+Faisal/data=!4m7!3m6!1s0x2dbee2916aaa1007:0x7042c9d82bb40415!8m2!3d-5.16599!4d119.4339834!16s%2Fg%2F11b76gmwlg!19sChIJBxCqapHivi0RFQS0K9jJQnA,warkop Makassar
130,Warkop 115,Kedai Kopi,"Jl. Toddopuli Raya Blok L No.1-2, Paropo, Kec. Panakkukang, Kota Makassar, Sulawesi Selatan 90231, Indonesia",Makassar,-5.160623,119.453367,"RFQ3+Q8 Paropo, Kota Makassar, Sulawesi Selatan, Indonesia",4.2,432,+624114663546,,https://lh3.googleusercontent.com/gps-cs-s/AHRPTWkiwxu17uMSNL1SPfoI4Ug_-ErcFDCpkMfsADvNQH3MROppz8D-HR2RBj4Ja_40Pp_LOo4N3QZLnPJm_SQMjxbEFyED_Dl-hxHwRjtSOS6uSKVmIhWuj6i5lMYZNDWCTEGcTZNPmQ=w408-h306-k-no,"Senin,Buka 24 jam | Selasa,Buka 24 jam | Rabu,Buka 24 jam | Kamis,Buka 24 jam | Jumat,Buka 24 jam | Sabtu,Buka 24 jam | Minggu,Buka 24 jam",https://www.google.com/maps/place/Warkop+115/data=!4m7!3m6!1s0x2dbee2e7db6160a5:0x5f74e35630f729dc!8m2!3d-5.160623!4d119.453367!16s%2Fg%2F11b771s8sv!19sChIJpWBh2-fivi0R3Cn3MFbjdF8,warkop Makassar
131,Warkop Pelita Makassar,Kedai Kopi,"Jl. Pelita Raya No.1, Masale, Kec. Rappocini, Kota Makassar, Sulawesi Selatan 90231, Indonesia",Makassar,-5.1491682,119.4373885,"VC2P+8X Masale, Kota Makassar, Sulawesi Selatan, Indonesia",4.4,276,+62811355303,,https://lh3.googleusercontent.com/gps-cs-s/AHRPTWmoNGM7q2HFfHED7oqnodkM0EqtM82eJwmZVIXiYWyZA-QscIboDnYVdFFBIrnjQw8wU6eH0rtlVCBHosK3AMhu9r8HKV88iG2TMhELOtRD9mBA57HS1dGYi05U-XjfD4aW_k_SDA=w408-h544-k-no,"Senin,05.00 hingga 22.00 | Selasa,05.00 hingga 22.00 | Rabu,05.00 hingga 22.00 | Kamis,05.00 hingga 22.00 | Jumat,05.00 hingga 22.00 | Sabtu,05.00 hingga 22.00 | Minggu,05.00 hingga 22.00",https://www.google.com/maps/place/Warkop+Pelita+Makassar/data=!4m7!3m6!1s0x2dbee35ec2a3cb21:0xc63d43f24f257732!8m2!3d-5.1491682!4d119.4373885!16s%2Fg%2F11r99ngz84!19sChIJIcujwl7jvi0RMnclT_JDPcY,warkop Makassar
132,Kopi Haji Bau,Kedai Kopi,"Jl. H. Bau No.22, Kunjung Mae, Kec. Mariso, Kota Makassar, Sulawesi Selatan 90125, Indonesia",Makassar,-5.1487237,119.4126692,"VC27+G3 Kunjung Mae, Kota Makassar, Sulawesi Selatan, Indonesia",4.6,77,,,https://lh3.googleusercontent.com/gps-cs-s/AHRPTWlu995XCJzAmEZKTooAS0m8BMzQURkPDESqzcVP1yne7p__ujtFCrOriUO8xQ0QTTtz9I3KBKo_xTbkJxlLj8Fx-6mPUmy2zLiEQQRD2TWdQsMg28yGWDKs12KoLxuf8pG-ve6vjawCDoe1=w408-h341-k-no,"Senin,07.00 hingga 22.00 | Selasa,07.00 hingga 22.00 | Rabu,07.00 hingga 22.00 | Kamis,07.00 hingga 22.00 | Jumat,07.00 hingga 22.00 | Sabtu,07.00 hingga 22.00 | Minggu,07.00 hingga 22.00",https://www.google.com/maps/place/Kopi+Haji+Bau/data=!4m7!3m6!1s0x2dbf1d87cfeca7f5:0x2dbce34e9d512ac9!8m2!3d-5.1487237!4d119.4126692!16s%2Fg%2F11rmrx9lgv!19sChIJ9afsz4cdvy0RySpRnU7jvC0,warkop Makassar
133,WARKOP BOSQUE,Kedai Kopi,"VC9J+X4C, Jl. Pongtiku, Timungan Lompoa, Kec. Bontoala, Kota Makassar, Sulawesi Selatan 90213, Indonesia",Makassar,-5.1300105,119.4302417,,4.9,37,,,https://lh3.googleusercontent.com/gps-cs-s/AHRPTWmIT22HuayeC0Ib4reqZf47RABmVKAvemfFcNvut448weasKczW-QUym0r_wq20HFxwtLCGbVwQXJip1eBn9Dyr55GtHMedx5KuqBRzwucxU6quOPFBu72vGxAeCeoFI9kyEWUgB9RGQvAs=w408-h544-k-no,"Senin,07.00 hingga 00.00 | Selasa,07.00 hingga 00.00 | Rabu,07.00 hingga 00.00 | Kamis,07.00 hingga 00.00 | Jumat,07.00 hingga 00.00 | Sabtu,07.00 hingga 02.00 | Minggu,07.00 hingga 00.00",https://www.google.com/maps/place/WARKOP+BOSQUE/data=!4m7!3m6!1s0x2dbefd0fc5b8f211:0x7607281ee3f30b34!8m2!3d-5.1300105!4d119.4302417!16s%2Fg%2F11t9_dv23q!19sChIJEfK4xQ_9vi0RNAvz4x4oB3Y,warkop Makassar
134,Warkop SAMI,Kafe,"Jalan Boulevard Ruko Jascint No.1 / 1-2, Masale, Kec. Panakkukang, Kota Makassar, Sulawesi Selatan 90231, Indonesia",Makassar,-5.1552981,119.44123,"RCVR+VF Masale, Kota Makassar, Sulawesi Selatan, Indonesia",4.2,1065,+6281342931713,,https://lh3.googleusercontent.com/gps-cs-s/AHRPTWk1j_7sguZw-gZzU9u1j6CsXPjn7gENxaINjEKYGgK0wKtcVqx0fJlPwnQcOD1DSQAj9L1cjhYuEeySQQC-134MmMlBGW1kvSKdHxIrlz8dLuO8EP9Vd0jRe9DWaNN17xtgvZ89gRtmdF_2=w408-h306-k-no,"Senin,07.00 hingga 00.00 | Selasa,07.00 hingga 00.00 | Rabu,07.00 hingga 00.00 | Kamis,07.00 hingga 00.00 | Jumat,07.00 hingga 00.00 | Sabtu,07.00 hingga 02.00 | Minggu,07.00 hingga 02.00",https://www.google.com/maps/place/Warkop+SAMI/data=!4m7!3m6!1s0x2dbee2c0aa419f7f:0xa3441002c66cf90e!8m2!3d-5.1552981!4d119.44123!16s%2Fg%2F11b6hlhsp6!19sChIJf59BqsDivi0RDvlsxgIQRKM,warkop Makassar
135,WARKOP KACHAK / SEKRET IKA SMA KARTIKA MAKASSAR,Kedai Kopi,"Jl. Kijang No.74, Maricaya, Kec. Makassar, Kota Makassar, Sulawesi Selatan 90142, Indonesia",Makassar,-5.1516043,119.4197667,"RCX9+9W Maricaya, Kota Makassar, Sulawesi Selatan, Indonesia",5,1,,,https://lh3.googleusercontent.com/gps-cs-s/AHRPTWnMS_wH7Js6eWUufakHYc5uiQFnQqiQ9QRXYSqZbUffrMf4FqaBIju-9dk-3xd1wZ6MiHKih6_AwvKKjo30ON1ecd8K5bYa4xxJ1h0jP4EELOYXiBxZfuhJKWOBKtRSA-1YVSpGv6TiUmo=w533-h240-k-no,"Senin,08.00 hingga 23.00 | Selasa,08.00 hingga 23.00 | Rabu,08.00 hingga 23.00 | Kamis,08.00 hingga 23.00 | Jumat,08.00 hingga 23.00 | Sabtu,08.00 hingga 23.00 | Minggu,08.00 hingga 23.00",https://www.google.com/maps/place/WARKOP+KACHAK+%2F+SEKRET+IKA+SMA+KARTIKA+MAKASSAR/data=!4m7!3m6!1s0x2dbee3003c5ea36f:0x2b86c4074e883ce5!8m2!3d-5.1516043!4d119.4197667!16s%2Fg%2F11yzvwr6vm!19sChIJb6NePADjvi0R5TyITgfEhis,warkop Makassar
136,Warkop 52,Kafe,"Jl. Onta Lama No.52a, Mamajang Luar, Kec. Mamajang, Kota Makassar, Sulawesi Selatan 90113, Indonesia",Makassar,-5.1567647,119.4186954,"RCV9+7F Mamajang Luar, Kota Makassar, Sulawesi Selatan, Indonesia",4.7,440,+6282194360634,,https://lh3.googleusercontent.com/gps-cs-s/AHRPTWkMHsCPNqPBN6kckcXuaIIzJmNN-lGiM4s-7hnFVt6JfXGz1BVBfadfX7mBPAerlLCieygkV4B8Foi4-eNCVVvZvOkK-OoaH69ShJmiknElYDR7rhuGxoU0yxg9EEYsHa-kqhlfOg=w408-h816-k-no,"Senin,06.00 hingga 17.30 | Selasa,06.00 hingga 17.30 | Rabu,06.00 hingga 17.30 | Kamis,06.00 hingga 17.30 | Jumat,06.00 hingga 17.30 | Sabtu,06.00 hingga 17.30 | Minggu,Tutup",https://www.google.com/maps/place/Warkop+52/data=!4m7!3m6!1s0x2dbee2a0b1c8f7cd:0x63a455fde57094da!8m2!3d-5.1567647!4d119.4186954!16s%2Fg%2F11fzgj9ldn!19sChIJzffIsaDivi0R2pRw5f1VpGM,warkop Makassar
137,WARKOP DOSE,Kedai Kopi,"JL. Toddopuli, No. 24/7, Panaikang, Panakkukang, Makassar, Borong, Kec. Manggala, Kota Makassar, Sulawesi Selatan 90231, Indonesia",Makassar,-5.1630973,119.4539688,"RFP3+QH Borong, Kota Makassar, Sulawesi Selatan, Indonesia",4.6,105,+6282345664264,,https://lh3.googleusercontent.com/gps-cs-s/AHRPTWnkSsjNX_2keLQvmld_43nMXGQ8YeXeEh2t2QARF6hjG7BD2RfaO_TVjdwO9OyF_RHSitWxFeOOCeAPZx93Fl4MO4e7AEHi_5ErVgIqv-yGY1ln3TGmG4NP2mW7Iw2W5NxOHNN7=w408-h306-k-no,"Senin,Buka 24 jam | Selasa,Buka 24 jam | Rabu,Buka 24 jam | Kamis,Buka 24 jam | Jumat,Buka 24 jam | Sabtu,Buka 24 jam | Minggu,Buka 24 jam",https://www.google.com/maps/place/WARKOP+DOSE/data=!4m7!3m6!1s0x2dbee326f2b88c5f:0xf271a715c8a64910!8m2!3d-5.1630973!4d119.4539688!16s%2Fg%2F11thv9nl_6!19sChIJX4y48ibjvi0REEmmyBWncfI,warkop Makassar
138,Warkop 36,Kedai Kopi,"Jl. Prof. Abdurahman Basalamah, Karampuang, Kec. Panakkukang, Kota Makassar, Sulawesi Selatan 90231, Indonesia",Makassar,-5.1464324,119.4520662,"VF32+CR Karampuang, Kota Makassar, Sulawesi Selatan, Indonesia",4.8,71,+6282191253626,,https://lh3.googleusercontent.com/gps-cs-s/AHRPTWkI9LT0lXdMGhV8-xZF1EiqkXUmPQPl-7WSPaLv4WcZaZpptvQNe5vdbEpi888szN_6AGLATnxjRjzoBtEsc7pxZbAR5l_GNpTMjk96TpH4zGUvRLXSoFm1XX9rxr1P7QmJWtiU=w408-h725-k-no,"Senin,09.00 hingga 00.00 | Selasa,09.00 hingga 00.00 | Rabu,09.00 hingga 00.00 | Kamis,09.00 hingga 00.00 | Jumat,09.00 hingga 00.00 | Sabtu,09.00 hingga 00.00 | Minggu,09.00 hingga 00.00",https://www.google.com/maps/place/Warkop+36/data=!4m7!3m6!1s0x2dbee36c45576143:0xb5483da2b8aebf17!8m2!3d-5.1464324!4d119.4520662!16s%2Fg%2F11h0v00ng9!19sChIJQ2FXRWzjvi0RF7-uuKI9SLU,warkop Makassar
139,Warkop Aleta,Kedai Kopi,"Komp. Ruko, Jl. Toddopuli Raya No.Blok C 1, RW.7, Paropo, Panakkukang, Makassar City, South Sulawesi 90231, Indonesia",,-5.1626954,119.4541626,"RFP3+WM Paropo, Kota Makassar, Sulawesi Selatan, Indonesia",4.3,521,+62411423386,,https://lh3.googleusercontent.com/gps-cs-s/AHRPTWkZr7z0c-riVhBMjSXTDcmEiWhdcWMbEwjDcu7mdGivzRt4h15LPcmkrvaimlSOBSmLDanIF6YIRJZEtpHj8OHQ9bhKgcNpHKe1hU_n3FClMOocr9vhnRf3Mj8iW8Kj-_wNrbnR=w408-h306-k-no,"Senin,10.00 hingga 02.00 | Selasa,10.00 hingga 02.00 | Rabu,10.00 hingga 02.00 | Kamis,10.00 hingga 02.00 | Jumat,10.00 hingga 02.00 | Sabtu,10.00 hingga 02.00 | Minggu,10.00 hingga 02.00",https://www.google.com/maps/place/Warkop+Aleta/data=!4m7!3m6!1s0x2dbee2e6147a55f5:0x3f50d86a003fb40e!8m2!3d-5.1626954!4d119.4541626!16s%2Fg%2F1hm3xcs92!19sChIJ9VV6FObivi0RDrQ_AGrYUD8,warkop Makassar
140,Warkop Hai Hong,Kedai Kopi,"Jl. Bonerate No.12, Pattunuang, Kec. Wajo, Kota Makassar, Sulawesi Selatan 90174, Indonesia",Makassar,-5.1309879,119.407472,"VC94+JX Pattunuang, Kota Makassar, Sulawesi Selatan, Indonesia",4.5,740,+624118001013,,https://lh3.googleusercontent.com/gps-cs-s/AHRPTWlBQEY0-FSdDOiPCUwrvvICoL54jUGKfVpkxuq3llHT6Y3oQscONmpdftYWXZKFxcsIFuO5e_nl7XJfbz3ASOUcWX2XsXSvxkgrt0yozXYS1MZ03741j7Uq5rrnZEHSLhrYLXOCBg=w408-h306-k-no,"Senin,06.30 hingga 18.00 | Selasa,06.30 hingga 18.00 | Rabu,06.30 hingga 18.00 | Kamis,06.30 hingga 18.00 | Jumat,06.30 hingga 18.00 | Sabtu,06.30 hingga 18.00 | Minggu,06.30 hingga 18.00",https://www.google.com/maps/place/Warkop+Hai+Hong/data=!4m7!3m6!1s0x2dbf02a4dcbc762d:0x619758f3777769e4!8m2!3d-5.1309879!4d119.407472!16s%2Fg%2F11b76k6_c4!19sChIJLXa83KQCvy0R5Gl3d_NYl2E,warkop Makassar | kedai kopi Makassar
141,Warkop 99,Kedai Kopi,"Jl. Opu Daeng Risadju No.127, Mario, Kec. Mariso, Kota Makassar, Sulawesi Selatan 90121, Indonesia",Makassar,-5.1609465,119.4135366,"RCQ7+JC Mario, Kota Makassar, Sulawesi Selatan, Indonesia",4.8,33,,,https://lh3.googleusercontent.com/gps-cs-s/AHRPTWkavjpInMBFt0bixwSUC__iLjFziq8FxEXHTOICi9eETXipsIKw-jHd5Q27kqdwmyrW9YrpkTSoJNfooDxawz17-uK5nov9Caxwp4r61TTMiibaJOK4vUp_R4tAE460VFyEko2ihw=w408-h544-k-no,"Senin,07.00 hingga 23.00 | Selasa,07.00 hingga 23.00 | Rabu,07.00 hingga 23.00 | Kamis,07.00 hingga 23.00 | Jumat,07.00 hingga 23.00 | Sabtu,07.00 hingga 23.00 | Minggu,07.00 hingga 23.00",https://www.google.com/maps/place/Warkop+99/data=!4m7!3m6!1s0x2dbf1d1c59fae63b:0x34e601a7a3b413a8!8m2!3d-5.1609465!4d119.4135366!16s%2Fg%2F11rz59_1v0!19sChIJO-b6WRwdvy0RqBO0o6cB5jQ,warkop Makassar
142,Warkop Koki Agam Makassar,Kedai Sarapan & Makan Siang,"Jl. Kasuari No.14, Kunjung Mae, Kec. Mariso, Kota Makassar, Sulawesi Selatan 90125, Indonesia",Makassar,-5.1522895,119.4143784,"RCX7+3Q Kunjung Mae, Kota Makassar, Sulawesi Selatan, Indonesia",4,219,+628114636677,,https://lh3.googleusercontent.com/gps-cs-s/AHRPTWkcfUiEj-S-5YHVP8QqJZemwWO4oGqTzqzNJ3kItG_PNOo8tC3y8riGoiV_fxX4aeYNXY4PUdyvO-0w0RNdvjnWD-nZWOeeey_NylvlDP-ah2-HVaH_oIfoXD_-BUirjtf48btmxg=w426-h240-k-no,,https://www.google.com/maps/place/Warkop+Koki+Agam+Makassar/data=!4m7!3m6!1s0x2dbf1d1512824ed3:0xf603f919f4b360d2!8m2!3d-5.1522895!4d119.4143784!16s%2Fg%2F11x397mxhg!19sChIJ006CEhUdvy0R0mCz9Bn5A_Y,warkop Makassar
143,Warkop KO HENG,Kedai Kopi,"Jl. Gunung Latimojong No.121a, Maradekaya, Kec. Makassar, Kota Makassar, Sulawesi Selatan 90145, Indonesia",Makassar,-5.1423791,119.4212853,"VC5C+2G Maradekaya, Kota Makassar, Sulawesi Selatan, Indonesia",4.6,759,+6281355725800,,https://lh3.googleusercontent.com/gps-cs-s/AHRPTWkXcuXD8aehrp_jzhyXgK38DDKkiQ8V-evzRPVfOpq5Fbth5qBnYKbItMTrJc0hpZ9_CrgQXtikmxQHfrJZ_vo88UcxdFMtBXcHamIteQaY9o4rpCL-_4udzH9RLn_ost3sclaPLBZxqKg=w426-h240-k-no,"Senin,06.30 hingga 19.00 | Selasa,06.30 hingga 19.00 | Rabu,06.30 hingga 19.00 | Kamis,06.30 hingga 19.00 | Jumat,06.00 hingga 19.00 | Sabtu,06.30 hingga 19.00 | Minggu,06.30 hingga 19.00",https://www.google.com/maps/place/Warkop+KO+HENG/data=!4m7!3m6!1s0x2dbefdc5dfdc85f5:0xbe3923294e3a80a7!8m2!3d-5.1423791!4d119.4212853!16s%2Fg%2F11m2r6lbvt!19sChIJ9YXc38X9vi0Rp4A6TikjOb4,warkop Makassar
144,Warkop Aba,Kedai Kopi,"Jl. Ade Irma Nasution B No.13, Ujung Pandang Baru, Kec. Tallo, Kota Makassar, Sulawesi Selatan 90215, Indonesia",Makassar,-5.1209589,119.4363826,"VCHP+JH Ujung Pandang Baru, Kota Makassar, Sulawesi Selatan, Indonesia",4.8,132,+6281255558172,,https://lh3.googleusercontent.com/gps-cs-s/AHRPTWleMIxDmU8Mo0SoqGTWQj5JgZtEDQZI4YjaxVE72KQpOhGafPtfurUUfBAspOQLD0KRqNOC2ipfsemp-4mBBJ5kH9lAomGocf2sy7nyTg_LjCrVqT51kXsLFEY49uuhPwwzUea25A=w408-h544-k-no,"Senin,07.00 hingga 23.30 | Selasa,07.00 hingga 23.30 | Rabu,07.00 hingga 00.00 | Kamis,07.00 hingga 23.30 | Jumat,07.00 hingga 00.00 | Sabtu,07.00 hingga 00.00 | Minggu,07.00 hingga 23.30",https://www.google.com/maps/place/Warkop+Aba/data=!4m7!3m6!1s0x2dbefd6a33a34551:0x173cce9c822abe91!8m2!3d-5.1209589!4d119.4363826!16s%2Fg%2F11b74n0skm!19sChIJUUWjM2r9vi0Rkb4qgpzOPBc,warkop Makassar
145,Warkop 129,Kedai Kopi,"Jl. Tinumbu No.129, Parang Layang, Kec. Bontoala, Kota Makassar, Sulawesi Selatan 90165, Indonesia",Makassar,-5.1210798,119.4201065,"VCHC+H2 Parang Layang, Kota Makassar, Sulawesi Selatan, Indonesia",4.6,84,,,https://lh3.googleusercontent.com/gps-cs-s/AHRPTWkARFNqkuv4c1QG1nwsPc4pw5Rks4PYBg1Vq6KYaQA3Yk85AHIG2n-x_js0NFJ5tbImGyuA76wmG1l1ixxE_w24V7YAm594RlWfLv_Ggo8EMApNyfUCAMqws0QjDiFC6YxXiD_dC69kjkL6=w426-h240-k-no,"Senin,08.00 hingga 23.30 | Selasa,08.00 hingga 23.30 | Rabu,08.00 hingga 23.30 | Kamis,08.00 hingga 23.30 | Jumat,08.00 hingga 23.30 | Sabtu,08.00 hingga 23.30 | Minggu,08.00 hingga 23.30",https://www.google.com/maps/place/Warkop+129/data=!4m7!3m6!1s0x2dbefd61b006517d:0x590d86c532deb510!8m2!3d-5.1210798!4d119.4201065!16s%2Fg%2F11b7cbc548!19sChIJfVEGsGH9vi0RELXeMsWGDVk,warkop Makassar
146,Warkop Waduk,Kafe,"Jl. Waduk Tunggu Pampang, Antang, Kec. Manggala, Kota Makassar, Sulawesi Selatan 90233, Indonesia",Makassar,-5.1681226,119.4694877,"RFJ9+QQ Antang, Kota Makassar, Sulawesi Selatan, Indonesia",4.6,339,+6285219000086,https://instagram.com/warkopwaduk_mks?igshid=OGQ5ZDc2ODk2ZA==,https://lh3.googleusercontent.com/gps-cs-s/AHRPTWn-UNB56EoX8ZP1BwzAjjOdF9Td7wBHWK7sEQCNeO0efuSra9L_tM8Fj3PwtomHMJk9pVkST2mkOP2sHBBqwSowAupsV-X12FHMCcvj7-nj-rj40ayMG3aWei9t4Ye8M-MRZqiwUg=w408-h306-k-no,"Senin,07.00 hingga 00.00 | Selasa,07.00 hingga 00.00 | Rabu,07.00 hingga 00.00 | Kamis,07.00 hingga 00.00 | Jumat,07.00 hingga 00.00 | Sabtu,07.00 hingga 00.00 | Minggu,07.00 hingga 00.00",https://www.google.com/maps/place/Warkop+Waduk/data=!4m7!3m6!1s0x2dbee3daf8d8d64d:0x690cd22eba2070ac!8m2!3d-5.1681226!4d119.4694877!16s%2Fg%2F11gv0vf6mp!19sChIJTdbY-Nrjvi0RrHAgui7SDGk,warkop Makassar
147,Warkop dan Kafe Prapta,Kedai Kopi,"Jl. Toddopuli Raya No.97, Paropo, Kec. Panakkukang, Kota Makassar, Sulawesi Selatan 90222, Indonesia",Makassar,-5.1634768,119.4522382,"RFP2+JV Paropo, Kota Makassar, Sulawesi Selatan, Indonesia",4.5,42,+62811231914,https://www.instagram.com/warkaf.prapta?igsh=OGMybnU3dDk4b2F6,https://lh3.googleusercontent.com/gps-cs-s/AHRPTWnGMB1IPIfwl5dhwaXkdVMzhvF-7SvBNnenoVOqJXyT7igmoSuID0ygngc1KzUyIQ08vRhhPpsGAK9rldrjQnYpGTRsTn-MxiuF9UMePy9UOIDrIkJOcuTeeR3IyXZ80riyozCp=w408-h725-k-no,"Senin,07.00 hingga 00.00 | Selasa,07.00 hingga 00.00 | Rabu,07.00 hingga 00.00 | Kamis,07.00 hingga 00.00 | Jumat,07.00 hingga 00.00 | Sabtu,07.00 hingga 00.00 | Minggu,07.00 hingga 00.00",https://www.google.com/maps/place/Warkop+dan+Kafe+Prapta/data=!4m7!3m6!1s0x2dbee3eb666b0239:0x32f8665a48604721!8m2!3d-5.1634768!4d119.4522382!16s%2Fg%2F11p5zf4z_w!19sChIJOQJrZuvjvi0RIUdgSFpm-DI,warkop Makassar
148,Warkop Garage,Kafe,"Jl. Nuri No.29, Kp. Buyang, Kec. Mariso, Kota Makassar, Sulawesi Selatan 90126, Indonesia",Makassar,-5.1608427,119.4095062,"RCQ5+MR Kp. Buyang, Kota Makassar, Sulawesi Selatan, Indonesia",4.7,94,+6281342072836,,https://lh3.googleusercontent.com/gps-cs-s/AHRPTWkZ4NZnwJwYJxpgVgiPLL2EoWOQRlJ_BmXV72QGzWzjpBiE-wjWnd4SNJbGuA9exkkWuFuDXFDzcVde2pTrUs3cbVVf3sfK7gImXm1gBd4X-F55z2hqSSZd9W8nkfq_Xx_Uh14a=w426-h240-k-no,"Senin,Buka 24 jam | Selasa,Buka 24 jam | Rabu,Buka 24 jam | Kamis,Buka 24 jam | Jumat,Buka 24 jam | Sabtu,Buka 24 jam | Minggu,Buka 24 jam",https://www.google.com/maps/place/Warkop+Garage/data=!4m7!3m6!1s0x2dbf1dc70338bb41:0xc510b38f0f3238ed!8m2!3d-5.1608427!4d119.4095062!16s%2Fg%2F11j9041477!19sChIJQbs4A8cdvy0R7TgyD4-zEMU,warkop Makassar
149,Warkop Sentral Kopi,Kedai Kopi,"Jl. Anggrek Raya No.16-18 Blk H1, Paropo, Kec. Panakkukang, Kota Makassar, Sulawesi Selatan 90233, Indonesia",Makassar,-5.160746,119.455039,"RFQ4+P2 Paropo, Kota Makassar, Sulawesi Selatan, Indonesia",4.3,57,+6285255556628,,https://lh3.googleusercontent.com/gps-cs-s/AHRPTWnlt9M7eiO3k8eNXp7JuLwzKuY_XE2YkeSM6cRlFXlA4zjfrMAg1k90G3xMh_wr5IDMWwXG7IhhfKh6t2ArbaoKQ7IepN49KWPJGlj4rN21qWt4nZHblxMhCAUrq5WASxs-FOiv0w=w408-h306-k-no,"Senin,Buka 24 jam | Selasa,Buka 24 jam | Rabu,Buka 24 jam | Kamis,Buka 24 jam | Jumat,Buka 24 jam | Sabtu,Buka 24 jam | Minggu,Buka 24 jam",https://www.google.com/maps/place/Warkop+Sentral+Kopi/data=!4m7!3m6!1s0x2dbee3a4a38e3733:0x80b5dd35075c181e!8m2!3d-5.160746!4d119.455039!16s%2Fg%2F11sfh41jsb!19sChIJMzeOo6Tjvi0RHhhcBzXdtYA,warkop Makassar
150,Klabers Coffee,Kafe,"Jl. Perintis Kemerdekaan Ruko Puri Kencana Blok A No.31, Tamalanrea Indah, Kec. Tamalanrea, Kota Makassar, Sulawesi Selatan 90245, Indonesia",Makassar,-5.1430567,119.4751106,"VF4G+Q2 Tamalanrea Indah, Kota Makassar, Sulawesi Selatan, Indonesia",4.1,164,+62821980817977,,https://lh3.googleusercontent.com/gps-cs-s/AHRPTWkWft2C5vCP1nKVg_n9TiBOOEAeYsPGfYSgSeK4iTbWNRmZ6TbhQyO6Fzsdp2_mbQWJx6kDe9tPVuxYVqRsNk7A9w-qe7X6JcdvbOPZfAJx4-52ev-4nYVCylgUccyrBjfw8lYKqg=w408-h306-k-no,"Senin,09.00 hingga 02.00 | Selasa,09.00 hingga 02.00 | Rabu,09.00 hingga 02.00 | Kamis,09.00 hingga 02.00 | Jumat,09.00 hingga 02.00 | Sabtu,09.00 hingga 02.00 | Minggu,09.00 hingga 00.00",https://www.google.com/maps/place/Klabers+Coffee/data=!4m7!3m6!1s0x2dbee32ded4a61df:0xeb6caa31782487b2!8m2!3d-5.1430567!4d119.4751106!16s%2Fg%2F11clzhp4t6!19sChIJ32FK7S3jvi0RsockeDGqbOs,warkop Makassar
151,Gendut Cafe Hertasning,Kafe,"Jl. Letjen Hertasning No.58, Tidung, Kec. Rappocini, Kota Makassar, Sulawesi Selatan 90222, Indonesia",Makassar,-5.1634162,119.4443282,"RCPV+JP Tidung, Kota Makassar, Sulawesi Selatan, Indonesia",4.4,153,+6285179566909,https://www.instagram.com/gendutcafehertasning/,https://lh3.googleusercontent.com/gps-cs-s/AHRPTWmRczUj_ItieP9wx42BH7S2v_B5hF9hVHTpyKuBAC5TK2YT4ouvzTxl_Q7P0xp0O4iCwU7NpCI2ZjN5kpVDL7uP6EqR7fcZ6UMdZ6TtpycQkAVJeG6qXdmpZi6uGzy4B3mcy1E=w546-h240-k-no,"Senin,08.00 hingga 03.00 | Selasa,08.00 hingga 03.00 | Rabu,08.00 hingga 03.00 | Kamis,08.00 hingga 03.00 | Jumat,08.00 hingga 03.00 | Sabtu,08.00 hingga 03.00 | Minggu,08.00 hingga 03.00",https://www.google.com/maps/place/Gendut+Cafe+Hertasning/data=!4m7!3m6!1s0x2dbee2ec65a53013:0x9783e19d26ca381!8m2!3d-5.1634162!4d119.4443282!16s%2Fg%2F11xxyzpy5!19sChIJEzClZezivi0RgaNs0hk-eAk,warkop Makassar
152,Warung Kopi OGI,Kedai Kopi,"Jl. Abdullah Daeng Sirua No.366, Batua, Kec. Manggala, Kota Makassar, Sulawesi Selatan 90233, Indonesia",Makassar,-5.1498394,119.4647674,"VF27+3W Batua, Kota Makassar, Sulawesi Selatan, Indonesia",4.2,617,+6281355556842,http://instagram.com/warkop_ogi,https://lh3.googleusercontent.com/gps-cs-s/AHRPTWl1Ojo61Ka_J8tc3Hr_qxgvzkF6Qx5rvrgkZx2snrNTSvqxco5oXpitd7eh-3DU5zPGxU_A0Cz4Q9d7e1t2oKv2w3bBSKIOTUY_Op9jusNSwCH1qICOq2SEdUrdaUE263pMjJCf=w408-h306-k-no,"Senin,09.00 hingga 00.00 | Selasa,09.00 hingga 00.00 | Rabu,09.00 hingga 00.00 | Kamis,09.00 hingga 00.00 | Jumat,09.00 hingga 00.00 | Sabtu,09.00 hingga 00.00 | Minggu,09.00 hingga 00.00",https://www.google.com/maps/place/Warung+Kopi+OGI/data=!4m7!3m6!1s0x2dbee327fba9516f:0x85293ea345135eb7!8m2!3d-5.1498394!4d119.4647674!16s%2Fg%2F1hm2h6g9b!19sChIJb1Gp-yfjvi0Rt14TRaM-KYU,warkop Makassar | kedai kopi Makassar
153,Warkop K'REZ,Kedai Kopi,"Jl. Kerung-Kerung No.75A, Maccini, Kec. Makassar, Kota Makassar, Sulawesi Selatan 90144, Indonesia",Makassar,-5.1400881,119.4292721,"VC5H+XP Maccini, Kota Makassar, Sulawesi Selatan, Indonesia",4.4,217,+6282347523185,,https://lh3.googleusercontent.com/gps-cs-s/AHRPTWmg1BMVBWq727p8J5JMGbI5AUBEZP_XPQE6AWiYHZxxOafPIi7PHwVIFB8JTL3SFYt5X8xo06gL0Ri8aqo80P8CG_R633k3ghlDkR1UUgs9ZIoYVgBHzrdPSRwNCHpKvYWAFHV60A=w426-h240-k-no,"Senin,07.00 hingga 02.00 | Selasa,07.00 hingga 02.00 | Rabu,07.00 hingga 02.00 | Kamis,07.00 hingga 02.00 | Jumat,07.00 hingga 02.00 | Sabtu,07.00 hingga 02.00 | Minggu,07.00 hingga 02.00",https://www.google.com/maps/place/Warkop+K%27REZ/data=!4m7!3m6!1s0x2dbefd4d62a7371d:0x420666b59bf4dc67!8m2!3d-5.1400881!4d119.4292721!16s%2Fg%2F11cjhyf5dn!19sChIJHTenYk39vi0RZ9z0m7VmBkI,warkop Makassar
154,Temang Warkop,Kedai Kopi,"RCVR+XH4 Ruko Vidaview Apartemen, Jl. Topaz Raya Nomor 17, Masale, Kec. Panakkukang, Kota Makassar, Sulawesi Selatan 90231, Indonesia",Makassar,-5.1550991,119.4413462,,4.4,334,+6281343672083,,https://lh3.googleusercontent.com/gps-cs-s/AHRPTWkbdv9ahmJWMVAa_sxcoYtJJj57WvJPfMK-m5GdkUtH9Nm5vMR6svBEv47_y0MqfkColX-wBWzXr7Le7sftXB0N4Y6ZBbEBycEP3fpbuKipfK5In9WOn_rl0_Tu-eZotuC6_PXE=w408-h297-k-no,"Senin,07.00 hingga 00.00 | Selasa,07.00 hingga 00.00 | Rabu,07.00 hingga 00.00 | Kamis,07.00 hingga 00.00 | Jumat,07.00 hingga 00.00 | Sabtu,07.00 hingga 00.00 | Minggu,07.00 hingga 00.00",https://www.google.com/maps/place/Temang+Warkop/data=!4m7!3m6!1s0x2dbee2c754d5cc4d:0xbf670d238db6ba06!8m2!3d-5.1550991!4d119.4413462!16s%2Fg%2F11fyxg3g54!19sChIJTczVVMfivi0RBrq2jSMNZ78,warkop Makassar
155,Kedai Kopi Nassami,Kedai Kopi,"Jl. Sultan Alauddin Jl. Ruko Komp. Permatasari No.22, Gn. Sari, Kec. Rappocini, Kota Makassar, Sulawesi Selatan 90221, Indonesia",Makassar,-5.1750837,119.4341904,"RCFM+XM Gn. Sari, Kota Makassar, Sulawesi Selatan, Indonesia",4.5,209,+6281344220059,,https://lh3.googleusercontent.com/gps-cs-s/AHRPTWmRzEw6ThF53H4MGG-HorW7QCkA22-vlKZ51vwJU76o2FIk0Sc_-OQKSQ_I-fdyVFdGs7BUm2YJkO0x8G5adov1_sKpIqgnshwRF2txDIb0sPT2liNrbQfyZ1-SxxLUP39RrTQ=w408-h725-k-no,"Senin,08.00 hingga 02.00 | Selasa,08.00 hingga 02.00 | Rabu,08.00 hingga 02.00 | Kamis,08.00 hingga 02.00 | Jumat,08.00 hingga 02.00 | Sabtu,08.00 hingga 02.00 | Minggu,08.00 hingga 02.00",https://www.google.com/maps/place/Kedai+Kopi+Nassami/data=!4m7!3m6!1s0x2dbee28969a20c03:0x868496acb023b163!8m2!3d-5.1750837!4d119.4341904!16s%2Fg%2F11f_f7s92n!19sChIJAwyiaYnivi0RY7EjsKyWhIY,warkop Makassar | kedai kopi Makassar
156,Warkop Sabila,Kedai Kopi,"Jl. Anggrek Raya No.2, Paropo, Kec. Panakkukang, Kota Makassar, Sulawesi Selatan 90231, Indonesia",Makassar,-5.1619318,119.454295,"RFQ3+6P Paropo, Kota Makassar, Sulawesi Selatan, Indonesia",4.4,478,+62822922561350,,https://lh3.googleusercontent.com/gps-cs-s/AHRPTWndFSbsTDBBuxqIHCXHW22xh69BGzTyXSsIQk8HRLy1oehLzsUInInupDq1yqPBXImVGyC3MHyMkRy8FwSnHGNDYDEyDIoOi2zNoE9EsCkog1lMZRP3w72uT4iZgFEqmQFrkaqUaA=w408-h306-k-no,"Senin,Buka 24 jam | Selasa,Buka 24 jam | Rabu,Buka 24 jam | Kamis,Buka 24 jam | Jumat,Buka 24 jam | Sabtu,Buka 24 jam | Minggu,Buka 24 jam",https://www.google.com/maps/place/Warkop+Sabila/data=!4m7!3m6!1s0x2dbee2e648f967d7:0xd6a04331c932606d!8m2!3d-5.1619318!4d119.454295!16s%2Fg%2F11cs3ym38p!19sChIJ12f5SObivi0RbWAyyTFDoNY,warkop Makassar
157,Warkop LaKopi,Kedai Kopi,"Jl. Lombok No.17, Pattunuang, Kec. Wajo, Kota Makassar, Sulawesi Selatan 90173, Indonesia",Makassar,-5.1293327,119.4096989,"VCC5+7V Pattunuang, Kota Makassar, Sulawesi Selatan, Indonesia",4.5,949,+6282358889393,,https://lh3.googleusercontent.com/gps-cs-s/AHRPTWl6p3SQSNo99_QVsLn1pTlcxA4_ErvSrkaQvzKjpvRihPvdxCQfxoELFx-UDddSLE8fi31h6S9AOK5g8seVwV1WtAzr5jK8yuCoj2jVd6uhyyqFpuSsunuP_TPZ6uJR4nb-IODdRA=w426-h240-k-no,"Senin,06.30 hingga 22.30 | Selasa,06.30 hingga 22.30 | Rabu,06.30 hingga 22.30 | Kamis,06.30 hingga 22.30 | Jumat,06.30 hingga 22.30 | Sabtu,06.30 hingga 22.30 | Minggu,06.30 hingga 22.30",https://www.google.com/maps/place/Warkop+LaKopi/data=!4m7!3m6!1s0x2dbf02a4790b134f:0x4f4a87893dfae52a!8m2!3d-5.1293327!4d119.4096989!16s%2Fg%2F11c0xpc9rj!19sChIJTxMLeaQCvy0RKuX6PYmHSk8,warkop Makassar | kedai kopi Makassar
158,Warkop RR,Kafe,"Jl. Opu Daeng Risadju, Karang Anyar, Kec. Mamajang, Kota Makassar, Sulawesi Selatan 90224, Indonesia",Makassar,-5.177021,119.4098424,"RCF5+5W Karang Anyar, Kota Makassar, Sulawesi Selatan, Indonesia",4.6,179,,,https://lh3.googleusercontent.com/gps-cs-s/AHRPTWkUo1ELYRmHTE5FJNvaJQNuIRCVQGaOGJu7fwfOHt-de5uMfRJ8vyc5Qs7VOHo3dgfLjFeLEABNbcJUNDMv_bjgfZr43_xdFoOjYW48LDcNmEW8nhMbXCZX0X0PAFqK8BWdMtUA=w426-h240-k-no,"Senin,Buka 24 jam | Selasa,Buka 24 jam | Rabu,Buka 24 jam | Kamis,Buka 24 jam | Jumat,Buka 24 jam | Sabtu,Buka 24 jam | Minggu,Buka 24 jam",https://www.google.com/maps/place/Warkop+RR/data=!4m7!3m6!1s0x2dbf1d790586e69d:0x1862de806e0a189a!8m2!3d-5.177021!4d119.4098424!16s%2Fg%2F11fylkdnyk!19sChIJneaGBXkdvy0RmhgKboDeYhg,warkop Makassar
159,Warkop Sija Antang Beverly Hills,Kedai Kopi,"Ruko Beverly Hills, Jl. Antang Raya No.9, Antang, Kec. Manggala, Kota Makassar, Sulawesi Selatan 90234, Indonesia",Makassar,-5.1602156,119.4772285,"RFQG+WV Antang, Kota Makassar, Sulawesi Selatan, Indonesia",4.4,233,,,https://lh3.googleusercontent.com/gps-cs-s/AHRPTWm4bKJAXLkCha-empeCcEove7XDNZjsWZCp_088dIZk4IoSyDVvIHsnfYDjjpJIRmCWxloViDEJlltZwuxOo_24UVORu64xmHqjeC5d6gpOJo43e9n8TU_Bvm42aqtJrg2lDYA-=w408-h402-k-no,"Senin,08.00 hingga 00.00 | Selasa,08.00 hingga 00.00 | Rabu,08.00 hingga 00.00 | Kamis,08.00 hingga 00.00 | Jumat,08.00 hingga 00.00 | Sabtu,08.00 hingga 00.00 | Minggu,08.00 hingga 00.00",https://www.google.com/maps/place/Warkop+Sija+Antang+Beverly+Hills/data=!4m7!3m6!1s0x51551213fff4b73:0xb0d3c01b56320fe7!8m2!3d-5.1602156!4d119.4772285!16s%2Fg%2F11b7hc1fsj!19sChIJc0v_PyFRFQUR5w8yVhvA07A,warkop Makassar
160,Warung Kopi DOTTORO,Kafe,"Jl. Tinumbu No.135, Tabaringan, Kec. Ujung Tanah, Kota Makassar, Sulawesi Selatan 90165, Indonesia",Makassar,-5.1200703,119.4206263,"VCHC+X7 Tabaringan, Kota Makassar, Sulawesi Selatan, Indonesia",4.6,225,,,https://lh3.googleusercontent.com/gps-cs-s/AHRPTWlbXMG102AwXT0snwaRgeSFzYgdWsSFHe-JhJ5iyPb1XDoVRAX5aS9G1o8225NenFubjyfq3HfqdFr9Fl2EKMpgtlSje7cH9jwNxUGWA_mA4d30WulSYMqJdni-BvzUJlbp-_A0=w408-h408-k-no,"Senin,06.00 hingga 22.00 | Selasa,06.00 hingga 22.00 | Rabu,06.00 hingga 22.00 | Kamis,06.00 hingga 22.00 | Jumat,06.00 hingga 22.00 | Sabtu,06.00 hingga 22.00 | Minggu,06.00 hingga 22.00",https://www.google.com/maps/place/Warung+Kopi+DOTTORO/data=!4m7!3m6!1s0x2dbefd63d2f8697f:0x494ee0b3d2affaa6!8m2!3d-5.1200703!4d119.4206263!16s%2Fg%2F11c2p7mnnd!19sChIJf2n40mP9vi0Rpvqv0rPgTkk,warkop Makassar
161,Warkop Om Ded,Kedai Kopi,"Jalan Doktor Ratulangi Kompleks Mess NALA No. 56, Mandala, Bonto Biraeng, Kec. Mamajang, Kota Makassar, Sulawesi Selatan 90125, Indonesia",Makassar,-5.1576506,119.4168533,"RCR8+WP Bonto Biraeng, Kota Makassar, Sulawesi Selatan, Indonesia",4.9,29,+62811447471,,https://lh3.googleusercontent.com/gps-cs-s/AHRPTWlkhGQSYy2R9jiGnjpFxNNwOPEjRROmIId7bAQ7UOPeUHk_82MOpwQdjD2uAxWHXjkG3jRbIJN6ySfETClqaAX7SchtMlc0swHkJAd1eSa4XzcD369Ye-2O9qg1OAuzveXFiFo7dA=w426-h240-k-no,"Senin,07.00 hingga 00.00 | Selasa,07.00 hingga 00.00 | Rabu,07.00 hingga 00.00 | Kamis,07.00 hingga 00.00 | Jumat,07.00 hingga 00.00 | Sabtu,07.00 hingga 00.00 | Minggu,07.00 hingga 00.00",https://www.google.com/maps/place/Warkop+Om+Ded/data=!4m7!3m6!1s0x2dbf1dc74e4fbd25:0xef1a3dfe0343db9b!8m2!3d-5.1576506!4d119.4168533!16s%2Fg%2F11nrxqrccf!19sChIJJb1PTscdvy0Rm9tDA_49Gu8,warkop Makassar
162,Warkop Kopilih Aku,Kedai Kopi,"Jl. Andi Mappaodang No.107A, Balang Baru, Kec. Tamalate, Kota Makassar, Sulawesi Selatan 90224, Indonesia",Makassar,-5.1782495,119.4129261,"RCC7+P5 Balang Baru, Kota Makassar, Sulawesi Selatan, Indonesia",4.9,47,,,https://lh3.googleusercontent.com/gps-cs-s/AHRPTWlI-IbRCLCpSgaqUedtPTW2_-v0JYXQfBwDjw0vX7mo3ifeKw_Y3qWNxS-0My8MGhkFKa47KC7nLTFO9i6LyzgZy570ncqMHQFlII6hbARweMMySsCyyZuMUIvn_sD162jXzE75pw=w408-h306-k-no,"Senin,08.00 hingga 22.30 | Selasa,08.00 hingga 22.30 | Rabu,08.00 hingga 22.30 | Kamis,08.00 hingga 22.30 | Jumat,08.00 hingga 22.30 | Sabtu,08.00 hingga 22.30 | Minggu,Tutup",https://www.google.com/maps/place/Warkop+Kopilih+Aku/data=!4m7!3m6!1s0x2dbf1df415732a69:0x6124b0a92b9e5e7f!8m2!3d-5.1782495!4d119.4129261!16s%2Fg%2F11pbr3smc9!19sChIJaSpzFfQdvy0Rf16eK6mwJGE,warkop Makassar
163,WARKOP JR Makassar,Kedai Kopi,"blok E no 1, Jl. Sungai Saddang Lama Jl. Komp. Latanete, Pisang Sel., Kec. Ujung Pandang, Kota Makassar, Sulawesi Selatan 90114, Indonesia",Makassar,-5.1455486,119.4199652,"VC39+QX Pisang Sel., Kota Makassar, Sulawesi Selatan, Indonesia",4.6,35,,,https://lh3.googleusercontent.com/gps-cs-s/AHRPTWnYo6qSaTVYHcUlzOXW0Dhr-Pkep-YOoKdGmxmjHWS0BL4aKUggC2S4cX_8nCRx9nSyF5Zm_FyKl3vaz-Bf1Xg0QILBzK5on_CmdWWwJPhK_4S3QMlkOCh-QPHO6yvF7b3WpxEz=w408-h544-k-no,"Senin,07.00 hingga 21.00 | Selasa,07.00 hingga 21.00 | Rabu,07.00 hingga 21.00 | Kamis,07.00 hingga 21.00 | Jumat,07.00 hingga 21.00 | Sabtu,07.00 hingga 21.00 | Minggu,Tutup",https://www.google.com/maps/place/WARKOP+JR+Makassar/data=!4m7!3m6!1s0x2dbee3dfbb30acc3:0x89eb5caed98ac807!8m2!3d-5.1455486!4d119.4199652!16s%2Fg%2F11my73xwg7!19sChIJw6wwu9_jvi0RB8iK2a5c64k,warkop Makassar
164,Warkop Ko Heng cabang Topaz,Kedai Kopi,"Jl. Boulevard Ruko Ruby Topaz No.F/12, Masale, Kec. Panakkukang, Kota Makassar, Sulawesi Selatan 90231, Indonesia",Makassar,-5.1549866,119.4394132,"RCWQ+2Q Masale, Kota Makassar, Sulawesi Selatan, Indonesia",4.5,175,+6281355523639,https://www.instagram.com/warkopkoheng/,https://lh3.googleusercontent.com/gps-cs-s/AHRPTWloQS72dKxtKbnZ8TGQ3axQjFwGm6HHHW3LEqmn6jL1ifOWhev9jTmOzEgMHN2vfvWQdPIz4agNuXfMw1aL8Nl9BdnaXcEhI4e8kPzrS9cHrb8sHobQo66-EaLi4V0oU35nwTg4=w408-h306-k-no,"Senin,06.30 hingga 18.30 | Selasa,06.30 hingga 18.30 | Rabu,06.30 hingga 18.30 | Kamis,06.30 hingga 18.30 | Jumat,06.30 hingga 18.30 | Sabtu,06.30 hingga 18.30 | Minggu,06.30 hingga 18.30",https://www.google.com/maps/place/Warkop+Ko+Heng+cabang+Topaz/data=!4m7!3m6!1s0x2dbee3af61be7039:0xa2b3dc49df1ff0c8!8m2!3d-5.1549866!4d119.4394132!16s%2Fg%2F11t4ksbsd0!19sChIJOXC-Ya_jvi0RyPAf30ncs6I,warkop Makassar
165,Warkop Dottoro Boulevard,Kedai Kopi,"Ruko Topaz, Jl. Boulevard No.9 Blok F, Masale, Panakkukang, Makassar City, South Sulawesi 90231, Indonesia",,-5.155136,119.4402114,"RCVR+W3 Masale, Kota Makassar, Sulawesi Selatan, Indonesia",4.6,60,,,https://lh3.googleusercontent.com/gps-cs-s/AHRPTWl0rMQZ-agetiuZvUQoGTkV3B26dQ7VmAEk1U4iMsUofGhsjyKoOV2KazOdR3_suA039L0A3B0DOLuoBnfBujpp3lPuGSxRKWccSvfxtbgEWZJFk3IgC0YuLVSU-qMlWMtmcnt4=w408-h306-k-no,,https://www.google.com/maps/place/Warkop+Dottoro+Boulevard/data=!4m7!3m6!1s0x2dbee3caf4d4af37:0xee542fc57ba8e83d!8m2!3d-5.155136!4d119.4402114!16s%2Fg%2F11qng9drhm!19sChIJN6_U9Mrjvi0RPeioe8UvVO4,warkop Makassar
166,Warkop Mangkura ( Lagaligo ),Kedai Kopi,"Jl. Lagaligo, Mangkura, Kec. Ujung Pandang, Kota Makassar, Sulawesi Selatan 90114, Indonesia",Makassar,-5.1467078,119.4143795,"VC37+8Q Mangkura, Kota Makassar, Sulawesi Selatan, Indonesia",4.4,107,+628124293685,,https://lh3.googleusercontent.com/gps-cs-s/AHRPTWkhga4ssT03ZC8_wPug2bQMaJdYe9VCpBoSfxDS9FbedIJ89uve2-XSK4ErNfFftBFFh063bsTcJhFpK4zvDZtsBUn9B-uCFUh7kAD9FCFc64O1g8QFbOyaMwPHYHgMGL2NShdrbg=w408-h544-k-no,"Senin,07.00 hingga 15.00 | Selasa,07.00 hingga 15.00 | Rabu,07.00 hingga 15.00 | Kamis,07.00 hingga 15.00 | Jumat,07.00 hingga 15.00 | Sabtu,07.00 hingga 15.00 | Minggu,07.00 hingga 13.00",https://www.google.com/maps/place/Warkop+Mangkura+%28+Lagaligo+%29/data=!4m7!3m6!1s0x2dbf1db14d49b71d:0xfab47d87c295b1de!8m2!3d-5.1467078!4d119.4143795!16s%2Fg%2F11glv2k8hv!19sChIJHbdJTbEdvy0R3rGVwod9tPo,warkop Makassar
167,Kopi Setia,Grosir Kopi,"Jl. Sungai Saddang Baru No.72, Balla Parang, Kec. Rappocini, Kota Makassar, Sulawesi Selatan 90222, Indonesia",Makassar,-5.1479649,119.4285747,"VC2H+RC Balla Parang, Kota Makassar, Sulawesi Selatan, Indonesia",4.5,185,+6285105144746,,https://lh3.googleusercontent.com/gps-cs-s/AHRPTWmeepaT-IfbqeH5oAOoQnNSRShRgEMxxVhkWaSk-ef17OQP43H3nOd7KJcRBR3QIeIyaSQtJ3SqtJUyUSr3OwVsK65LqrT-EbWfH2Wd5GOXzezk55-DbhoHCvuC-Hym4HQtDGdh=w408-h724-k-no,"Senin,08.00 hingga 17.00 | Selasa,08.00 hingga 17.00 | Rabu,08.00 hingga 17.00 | Kamis,08.00 hingga 17.00 | Jumat,08.00 hingga 17.00 | Sabtu,08.00 hingga 17.00 | Minggu,Tutup",https://www.google.com/maps/place/Kopi+Setia/data=!4m7!3m6!1s0x2dbee2ad2f755c8f:0x73689bfd4c657513!8m2!3d-5.1479649!4d119.4285747!16s%2Fg%2F1tvdy4tl!19sChIJj1x1L63ivi0RE3VlTP2baHM,warkop Makassar | kedai kopi Makassar
168,Warkop Cahaya Sidrap 1,Kafe,"Jl. Parumpa No.2, Paccerakkang, Kec. Biringkanaya, Kota Makassar, Sulawesi Selatan 90245, Indonesia",Makassar,-5.1176708,119.5106581,"VGJ6+W7 Paccerakkang, Kota Makassar, Sulawesi Selatan, Indonesia",4.3,480,,,https://lh3.googleusercontent.com/gps-cs-s/AHRPTWnHBNC7_5BAHO8mJGdNvYo1zbIe8bdatecyiOD8IGMJJVh6ddRGDuggNF5IKg1ikKsMwh7jmJ0pvYhzFESOah0K7MpC4YUmQvYl3QB48I13lcu-sSidmp7Xf8aHlssVnQLGgIU=w408-h306-k-no,"Senin,Buka 24 jam | Selasa,Buka 24 jam | Rabu,Buka 24 jam | Kamis,Buka 24 jam | Jumat,Buka 24 jam | Sabtu,Buka 24 jam | Minggu,Buka 24 jam",https://www.google.com/maps/place/Warkop+Cahaya+Sidrap+1/data=!4m7!3m6!1s0x2dbefb6027e98d7d:0xfb5d14416220c19e!8m2!3d-5.1176708!4d119.5106581!16s%2Fg%2F11c5_lqt2s!19sChIJfY3pJ2D7vi0RnsEgYkEUXfs,warkop Makassar
169,Warkop Dottoro Dg. Tompo,Kedai Kopi,"Jl. Bau Massepe No.18 A, Bulo Gading, Kec. Ujung Pandang, Kota Makassar, Sulawesi Selatan 90000, Indonesia",Makassar,-5.1379866,119.4071637,"VC64+RV Bulo Gading, Kota Makassar, Sulawesi Selatan, Indonesia",4.5,80,+6281342058686,,https://lh3.googleusercontent.com/gps-cs-s/AHRPTWlIGNnBKxfVOufOWydlK6VdDE-R4WDqVtQrILRjH3fshsFyLIq6uglsNOExu4Jz93fMGqTB-zjJQWomoeJf6_bkUybpA6i3a7DBpC7Tjy9j6372LpdzIVWPLwhausRSRmVJrykm=w426-h240-k-no,"Senin,Buka 24 jam | Selasa,Buka 24 jam | Rabu,Buka 24 jam | Kamis,Buka 24 jam | Jumat,Buka 24 jam | Sabtu,Buka 24 jam | Minggu,Buka 24 jam",https://www.google.com/maps/place/Warkop+Dottoro+Dg.+Tompo/data=!4m7!3m6!1s0x2dbf02ae08b74cb5:0x719c5ebadd9a27c8!8m2!3d-5.1379866!4d119.4071637!16s%2Fg%2F11fy_5zvk8!19sChIJtUy3CK4Cvy0RyCea3bpenHE,warkop Makassar
170,Warkop BallaRate,Kedai Kopi,"Depan Taksi Bosowa Utama ( Samping Atm Bukopin, Jl. Dg. Tata Lama raya No.31, Parang Tambung, Kec. Tamalate, Kota Makassar, Sulawesi Selatan 90224, Indonesia",Makassar,-5.181898,119.4190069,"RC99+6J Parang Tambung, Kota Makassar, Sulawesi Selatan, Indonesia",4.3,142,+62895415157881,,https://lh3.googleusercontent.com/gps-cs-s/AHRPTWnN5B2_Y1FpnZhR35EIoc8p3G2mgL5HhOQJFV54lIXM2s_p_EFBLSCdmhjCfYP5v57PDBWNjZAOBa0IK1Yb6QQAPn6t6KL2V7iFM3eFlILxPbt8b_2_fOnVWdEXtMLidR74xWUH=w408-h544-k-no,Buka sekarang,https://www.google.com/maps/place/Warkop+BallaRate/data=!4m7!3m6!1s0x2dbee382a6c48e29:0xda892889a96f27ae!8m2!3d-5.181898!4d119.4190069!16s%2Fg%2F11t1hbt4yv!19sChIJKY7EpoLjvi0RridvqYkoido,warkop Makassar
171,WARKOP MAHARANI,Kedai Kopi,"Komp. Ruko Kumala, Bongaya, Kec. Tamalate, Kota Makassar, Sulawesi Selatan 90131, Indonesia",Makassar,-5.1702016,119.4186991,"RCH9+WF Bongaya, Kota Makassar, Sulawesi Selatan, Indonesia",4.4,202,+6285705336424,,https://lh3.googleusercontent.com/gps-cs-s/AHRPTWmvaVnMmUy90KvFA5bdgASrxw1Ca26RUq3RabWF0R6fAk0s9pd6-LmG-_j_URrWDkn2W_JUGVHLpuNVBRbN3NR0JubYLP2zJkOWo_dLiH_ojDiLVmsWwN6AA7Mm3a0UpsOAW5Q=w408-h544-k-no,"Senin,Buka 24 jam | Selasa,Buka 24 jam | Rabu,Buka 24 jam | Kamis,Buka 24 jam | Jumat,Buka 24 jam | Sabtu,Buka 24 jam | Minggu,Buka 24 jam",https://www.google.com/maps/place/WARKOP+MAHARANI/data=!4m7!3m6!1s0x2dbee334c06dad81:0x9053ac7a9377bd76!8m2!3d-5.1702016!4d119.4186991!16s%2Fg%2F11lm98y591!19sChIJga1twDTjvi0Rdr13k3qsU5A,warkop Makassar
172,Warkop 122,Kedai Kopi,"Jl. Tinumbu No.122, Layang, Kec. Bontoala, Kota Makassar, Sulawesi Selatan 90154, Indonesia",Makassar,-5.1225588,119.4200339,"VCGC+X2 Layang, Kota Makassar, Sulawesi Selatan, Indonesia",4.7,120,+6281368697890,,https://lh3.googleusercontent.com/gps-cs-s/AHRPTWkPBxyfBSqkXYOOQLBSQZaStqTt2kA0gpAeFtrc-Y7QJ0wpYCuLbTQs-KfpcWyDTb7JGD3fwakinfEz5oIWDRLuxWdGfoBvpuukiEgho2ANN9WYGmyCXTlCTdn5MTPoEcqGi_0=w408-h544-k-no,"Senin,05.00 hingga 02.00 | Selasa,05.00 hingga 02.00 | Rabu,05.00 hingga 02.00 | Kamis,05.00 hingga 02.00 | Jumat,05.00 hingga 02.00 | Sabtu,05.00 hingga 02.00 | Minggu,05.00 hingga 02.00",https://www.google.com/maps/place/Warkop+122/data=!4m7!3m6!1s0x2dbefd60434e22d1:0x50019abc2364eb14!8m2!3d-5.1225588!4d119.4200339!16s%2Fg%2F11b776hsn8!19sChIJ0SJOQ2D9vi0RFOtkI7yaAVA,warkop Makassar
173,Nine Way Warkop,Kedai Kopi,"Jl. G. Bambapuang I No.24, RW.04, Lariang Bangi, Kec. Makassar, Kota Makassar, Sulawesi Selatan 90145, Indonesia",Makassar,-5.1397661,119.4216268,"VC6C+3M Lariang Bangi, Kota Makassar, Sulawesi Selatan, Indonesia",4.6,51,+6287853173741,,https://lh3.googleusercontent.com/gps-cs-s/AHRPTWmyw7EcFeO23u956lMJilePxWaWdpmurk514kDj2obAxUrPW55wo3xth84FBHGEoClgGj93BpIWpoNopzTSCU28c9FqOO_Uo40vT-6bmJHV_NsmRbNaMxlnqxlnfl6flB8U2Trxew=w426-h240-k-no,"Senin,08.00 hingga 23.00 | Selasa,08.00 hingga 23.00 | Rabu,08.00 hingga 23.00 | Kamis,08.00 hingga 23.00 | Jumat,08.00 hingga 23.00 | Sabtu,08.00 hingga 23.00 | Minggu,08.00 hingga 23.00",https://www.google.com/maps/place/Nine+Way+Warkop/data=!4m7!3m6!1s0x2dbefd45ac935619:0xd3f6dd08705af5e0!8m2!3d-5.1397661!4d119.4216268!16s%2Fg%2F11k99l97q_!19sChIJGVaTrEX9vi0R4PVacAjd9tM,warkop Makassar
174,Warkop Sija Beruang,Kedai Kopi,"Jl. Beruang No.49, Bonto Biraeng, Kec. Mamajang, Kota Makassar, Sulawesi Selatan 90132, Indonesia",Makassar,-5.159091,119.4196594,"RCR9+9V Bonto Biraeng, Kota Makassar, Sulawesi Selatan, Indonesia",4.6,478,+6281144712828,https://www.instagram.com/warkopsijaberuang?igsh=MXFscHJ4NW45aGJ6cg==,https://lh3.googleusercontent.com/gps-cs-s/AHRPTWmHma-mvpePcYV2mBsi0-R9V-RnWrK43nToJSxZACbtmj8PEhD1qdK1iFlOpvEYAExCH6DvX2OZpRNZ_ZSGCl2VO9iX0m3vGLFQbUxbwvzKKEVB7gy9VYmkshlXuyGE4SkrAhS-=w408-h306-k-no,"Senin,06.30 hingga 17.30 | Selasa,06.30 hingga 17.30 | Rabu,06.30 hingga 17.30 | Kamis,06.30 hingga 17.30 | Jumat,06.30 hingga 17.30 | Sabtu,06.30 hingga 17.30 | Minggu,06.30 hingga 17.30",https://www.google.com/maps/place/Warkop+Sija+Beruang/data=!4m7!3m6!1s0x2dbee37b1c2174b1:0xc7211ce9e65f6ed5!8m2!3d-5.159091!4d119.4196594!16s%2Fg%2F11fk3_qwrr!19sChIJsXQhHHvjvi0R1W5f5ukcIcc,warkop Makassar
175,Warkop Sinar Wahyu,Kedai Kopi,"Jl. Opu Daeng Risadju No.202, Lette, Kec. Mariso, Kota Makassar, Sulawesi Selatan 90122, Indonesia",Makassar,-5.158596,119.413485,"RCR7+H9 Lette, Kota Makassar, Sulawesi Selatan, Indonesia",4.7,72,+6281343887799,,https://lh3.googleusercontent.com/gps-cs-s/AHRPTWnJgLlURfas0S815AOVQHwPOeHuciNwZIQEuK7_r6QHeOZ64S5udVBn6o3N705EI1uFA469h_CDWD3WxtgL97CHOwD2gUXfun9Uh1xV8Bq0KQ5_PPQ1351PiJQOBNJevs3syz__=w408-h725-k-no,"Senin,06.00 hingga 00.00 | Selasa,06.00 hingga 00.00 | Rabu,06.00 hingga 00.00 | Kamis,06.00 hingga 00.00 | Jumat,06.00 hingga 00.00 | Sabtu,06.00 hingga 00.00 | Minggu,06.00 hingga 00.00",https://www.google.com/maps/place/Warkop+Sinar+Wahyu/data=!4m7!3m6!1s0x2dbf1d5e8b606f99:0x94dc59497608c38f!8m2!3d-5.158596!4d119.413485!16s%2Fg%2F1pzqdly5v!19sChIJmW9gi14dvy0Rj8MIdklZ3JQ,warkop Makassar
176,Warkop kirko,Kedai Kopi,"Gn. Sari, Kec. Makassar, Kota Makassar, Sulawesi Selatan 90233, Indonesia",Makassar,-5.1798819,119.4612099,"RFC6+2F Gn. Sari, Kota Makassar, Sulawesi Selatan, Indonesia",4.7,80,+6281247777195,,https://lh3.googleusercontent.com/gps-cs-s/AHRPTWkZil88SE4tHEoqvqM2aspCIptwm7nMgXTFCwYCeOMDgnPf1tX4OLkHp7KBIyZAESyYe8284iYRHLVIN0KfEwWxdHDSpHH1QL4_yXBOJLg-IqdgqfAq1LxqS-UMuKFKPKq5Y8WS=w408-h306-k-no,"Senin,09.00 hingga 22.00 | Selasa,09.00 hingga 22.00 | Rabu,09.00 hingga 22.00 | Kamis,09.00 hingga 22.00 | Jumat,09.00 hingga 22.00 | Sabtu,09.00 hingga 22.00 | Minggu,09.00 hingga 22.00",https://www.google.com/maps/place/Warkop+kirko/data=!4m7!3m6!1s0x2dbee32bd53509eb:0x6f816c70a480ea64!8m2!3d-5.1798819!4d119.4612099!16s%2Fg%2F11ny105f0f!19sChIJ6wk11Svjvi0RZOqApHBsgW8,warkop Makassar
177,Warkop Mamarita,Kedai Kopi,"Jl. Opu Daeng Risadju No.343, Karang Anyar, Kec. Mamajang, Kota Makassar, Sulawesi Selatan 90126, Indonesia",Makassar,-5.1743749,119.410028,"RCG6+72 Karang Anyar, Kota Makassar, Sulawesi Selatan, Indonesia",4.4,769,+6281355443477,,https://lh3.googleusercontent.com/gps-proxy/ALd4DhFGjAq7duap17K7gljiLUWaYjyIquPZdcGexS_g_Udf5GFyOsfW02heoCpBFsiyKt8eC4V6XkvrURkLbnjblU9XrCuIZwE7gjC1nYI3tUvW2fTjoH083ArmZ1tNO3k77Ned3pT7B6DOTpwW5SzQUT8Q4mRc87jn7h33D6CGKu4FN8PnidKzrih3RFXYcLi5nZI70YQ=w408-h306-k-no,"Senin,06.00 hingga 00.00 | Selasa,06.00 hingga 00.00 | Rabu,06.00 hingga 00.00 | Kamis,06.00 hingga 00.00 | Jumat,06.00 hingga 00.00 | Sabtu,06.00 hingga 00.00 | Minggu,06.00 hingga 00.00",https://www.google.com/maps/place/Warkop+Mamarita/data=!4m7!3m6!1s0x2dbf1d7bc5e88de5:0xbcd6cd49ec1d15e7!8m2!3d-5.1743749!4d119.410028!16s%2Fg%2F11b77403hl!19sChIJ5Y3oxXsdvy0R5xUd7EnN1rw,warkop Makassar
178,Warkop Vetsel,Kedai Kopi,"Jl. Veteran Selatan No.169, Maricaya Sel., Kec. Mamajang, Kota Makassar, Sulawesi Selatan 90131, Indonesia",Makassar,-5.1541944,119.4244795,"RCWF+8Q Maricaya Sel., Kota Makassar, Sulawesi Selatan, Indonesia",4.6,176,+624118910072,,https://lh3.googleusercontent.com/gps-cs-s/AHRPTWn3GIKG6JLBAZ3gnxwF0xbWhMqxtKcLOWn4jIHHVogPLkxk3c8YljLUPJeT4Zka7hzGcM4OKZ_R8cvr7oA-Hu_eySFp5EJUcP0IfiE7rl6YPSB4sJF7az_X01_PhIvpm7hVIwd-=w408-h306-k-no,"Senin,08.00 hingga 23.59 | Selasa,08.00 hingga 23.59 | Rabu,08.00 hingga 23.59 | Kamis,08.00 hingga 23.59 | Jumat,08.00 hingga 23.59 | Sabtu,08.00 hingga 23.59 | Minggu,08.00 hingga 23.59",https://www.google.com/maps/place/Warkop+Vetsel/data=!4m7!3m6!1s0x2dbee2a4323ce68d:0x60e35230806cb32c!8m2!3d-5.1541944!4d119.4244795!16s%2Fg%2F11b7704pl6!19sChIJjeY8MqTivi0RLLNsgDBS42A,warkop Makassar
179,Warkop Dg. Sija,Kedai Kopi,"Jl. Paccerakkang No.3, Paccerakkang, Kec. Biringkanaya, Kota Makassar, Sulawesi Selatan 90241, Indonesia",Makassar,-5.1179761,119.5204566,"VGJC+R5 Paccerakkang, Kota Makassar, Sulawesi Selatan, Indonesia",4.4,322,+6285242261324,,https://lh3.googleusercontent.com/gps-cs-s/AHRPTWkYFh87ZVLDoWyyqK_9iWiM1Vpwuo401G9_lTQ1Ev3iuB1d1VM8tpg_XJ1JEoHPXD9gkfmK5tvKYzifuqQuRtXhB3EY6Gc_qQkVKNb9f_JeDAnu4Vz1AbmLpEE1MdwOWRsZx16C=w408-h306-k-no,"Senin,07.00 hingga 00.00 | Selasa,07.00 hingga 00.00 | Rabu,07.00 hingga 00.00 | Kamis,07.00 hingga 00.00 | Jumat,07.00 hingga 00.00 | Sabtu,07.00 hingga 00.00 | Minggu,07.00 hingga 00.00",https://www.google.com/maps/place/Warkop+Dg.+Sija/data=!4m7!3m6!1s0x2dbefb67983647f5:0x403241f00cbf4506!8m2!3d-5.1179761!4d119.5204566!16s%2Fg%2F11c6cd7cn9!19sChIJ9Uc2mGf7vi0RBkW_DPBBMkA,warkop Makassar
180,Warkop Selter 73,Kedai Kopi,"Jl. Toddopuli Raya Utara No.4-5, Paropo, Kec. Panakkukang, Kota Makassar, Sulawesi Selatan 90231, Indonesia",Makassar,-5.1605336,119.4534297,"RFQ3+Q9 Paropo, Kota Makassar, Sulawesi Selatan, Indonesia",4.9,10,+6282197039968,,https://lh3.googleusercontent.com/gps-cs-s/AHRPTWlUwYm5vyaNiuX5TVb6dD_abY8_81mOf-2SZE_mYvaPW2cAI1V49BEV446zoo0V-RZbwkCFWubwqoXu0wrW49Qk7d0nXB12BjliLMEC_GX0p2pMDt8sbl3PCUpGL5X2kDkpdukL=w408-h306-k-no,"Senin,08.00 hingga 00.00 | Selasa,08.00 hingga 00.00 | Rabu,08.00 hingga 00.00 | Kamis,08.00 hingga 00.00 | Jumat,08.00 hingga 00.00 | Sabtu,08.00 hingga 00.00 | Minggu,08.00 hingga 00.00",https://www.google.com/maps/place/Warkop+Selter+73/data=!4m7!3m6!1s0x2dbee35895fa42cf:0x8f74186d4d8cf69e!8m2!3d-5.1605336!4d119.4534297!16s%2Fg%2F11t7r2cxqj!19sChIJz0L6lVjjvi0RnvaMTW0YdI8,warkop Makassar
181,Warkop Mammi 68,Kafe,"Jl. Monginsidi No.68, Maricaya, Kec. Makassar, Kota Makassar, Sulawesi Selatan 90142, Indonesia",Makassar,-5.1485149,119.4211037,"VC2C+HC Maricaya, Kota Makassar, Sulawesi Selatan, Indonesia",4.4,270,+624114810249,,https://lh3.googleusercontent.com/gps-proxy/ALd4DhFqHi9Mr9pMDzLym36YyIa7PzJ0wju24ho0vSSiObfi5rdseMZo1UymeMeymTq6PQWTQmvvGXHbh9Fr4EZBPseAo17XhZZKaFCq4Q-tA_BIn4of9xrDDBuS4TnlYvSdTIHxWN5u6nX6-_gln2DMeubAcgHSXhvFqG-34WCrz8lYhX59Pq7YauOElvTMuVFccKSKwWU=w408-h306-k-no,"Senin,08.00 hingga 00.00 | Selasa,08.00 hingga 00.00 | Rabu,08.00 hingga 00.00 | Kamis,08.00 hingga 00.00 | Jumat,08.00 hingga 00.00 | Sabtu,08.00 hingga 00.00 | Minggu,08.00 hingga 00.00",https://www.google.com/maps/place/Warkop+Mammi+68/data=!4m7!3m6!1s0x2dbee2a96f91d2ff:0x7a3bb6a46ef520cc!8m2!3d-5.1485149!4d119.4211037!16s%2Fg%2F1pzpgnkrn!19sChIJ_9KRb6nivi0RzCD1bqS2O3o,warkop Makassar
182,Warkop Taste,Kedai Kopi,"Jl. Maccini Raya No.140A, Sinrijala, Kec. Panakkukang, Kota Makassar, Sulawesi Selatan 90231, Indonesia",Makassar,-5.138114,119.4346397,"VC6M+QV Sinrijala, Kota Makassar, Sulawesi Selatan, Indonesia",4.7,58,+6282188224422,,https://lh3.googleusercontent.com/gps-cs-s/AHRPTWnIkGbBBEOPA1IX4G6wzroKWy6cLKghUaBiMDtgGpswN5oT0WVwuaU0AB81PxDyEx-LnM8ld_QwGYI10efVMxRmTJw3KYZDAxIFc4htdnoTeulRsevv_7b9NsS3kLDoAIaYzJsU=w426-h240-k-no,"Senin,07.00 hingga 23.00 | Selasa,07.00 hingga 23.00 | Rabu,07.00 hingga 23.00 | Kamis,07.00 hingga 23.00 | Jumat,07.00 hingga 23.00 | Sabtu,07.00 hingga 23.00 | Minggu,07.00 hingga 23.00",https://www.google.com/maps/place/Warkop+Taste/data=!4m7!3m6!1s0x2dbefd4c126f41ed:0x4bd3b879208ed4d8!8m2!3d-5.138114!4d119.4346397!16s%2Fg%2F11fz0dl_vr!19sChIJ7UFvEkz9vi0R2NSOIHm400s,warkop Makassar
183,Warkop Q-Ta,Kedai Kopi,"Jl. Perintis Kemerdekaan No.126, Tamalanrea, Kec. Tamalanrea, Kota Makassar, Sulawesi Selatan 90245, Indonesia",Makassar,-5.1312351,119.4985429,"VF9X+GC Tamalanrea, Kota Makassar, Sulawesi Selatan, Indonesia",4.6,72,,,https://lh3.googleusercontent.com/gps-cs-s/AHRPTWlwwKfuyAAx5Jb_w6UUnZfu1MLsI4VrtvdztiiLbJmLU7gddHkpig541j-6mcFj2k9ahVELob6ccQ2yrvkLB-vLPhifyt-qH_CGK--apFyKio3KbRqnGfm3SWJMahzp_YHo-BWrDg=w408-h306-k-no,"Senin,07.00 hingga 22.00 | Selasa,07.00 hingga 22.00 | Rabu,07.00 hingga 22.00 | Kamis,07.00 hingga 22.00 | Jumat,07.00 hingga 22.00 | Sabtu,07.00 hingga 22.00 | Minggu,Tutup",https://www.google.com/maps/place/Warkop+Q-Ta/data=!4m7!3m6!1s0x2dbefcb02d884b93:0x9d5825969b2cf26b!8m2!3d-5.1312351!4d119.4985429!16s%2Fg%2F11b779yy9q!19sChIJk0uILbD8vi0Ra_Ism5YlWJ0,warkop Makassar
184,Warkop Ommo,Kafe,"Jl. Bonto Langkasa No.19, Mannuruki, Kec. Tamalate, Kota Makassar, Sulawesi Selatan 90222, Indonesia",Makassar,-5.1678213,119.4314524,"RCJJ+VH Mannuruki, Kota Makassar, Sulawesi Selatan, Indonesia",4.6,166,+6282191982372,,https://lh3.googleusercontent.com/gps-cs-s/AHRPTWnXp7g8kQj1nknPMrPwIRs8Cuznh6hdboKKlGWK6Tuo0EeQISz-VPMha60OuzAedYQDxV6amgv42c3dFLdyoR_KdPqUsoDI6_NDvzyWln6NUnjWjU9evVUtRvbiXbYtqiCpeYg=w426-h240-k-no,"Senin,10.00 hingga 00.00 | Selasa,10.00 hingga 00.00 | Rabu,10.00 hingga 00.00 | Kamis,10.00 hingga 00.00 | Jumat,10.00 hingga 00.00 | Sabtu,10.00 hingga 00.00 | Minggu,10.00 hingga 00.00",https://www.google.com/maps/place/Warkop+Ommo/data=!4m7!3m6!1s0x2dbee2905c7dd341:0xed44ea0af0738686!8m2!3d-5.1678213!4d119.4314524!16s%2Fg%2F11cs5k72cs!19sChIJQdN9XJDivi0RhoZz8ArqRO0,warkop Makassar
185,Warkop Sija Kijang,Kedai Kopi,"Jl. Kijang No.47, Maricaya, Kec. Makassar, Kota Makassar, Sulawesi Selatan 90142, Indonesia",Makassar,-5.1499217,119.419956,"VC29+2X Maricaya, Kota Makassar, Sulawesi Selatan, Indonesia",4.5,121,+6281354988393,,https://lh3.googleusercontent.com/gps-cs-s/AHRPTWlzw5hz-djxdXEACe8Vn7_2x1eyQyJ5g5m8Gr-D6ziULkXt5asy1uMPyt_6byEBmjBYtzUJKGHhTIf_0VwhZsty_GV_fhrNjjy9kIckLx6Ev2DGZVzzP-yceMORbbTcZtkslRI=w507-h240-k-no,"Senin,07.00 hingga 22.00 | Selasa,07.00 hingga 22.00 | Rabu,07.00 hingga 22.00 | Kamis,07.00 hingga 22.00 | Jumat,07.00 hingga 22.00 | Sabtu,07.00 hingga 22.00 | Minggu,07.00 hingga 22.00",https://www.google.com/maps/place/Warkop+Sija+Kijang/data=!4m7!3m6!1s0x2dbee3b4ecb782bf:0x345fa128f92fcac2!8m2!3d-5.1499217!4d119.419956!16s%2Fg%2F11lgxzzx4l!19sChIJv4K37LTjvi0Rwsov-SihXzQ,warkop Makassar
186,Warkop assipojingetta,Kedai Kopi,"Jl. Perintis Kemerdekaan No.11 No.Km. 18 no, Pai, Kec. Biringkanaya, Kota Makassar, Sulawesi Selatan 90242, Indonesia",Makassar,-5.089296,119.5181998,"WG69+77 Pai, Kota Makassar, Sulawesi Selatan, Indonesia",4.6,276,+6281324262019,,https://lh3.googleusercontent.com/gps-cs-s/AHRPTWnQnPxXqkJ44jawZZMbN-tnAM-ccuAYAHSonkABJ4wxJ1ysk3ZR626-kHPmYtDaqGG1nnnjvjBNxzwKhH4WD8ydcA1NCRhW1wHdK78EtjTKQ1KNA8XyPICIIeF6e7E5xOpOvSmD=w408-h306-k-no,"Senin,07.00 hingga 00.00 | Selasa,07.00 hingga 00.00 | Rabu,07.00 hingga 00.00 | Kamis,07.00 hingga 00.00 | Jumat,07.00 hingga 00.00 | Sabtu,07.00 hingga 00.00 | Minggu,07.00 hingga 00.00",https://www.google.com/maps/place/Warkop+assipojingetta/data=!4m7!3m6!1s0x2dbefbe3973a05d9:0xc71865ffdfe4ad78!8m2!3d-5.089296!4d119.5181998!16s%2Fg%2F11j90mjyth!19sChIJ2QU6l-P7vi0ReK3k3_9lGMc,warkop Makassar
187,Rumah Kopi Canton Coffee,Kedai Kopi,"Ruko Metro Square, Jl. Gunung Latimojong Blok C5, Lariang Bangi, Makassar, Makassar City, South Sulawesi 90151, Indonesia",,-5.1371171,119.4214132,"VC7C+5H Lariang Bangi, Kota Makassar, Sulawesi Selatan, Indonesia",4.5,376,+6281354777777,https://instagram.com/canton_coffee?igshid=cnpootpqwlkl,https://lh3.googleusercontent.com/gps-cs-s/AHRPTWk46Vw9uMrUgWOy0lP0xML8FS10B4_4SanXvgZXcgzoKtc9RqitD-EX-NvB8mmaPYjXJJNDUXOYNuUVRxj3rwLko4HPF0c1igUlysfjSJ27qlcuxlj_7Tx4285v4Be-ztraklyIFQ=w408-h903-k-no,"Senin,06.00 hingga 18.30 | Selasa,06.00 hingga 18.30 | Rabu,06.00 hingga 18.30 | Kamis,06.00 hingga 18.30 | Jumat,06.00 hingga 18.30 | Sabtu,06.00 hingga 18.30 | Minggu,06.00 hingga 18.30",https://www.google.com/maps/place/Rumah+Kopi+Canton+Coffee/data=!4m7!3m6!1s0x2dbefd567d5c2593:0x760494ff31dc8e35!8m2!3d-5.1371171!4d119.4214132!16s%2Fg%2F1hm4qgf9m!19sChIJkyVcfVb9vi0RNY7cMf-UBHY,warkop Makassar | kedai kopi Makassar
188,CAFE MAKKA,Kafe,"Komp UMI 2 Blok R2 No.2, Karampuang, Kec. Panakkukang, Kota Makassar, Sulawesi Selatan 90233, Indonesia",Makassar,-5.1467684,119.4460774,"VC3W+7C Karampuang, Kota Makassar, Sulawesi Selatan, Indonesia",4.7,61,,,https://lh3.googleusercontent.com/gps-cs-s/AHRPTWkJdTqV__X6ajnW-x_Wjw8qa408ByHo_x6F1HfqRxVkS2JzAvfmDVKEakUUqDgzbcx4k-6kAq4NPs6z0wiBzOs8JYyH1O02lnKi75q7ZsR-VbXwSgajqtHpOSXJY7R-4ZW5zSo=w408-h725-k-no,"Senin,07.00 hingga 00.00 | Selasa,07.00 hingga 00.00 | Rabu,07.00 hingga 00.00 | Kamis,07.00 hingga 00.00 | Jumat,07.00 hingga 00.00 | Sabtu,07.00 hingga 00.00 | Minggu,07.00 hingga 00.00",https://www.google.com/maps/place/CAFE+MAKKA/data=!4m7!3m6!1s0x2dbee3a375cfae5f:0xdbc7ce00cf0a2fa3!8m2!3d-5.1467684!4d119.4460774!16s%2Fg%2F11h3r2z8jr!19sChIJX67PdaPjvi0Roy8KzwDOx9s,warkop Makassar
189,GRIYA SEHAT MAKASSAR,Kedai Kopi,"Jl. Bougenville No.8, Masale, Kec. Panakkukang, Kota Makassar, Sulawesi Selatan 90231, Indonesia",Makassar,-5.1569452,119.4452291,"RCVW+63 Masale, Kota Makassar, Sulawesi Selatan, Indonesia",4.6,12,+6282348862314,,https://lh3.googleusercontent.com/gps-cs-s/AHRPTWk0QHDf_LAiH30C8QyXg2LoriSjoieOT7gevg8K1VYx-ubRni7RdpiB0TIg1n-mhg51OaV7LOoyRNRxgWTZOOSZ6miUJAz66lY-112HVkvxOIioZPXU9DTnqWgaMXa3h4XZjnFn=w426-h240-k-no,"Senin,16.00 hingga 21.00 | Selasa,16.00 hingga 21.00 | Rabu,16.00 hingga 21.00 | Kamis,16.00 hingga 21.00 | Jumat,16.00 hingga 21.00 | Sabtu,16.00 hingga 21.00 | Minggu,16.00 hingga 21.00",https://www.google.com/maps/place/GRIYA+SEHAT+MAKASSAR/data=!4m7!3m6!1s0x2dbee2c175266905:0x5e78abc4f71207c6!8m2!3d-5.1569452!4d119.4452291!16s%2Fg%2F11bwp1s749!19sChIJBWkmdcHivi0RxgcS98SreF4,warkop Makassar
190,Warkop Ai,Kedai Kopi,"Jl. Toddopuli Raya Timur No.5, Borong, Kec. Manggala, Kota Makassar, Sulawesi Selatan 90231, Indonesia",Makassar,-5.162021,119.457615,"RFQ5+52 Borong, Kota Makassar, Sulawesi Selatan, Indonesia",4.6,40,,,https://lh3.googleusercontent.com/gps-cs-s/AHRPTWl3nd-a9v6AcpnBjZU27Je-cQHirJv0nYvFOq33Gub4pyCMJEeGwifDpsBzo-OBJe2HSA4FYx0OB3qZ6lmLnEaxB7UHKs96BEadXUVt0T_T90gMys8HNaaxrro3GHtE0iq-86k7=w426-h240-k-no,"Senin,07.00 hingga 23.00 | Selasa,07.00 hingga 23.00 | Rabu,07.00 hingga 23.00 | Kamis,07.00 hingga 23.00 | Jumat,07.00 hingga 23.00 | Sabtu,07.00 hingga 23.00 | Minggu,07.00 hingga 23.00",https://www.google.com/maps/place/Warkop+Ai/data=!4m7!3m6!1s0x2dbee2e6c5b16d59:0xcfd3b00e36f913dd!8m2!3d-5.162021!4d119.457615!16s%2Fg%2F1hm5r8jts!19sChIJWW2xxebivi0R3RP5Ng6w088,warkop Makassar
191,Warkop Viral,Kedai Kopi,"Jl. S.T.O. VII No.89, Paccerakkang, Kec. Biringkanaya, Kota Makassar, Sulawesi Selatan 90245, Indonesia",Makassar,-5.1333017,119.5083343,"VG85+M8 Paccerakkang, Kota Makassar, Sulawesi Selatan, Indonesia",4.8,115,+6281341123759,,https://lh3.googleusercontent.com/gps-cs-s/AHRPTWmtqR01idLZrNFzrjhA7qMUeSVpGODYVqn5NGa-goRwcP8hxv9Ek05Zq_h0nDkrrmQ5z-SHjUJgJj6hHvedPWl3gIWqhP6UF2lz94AuSHyZ_A6qaSTlSHxiuI-JPsizUod_ghY=w408-h306-k-no,"Senin,10.00 hingga 22.00 | Selasa,10.00 hingga 22.00 | Rabu,10.00 hingga 22.00 | Kamis,10.00 hingga 22.00 | Jumat,10.00 hingga 22.00 | Sabtu,10.00 hingga 22.00 | Minggu,10.00 hingga 22.00",https://www.google.com/maps/place/Warkop+Viral/data=!4m7!3m6!1s0x2dbefca98690e6e9:0x93e2be11f37815bf!8m2!3d-5.1333017!4d119.5083343!16s%2Fg%2F11f122tks_!19sChIJ6eaQhqn8vi0RvxV48xG-4pM,warkop Makassar
192,Warkop Kosong Lima,Kafe,"Jl. Taman Makam Pahlawan No.41, Paropo, Kec. Panakkukang, Kota Makassar, Sulawesi Selatan 90233, Indonesia",Makassar,-5.149187,119.4602699,"VF26+84 Paropo, Kota Makassar, Sulawesi Selatan, Indonesia",4.6,41,+6281354680505,,https://lh3.googleusercontent.com/gps-cs-s/AHRPTWkpsCTK-k-OTtL9fsoiXGs20OPXAyYq0Rxt7Ir_bXORxCDmNdTabyg0uNhOuyAKPCGKaQAyw45aRUxgC_prnOyLx70q0pwp13bua-SdW0sHheMdC5FfmY_S7R5cAwQbpIitkd5f=w426-h240-k-no,"Senin,08.00 hingga 00.00 | Selasa,08.00 hingga 00.00 | Rabu,08.00 hingga 00.00 | Kamis,08.00 hingga 00.00 | Jumat,08.00 hingga 00.00 | Sabtu,08.00 hingga 00.00 | Minggu,Tutup",https://www.google.com/maps/place/Warkop+Kosong+Lima/data=!4m7!3m6!1s0x2dbee3228d1226cf:0xf419674f6cfcccf2!8m2!3d-5.149187!4d119.4602699!16s%2Fg%2F11h42lngbj!19sChIJzyYSjSLjvi0R8sz8bE9nGfQ,warkop Makassar
193,WARKOP 69 RATULANGI,Kedai Kopi,"Jl. DR. Ratulangi No.212, Parang, Kec. Mamajang, Kota Makassar, Sulawesi Selatan 90132, Indonesia",Makassar,-5.1649264,119.4186777,"RCP9+2F Parang, Kota Makassar, Sulawesi Selatan, Indonesia",4.3,15,+6285348970069,,https://lh3.googleusercontent.com/gps-cs-s/AHRPTWm7TvJZYj-Xs45S-GolKsXsp9Qjns-FS4154I2YIXtoi8wzumCla4zbyj2zaDlNptslb2mJrJrYnJtP83lvuE1Q6-lRcNacCX2xSFdfi2jfs7xZdjnrpwxLWdSO3iZovSOFpXc58Q=w408-h306-k-no,"Senin,Buka 24 jam | Selasa,Buka 24 jam | Rabu,Buka 24 jam | Kamis,Buka 24 jam | Jumat,Buka 24 jam | Sabtu,Buka 24 jam | Minggu,Buka 24 jam",https://www.google.com/maps/place/WARKOP+69+RATULANGI/data=!4m7!3m6!1s0x2dbee39e185e95e3:0xff53ff7082b83b3!8m2!3d-5.1649264!4d119.4186777!16s%2Fg%2F11rgbpmpp7!19sChIJ45VeGJ7jvi0Rs4MrCPc_9Q8,warkop Makassar
194,Warkop HASBI,Kafe,"Jl. Bandang No.215-259, Parang Layang, Kec. Bontoala, Kota Makassar, Sulawesi Selatan 90213, Indonesia",Makassar,-5.1248777,119.4187842,"VCG9+2G Parang Layang, Kota Makassar, Sulawesi Selatan, Indonesia",4.4,228,+6281241803894,,https://lh3.googleusercontent.com/gps-cs-s/AHRPTWmii9TgHS2XbWeNO_d1xEzvhelpwC1aQdSik-xmkWS4EYrpjMCx9FbQIKmhooPwlf9fVCuYoJ04YJYtEFAlY_BsStG7193_-kaqifIjgyYLZSR8eitKG_CzulmJI7bQICbAM9u55w=w408-h306-k-no,"Senin,Buka 24 jam | Selasa,Buka 24 jam | Rabu,Buka 24 jam | Kamis,Buka 24 jam | Jumat,Buka 24 jam | Sabtu,Buka 24 jam | Minggu,Buka 24 jam",https://www.google.com/maps/place/Warkop+HASBI/data=!4m7!3m6!1s0x2dbefd5fec2ce52b:0x5c6014b30290d89a!8m2!3d-5.1248777!4d119.4187842!16s%2Fg%2F11fy4nvk8h!19sChIJK-Us7F_9vi0RmtiQArMUYFw,warkop Makassar
195,Warkop Daeng Sija BTP,Kedai Kopi,"Jl. Bumi Tamalanrea Permai No.16 Blk M, Tamalanrea, Kec. Tamalanrea, Kota Makassar, Sulawesi Selatan 90245, Indonesia",Makassar,-5.1321954,119.4990426,"VF9X+4J Tamalanrea, Kota Makassar, Sulawesi Selatan, Indonesia",4.2,182,+6282393391052,,https://lh3.googleusercontent.com/gps-proxy/ALd4DhEgbBQQcVjYEIfUGJBvIm2fJaqIqPy41TNHRccFtBEt-b5g7YMDiCYnQNAPKEMwe4myDkwlIBRpUeRmEdFYeAgrHUMz34D-EwCb34T9WGEvLIvlIVtFIOHuGwmDFtGC8n3pY0tphN4wAftUR8ouM7GVMXzVIlwb8WlJS0NkcqbUQfBllQSVeGzx99H-BsB37SwHIfU=w408-h306-k-no,"Senin,07.00 hingga 00.00 | Selasa,07.00 hingga 00.00 | Rabu,07.00 hingga 00.00 | Kamis,07.00 hingga 00.00 | Jumat,07.00 hingga 00.00 | Sabtu,07.00 hingga 00.00 | Minggu,07.00 hingga 00.00",https://www.google.com/maps/place/Warkop+Daeng+Sija+BTP/data=!4m7!3m6!1s0x2dbefcb1d9a59913:0x4aad376ab3484861!8m2!3d-5.1321954!4d119.4990426!16s%2Fg%2F11b7qzb_gs!19sChIJE5ml2bH8vi0RYUhIs2o3rUo,warkop Makassar
196,KOPI WALET 100% asli sarang walet,Kafe,"Jl. Perintis Kemerdekaan No.Km 18, Pai, Kec. Biringkanaya, Kota Makassar, Sulawesi Selatan 90242, Indonesia",Makassar,-5.0771717,119.5223353,"WGFC+4W Pai, Kota Makassar, Sulawesi Selatan, Indonesia",4.3,212,+6281355771390,,https://lh3.googleusercontent.com/gps-cs-s/AHRPTWlVnM0nbKWe7D_nTg6XngsW6qF8IydaEKdAwSF_97j8SLtynHm0OoyfKolS2HlLfFnIB7xj-Kq1syc7yeK_L0MXGEVTsmuD7ioAgMYh3lSVOvK9HvX3xIwovHKBi41xrT8bjuzc=w426-h240-k-no,"Senin,09.00 hingga 00.00 | Selasa,09.00 hingga 00.00 | Rabu,09.00 hingga 00.00 | Kamis,09.00 hingga 00.00 | Jumat,09.00 hingga 00.00 | Sabtu,09.00 hingga 00.00 | Minggu,10.00 hingga 00.00",https://www.google.com/maps/place/KOPI+WALET+100%25+asli+sarang+walet/data=!4m7!3m6!1s0x2dbefbee1d44eb1f:0xc7477c7d154e29d8!8m2!3d-5.0771717!4d119.5223353!16s%2Fg%2F11b7qwrscy!19sChIJH-tEHe77vi0R2ClOFX18R8c,warkop Makassar
197,Warkop Dottoro,Kedai Kopi,"VC2Q+78H, Komplek Business Centre III, Jl. A. P. Pettarani, Masale, Kec. Panakkukang, Kota Makassar, Sulawesi Selatan 90222, Indonesia",Makassar,-5.1493045,119.4383471,,4.5,173,,,https://lh3.googleusercontent.com/gps-cs-s/AHRPTWlOUzCBVJDApeeZTtF56eeRbCGfgZd-V84jSxTIZcvfIZCMW98_1DcdS2BiZeDCAbn49o9V6eyAWBazBXCrQwEw48dStulsEk74ceCwzVAoYJOg2DIxpKIYcoJTrcyhdZZ3DbwRKQ=w426-h240-k-no,"Senin,07.00 hingga 00.00 | Selasa,07.00 hingga 00.00 | Rabu,07.00 hingga 00.00 | Kamis,07.00 hingga 00.00 | Jumat,07.00 hingga 00.00 | Sabtu,07.00 hingga 00.00 | Minggu,Tutup",https://www.google.com/maps/place/Warkop+Dottoro/data=!4m7!3m6!1s0x2dbee2b7a0c57ddf:0xe9ada222808abe24!8m2!3d-5.1493045!4d119.4383471!16s%2Fg%2F11b76v00lq!19sChIJ333FoLfivi0RJL6KgCKirek,warkop Makassar
198,WARKOP 21,Kedai Kopi,"Jl. G. Bambapuang I, Lariang Bangi, Kec. Makassar, Kota Makassar, Sulawesi Selatan 90145, Indonesia",Makassar,-5.1402311,119.4217066,"VC5C+WM Lariang Bangi, Kota Makassar, Sulawesi Selatan, Indonesia",4.9,21,,,https://lh3.googleusercontent.com/gps-cs-s/AHRPTWklCxlTof-IZMvalBXs86XF-DI2zjEgsyGQOHm1lw05vD_m9JRj6k7-hhi-tuzNWoQ3sbLXym2F4uNBJOU1SDxdU3A_c0y8pHdeS8oiT3NmAOZxZy5Z8odCVnJF3LsnPPuZOCkq=w426-h240-k-no,"Senin,Buka 24 jam | Selasa,Buka 24 jam | Rabu,Buka 24 jam | Kamis,Buka 24 jam | Jumat,Buka 24 jam | Sabtu,Buka 24 jam | Minggu,Buka 24 jam",https://www.google.com/maps/place/WARKOP+21/data=!4m7!3m6!1s0x2dbefdebfef1cf0b:0xbfcb2d63b4b3157b!8m2!3d-5.1402311!4d119.4217066!16s%2Fg%2F11jzw8qqlj!19sChIJC8_x_uv9vi0RexWztGMty78,warkop Makassar
199,Warkop Pojok 47,Kedai Kopi,"Jl. Bandang No.213, Parang Layang, Kec. Bontoala, Kota Makassar, Sulawesi Selatan 90171, Indonesia",Makassar,-5.1250578,119.4188835,"VCF9+XH Parang Layang, Kota Makassar, Sulawesi Selatan, Indonesia",4.4,56,+6281342874013,,https://lh3.googleusercontent.com/gps-cs-s/AHRPTWkFHpS3hlR9hJhJZEKxhUG8TBxXe5MhI_jN_dxJE5ttbY9tWJHeDALRyc_ANjUliIvkepfqRG0ysGGIbCnkGVVRWoa7kpNtlmuUHFUpskoeRXMv-R3k_hfvHflcmvPGcvh1Qm6--Q=w408-h408-k-no,Buka sekarang,https://www.google.com/maps/place/Warkop+Pojok+47/data=!4m7!3m6!1s0x2dbefd41d09c3be3:0xfb400047f232c9e4!8m2!3d-5.1250578!4d119.4188835!16s%2Fg%2F11jzd0ydvc!19sChIJ4zuc0EH9vi0R5Mky8kcAQPs,warkop Makassar
200,Warkop Zaky,Kedai Kopi,"Jl. Antang Raya, Antang, Kec. Manggala, Kota Makassar, Sulawesi Selatan 90234, Indonesia",Makassar,-5.160288,119.4771859,"RFQG+VV Antang, Kota Makassar, Sulawesi Selatan, Indonesia",4.4,280,+6282344733178,,https://lh3.googleusercontent.com/gps-cs-s/AHRPTWlx3YUuIEwvKdD2FXp3bqPa11eDQNV018iIZoeWYAKsIRF4HWqzuZC7Nl883yR7JQbHuXRFiLWdQ0GgOOKCDTaUpQb3izV6fv9xaiTuONLTIwggUHrxnqxRlzP5HL_HOumx0M4p=w408-h244-k-no,"Senin,09.00 hingga 23.30 | Selasa,09.00 hingga 23.30 | Rabu,09.00 hingga 23.30 | Kamis,09.00 hingga 23.30 | Jumat,09.00 hingga 23.30 | Sabtu,09.00 hingga 00.00 | Minggu,09.00 hingga 23.30",https://www.google.com/maps/place/Warkop+Zaky/data=!4m7!3m6!1s0x2dbee3176c272add:0x4f9bca2b747f459b!8m2!3d-5.160288!4d119.4771859!16s%2Fg%2F11c5j758wy!19sChIJ3SonbBfjvi0Rm0V_dCvKm08,warkop Makassar
201,Tong San Warkop,Kedai Kopi,"Jl. H. Borra No.20/22, Bulo Gading, Kec. Ujung Pandang, Kota Makassar, Sulawesi Selatan 90111, Indonesia",Makassar,-5.1377472,119.4056078,"VC64+W6 Bulo Gading, Kota Makassar, Sulawesi Selatan, Indonesia",4.4,230,+624113618454,,https://lh3.googleusercontent.com/gps-cs-s/AHRPTWkEEFzbpoUmlJ-XRgLKq1uZ22wLx94-rrwLOJMmtklM4-yd4u-VsV0W1CU_TwLrl5fRSIvI13Sr-7paWexz6-WtvhaRiWSyQgr1UD_3CpcOrGRbcoTKJLytGEXjXpq81scM2-edHw=w408-h544-k-no,"Senin,06.00 hingga 17.00 | Selasa,06.00 hingga 17.00 | Rabu,06.00 hingga 17.00 | Kamis,06.00 hingga 17.00 | Jumat,06.00 hingga 17.00 | Sabtu,06.00 hingga 17.00 | Minggu,06.00 hingga 17.00",https://www.google.com/maps/place/Tong+San+Warkop/data=!4m7!3m6!1s0x2dbf02b1ef7b7097:0x2271b61c9b3f5563!8m2!3d-5.1377472!4d119.4056078!16s%2Fg%2F11b6nlr2z_!19sChIJl3B777ECvy0RY1U_mxy2cSI,warkop Makassar
202,WARKOP 17 LIVE MUSIC,Kedai Kopi,"Jl. Perintis Kemerdekaan No.km.13, Kapasa, Kec. Tamalanrea, Kota Makassar, Sulawesi Selatan 90245, Indonesia",Makassar,-5.1231001,119.5068208,"VGG4+QP Kapasa, Kota Makassar, Sulawesi Selatan, Indonesia",4.3,240,+6282348099272,,https://lh3.googleusercontent.com/gps-proxy/ALd4DhGQy0c3_MaM18FVv6UVJ4hzTAijU8Pi3AHlPuwFQ1Iw0ozSBAYZwYRLl-u96tguiicJINLXsV8MyQmUAD4GLAtjS38o0XGSKrmEBKJBxUV0eD9G3LYvkLUD1IkqQXvYj73qMr2PeOz6VInG4FK3f8GnDTYey4JZcPGKaPg8M0eTz6QxJoOEDhpWxI1UCclYR0KRuw=w408-h306-k-no,"Senin,09.00 hingga 02.00 | Selasa,09.00 hingga 02.00 | Rabu,09.00 hingga 02.00 | Kamis,09.00 hingga 02.00 | Jumat,09.00 hingga 02.00 | Sabtu,09.00 hingga 02.00 | Minggu,09.00 hingga 02.00",https://www.google.com/maps/place/WARKOP+17+LIVE+MUSIC/data=!4m7!3m6!1s0x2dbefca11912e533:0xcd8b970d5454040c!8m2!3d-5.1231001!4d119.5068208!16s%2Fg%2F11g9qpzg2y!19sChIJM-USGaH8vi0RDARUVA2Xi80,warkop Makassar
203,Warkop 383,Kedai Kopi,"Jl. Veteran Selatan No.465, Bonto Lebang, Kec. Mamajang, Kota Makassar, Sulawesi Selatan 90135, Indonesia",Makassar,-5.1650929,119.4208479,"RCMC+X8 Bonto Lebang, Kota Makassar, Sulawesi Selatan, Indonesia",4.9,31,+6281284327383,,https://lh3.googleusercontent.com/gps-cs-s/AHRPTWlYk7tfkX-H2r2KPPCaAN-wI7nAyhgLBAz3mu1onuOuh1VBOFIxkzTG1jDTFLpFPleQ0efHU-Ih-rqfMxGXXyi8bp0bIzmJTsVJJcGs9_ZdX--PDl0d0Fh6RpSilJeVMrWz4Y8m=w426-h240-k-no,"Senin,07.00 hingga 21.00 | Selasa,07.00 hingga 21.00 | Rabu,07.00 hingga 21.00 | Kamis,07.00 hingga 21.00 | Jumat,07.00 hingga 21.00 | Sabtu,07.00 hingga 21.00 | Minggu,07.00 hingga 21.00",https://www.google.com/maps/place/Warkop+383/data=!4m7!3m6!1s0x2dbee3333b7009dd:0x87fbf6fd05bd5912!8m2!3d-5.1650929!4d119.4208479!16s%2Fg%2F11lkjdvtrp!19sChIJ3QlwOzPjvi0RElm9Bf32-4c,warkop Makassar
204,Warkop Orange,Kedai Kopi,"Jl. A. Mappanyukki No.123D, Mario, Kec. Mariso, Kota Makassar, Sulawesi Selatan 90125, Indonesia",Makassar,-5.1570301,119.4151507,"RCV8+53 Mario, Kota Makassar, Sulawesi Selatan, Indonesia",4.5,328,+6282285777779,,https://lh3.googleusercontent.com/gps-cs-s/AHRPTWlPGyq79LeYOYa_DBxAvTNv16hp5pCppgvPzBqkH3TbsbKyb8sWSYBmwBYPEkcD8w7Nmy9BNTdzWjCZKzE4r6gtGEQ8yjVEny1LZ-U1glIzMT9Ny4FhUrYX1auU2u3kPqiSsUnMyA=w408-h680-k-no,"Senin,05.30 hingga 00.00 | Selasa,05.30 hingga 00.00 | Rabu,05.30 hingga 00.00 | Kamis,05.30 hingga 00.00 | Jumat,05.30 hingga 00.00 | Sabtu,05.30 hingga 00.00 | Minggu,05.30 hingga 00.00",https://www.google.com/maps/place/Warkop+Orange/data=!4m7!3m6!1s0x2dbf1d5f2837c38b:0x2d69947b97c974c0!8m2!3d-5.1570301!4d119.4151507!16s%2Fg%2F11b7771vff!19sChIJi8M3KF8dvy0RwHTJl3uUaS0,warkop Makassar
205,Warkop Chacha,Kedai Kopi,"Jl. Mannuruki BTN. Tabaria, Mannuruki, Kec. Tamalate, Kota Makassar, Sulawesi Selatan 90223, Indonesia",Makassar,-5.1804062,119.4280704,"RC9H+R6 Mannuruki, Kota Makassar, Sulawesi Selatan, Indonesia",4.6,164,+6285320611166,,https://lh3.googleusercontent.com/gps-cs-s/AHRPTWlpZ0kUWZ1XgrRhX40vVTylOjJU2Ni-JWrPID6yrJjFVvRJ62I18mv-GpJLw7sv7H0jVRcv_JTte4FB8U9vr2gQ8JuBBsmftlZVsxnyU-be9nMeLQXypZP7ScNByHJRKA=w408-h306-k-no,"Senin,09.30 hingga 00.00 | Selasa,09.30 hingga 00.00 | Rabu,09.30 hingga 00.00 | Kamis,09.30 hingga 00.00 | Jumat,09.30 hingga 00.00 | Sabtu,09.30 hingga 00.00 | Minggu,09.30 hingga 00.00",https://www.google.com/maps/place/Warkop+Chacha/data=!4m7!3m6!1s0x2dbee27d1600e459:0x7199c77270db8c29!8m2!3d-5.1804062!4d119.4280704!16s%2Fg%2F11gh2vw492!19sChIJWeQAFn3ivi0RKYzbcHLHmXE,warkop Makassar
206,Warkop Banjir,Kafetaria,"Jl. Maccini Raya No.68, Maccini Parang, Kec. Makassar, Kota Makassar, Sulawesi Selatan 90144, Indonesia",Makassar,-5.1377441,119.4314702,"VC6J+WH Maccini Parang, Kota Makassar, Sulawesi Selatan, Indonesia",4.5,54,+62411443060,,https://lh3.googleusercontent.com/gps-cs-s/AHRPTWkB2l1hFVPzuAziU_-yeFiUc6s9x-8W-Dw9FSm4HCIjgVFSGxFqRCoiaieo3gQOUSYp2SET4q5lI088_WKwvLLKTp2_4xjkAkgYW_D9AM0Fw0ItTf1wuyUYSzpKL4yOAZZt5tA=w408-h544-k-no,"Senin,08.00 hingga 05.24 | Selasa,08.00 hingga 05.24 | Rabu,08.00 hingga 05.24 | Kamis,08.00 hingga 05.24 | Jumat,08.00 hingga 05.24 | Sabtu,08.00 hingga 05.24 | Minggu,08.00 hingga 05.24",https://www.google.com/maps/place/Warkop+Banjir/data=!4m7!3m6!1s0x2dbefd4ddb2014d1:0x83f3c00c13a4efaf!8m2!3d-5.1377441!4d119.4314702!16s%2Fg%2F11b6dpq279!19sChIJ0RQg2039vi0Rr--kEwzA84M,warkop Makassar
207,Warkop 212,Kedai Kopi,"Jl. Toddopuli Raya Blok J No.1-2, Paropo, Kec. Panakkukang, Kota Makassar, Sulawesi Selatan 90231, Indonesia",Makassar,-5.1610646,119.4532471,"RFQ3+H7 Paropo, Kota Makassar, Sulawesi Selatan, Indonesia",4.3,911,+62411438222,,https://lh3.googleusercontent.com/gps-cs-s/AHRPTWnKJyYJfTCxS7KmpIgGj1JmTIk30u-oJwP9D_yPPFSaR9KCUIuzYmf37ysrMoKTrERA_UMqtPYIWFqo52lBIg-JiCK6l4oNOHGcp58LboLBQSwEjdJ5D6pdyMUOk6HSjZmX9u1N=w408-h306-k-no,"Senin,10.00 hingga 22.00 | Selasa,10.00 hingga 22.00 | Rabu,10.00 hingga 22.00 | Kamis,10.00 hingga 22.00 | Jumat,10.00 hingga 22.00 | Sabtu,10.00 hingga 22.00 | Minggu,10.00 hingga 22.00",https://www.google.com/maps/place/Warkop+212/data=!4m7!3m6!1s0x2dbee2e7d0dc7c23:0x5be84498874d9f72!8m2!3d-5.1610646!4d119.4532471!16s%2Fg%2F11b774zsjy!19sChIJI3zc0Ofivi0Rcp9Nh5hE6Fs,warkop Makassar
208,Warkop Simpang Lima,Kedai Kopi,"Jl. Bhayangkara No.1C, Bongaya, Kec. Tamalate, Kota Makassar, Sulawesi Selatan 90223, Indonesia",Makassar,-5.1672984,119.4196215,"RCM9+3R Bongaya, Kota Makassar, Sulawesi Selatan, Indonesia",5,10,+6285241900779,,https://lh3.googleusercontent.com/gps-cs-s/AHRPTWkdQYY6mEV7TSkXtclzGDIqY95DnFwgfZ6oDrl0IPcJuTgRu4L2qxRN2GhJnPyxqpgn7JI4qZpHuistQv_Fzvtp9ff4Pmt6It5Ul0Ay43UzEERuPL6ePz0gWbvGHpwkfkBPcYkY=w408-h509-k-no,"Senin,06.00 hingga 22.00 | Selasa,06.00 hingga 22.00 | Rabu,06.00 hingga 22.00 | Kamis,06.00 hingga 22.00 | Jumat,06.00 hingga 22.00 | Sabtu,06.00 hingga 22.00 | Minggu,Tutup",https://www.google.com/maps/place/Warkop+Simpang+Lima/data=!4m7!3m6!1s0x2dbee3e04f69d629:0xfd7ad1bd9ce91142!8m2!3d-5.1672984!4d119.4196215!16s%2Fg%2F11kb8dy184!19sChIJKdZpT-Djvi0RQhHpnL3Rev0,warkop Makassar
209,Warkop Sahabat Umark,Kedai Kopi,"Jl. Rappocini Raya Lrg. 5C Jl. Rappocini Raya Lorong 5 No.22, Rappocini, Kec. Rappocini, Kota Makassar, Sulawesi Selatan 90222, Indonesia",Makassar,-5.1538489,119.4301287,"RCWJ+F3 Rappocini, Kota Makassar, Sulawesi Selatan, Indonesia",4.8,51,,,https://lh3.googleusercontent.com/gps-cs-s/AHRPTWm0YILoYl3Df8n1TzwbFxzRUm41Rfmc5Kap0boBC24CsDCJVVcaVSTmDiBf-SgkoD6REdFrdYhnosMa_HsMLLKVFa0PeOTt3gTeAi1BQcp_rd00uho24pAGwqEbuRdq_d_OmL0ytQ=w408-h544-k-no,"Senin,14.00 hingga 00.00 | Selasa,14.00 hingga 00.00 | Rabu,14.00 hingga 00.00 | Kamis,14.00 hingga 00.00 | Jumat,14.00 hingga 00.00 | Sabtu,14.00 hingga 00.00 | Minggu,14.00 hingga 00.00",https://www.google.com/maps/place/Warkop+Sahabat+Umark/data=!4m7!3m6!1s0x2dbee2a4cf3dc72f:0x6397c6fec54ed82b!8m2!3d-5.1538489!4d119.4301287!16s%2Fg%2F11f3ch_h61!19sChIJL8c9z6Tivi0RK9hOxf7Gl2M,warkop Makassar
210,Warkop Teras Kinoi,Kafe,"RC9V+PJM, Jl. Talasalapang II Komp. No.mor 1 PK blok I2, Gn. Sari, Kec. Rappocini, Kota Makassar, Sulawesi Selatan 90221, Indonesia",Makassar,-5.1804013,119.4435111,,4.5,292,+6282134380975,,https://lh3.googleusercontent.com/gps-cs-s/AHRPTWk78GuIStcUnSMP8-SM-CERIAaIhysB11H255WD0myv7YHThNxIFrsp9ZqufD4OSwKhAojUEIshvXw2CAD49qwMp53bcPvOeHdOL1Dp8e0cwFolFu2Uh0_tyt8D0TEfgi8P_Sd9yC3r9hoU=w513-h240-k-no,"Senin,08.00 hingga 12.00 | Selasa,08.00 hingga 00.00 | Rabu,08.00 hingga 12.00 | Kamis,08.00 hingga 12.00 | Jumat,08.00 hingga 12.00 | Sabtu,08.00 hingga 12.00 | Minggu,08.00 hingga 12.00",https://www.google.com/maps/place/Warkop+Teras+Kinoi/data=!4m7!3m6!1s0x2dbee25facd4aaf7:0xc045233d6e59bcb1!8m2!3d-5.1804013!4d119.4435111!16s%2Fg%2F11c1qhkh81!19sChIJ96rUrF_ivi0RsbxZbj0jRcA,warkop Makassar
211,WARKOP SULTAN,Kedai Kopi,"Jl. Mallombasang No.51, Jongaya, Kec. Tamalate, Kota Makassar, Sulawesi Selatan 90223, Indonesia",Makassar,-5.1784012,119.4163506,"RCC8+JG Jongaya, Kota Makassar, Sulawesi Selatan, Indonesia",4.6,16,+6285232458788,,https://lh3.googleusercontent.com/gps-cs-s/AHRPTWkrFD4_ObaWd3SXr2raMG6x6khkEVMXzLzoTMAXcQ9k3qaforbPmIVcGH_6oQPAfS295svrvVZW9j9ncBhTzeMcj3BctBhiPG52QRtPSnwYr5smmUyciZjL5X0F5sg1-ZgV4zo=w408-h408-k-no,"Senin,08.00 hingga 00.00 | Selasa,08.00 hingga 00.00 | Rabu,08.00 hingga 00.00 | Kamis,08.00 hingga 00.00 | Jumat,08.00 hingga 00.00 | Sabtu,08.00 hingga 00.00 | Minggu,08.00 hingga 00.00",https://www.google.com/maps/place/WARKOP+SULTAN/data=!4m7!3m6!1s0x2dbf1d7f95a31ead:0x2540e948939d32d8!8m2!3d-5.1784012!4d119.4163506!16s%2Fg%2F11fzf9gnpf!19sChIJrR6jlX8dvy0R2DKdk0jpQCU,warkop Makassar
212,Warkop D'Siama,Kedai Kopi,"KM 5 nomor 8, Jl. Urip Sumoharjo, Panaikang, Panakkukang, Makassar City, South Sulawesi 90231, Indonesia",,-5.139588,119.4490963,"VC6X+5J Panaikang, Kota Makassar, Sulawesi Selatan, Indonesia",4.5,395,+6281241870546,,https://lh3.googleusercontent.com/gps-cs-s/AHRPTWl2ugb_hVAsG6YOeM6vNqtaxq3QyvMwJUwNzX1hhQgTIAJ55uxSlBXnX3gRnzBLO3hlYUT3f19fjMH2jiYhiwYgHIIqGLtvLVCNfpkQxYsw9fe_G3V2-p3yqds-zTqct8T4PhGVeQ=w426-h240-k-no,"Senin,08.00 hingga 22.00 | Selasa,08.00 hingga 22.00 | Rabu,08.00 hingga 22.00 | Kamis,08.00 hingga 22.00 | Jumat,08.00 hingga 22.00 | Sabtu,08.00 hingga 22.00 | Minggu,08.00 hingga 22.00",https://www.google.com/maps/place/Warkop+D%27Siama/data=!4m7!3m6!1s0x2dbefd3317573879:0xac2dc0d60f8a097a!8m2!3d-5.139588!4d119.4490963!16s%2Fg%2F11cp7g54x8!19sChIJeThXFzP9vi0RegmKD9bALaw,warkop Makassar
213,Warkop Lewa Sekretariat Makassar Soegawa MAX,Kafe,"Jl. Sirajuddin Rani Nm. 17, Sungguminasa, Kec. Somba Opu, Kabupaten Gowa, Sulawesi Selatan 92111, Indonesia",Kabupaten Gowa,-5.2055021,119.4538375,"QFV3+QG Sungguminasa, Kabupaten Gowa, Sulawesi Selatan, Indonesia",4.8,23,+6281242531117,,https://lh3.googleusercontent.com/gps-cs-s/AHRPTWlPK0ppmnn8OxcS2e5YwU2daSPgWpCkzVbfutCTupodNma9vWff9NEzNdiq4-35GccSq2ZA0EUREs-gc3adlv0oRoerIYqv4ijam0str-w8HPd5z8BK6uRN6PlGCbgjN4H2xTHazg=w426-h240-k-no,"Senin,Buka 24 jam | Selasa,Buka 24 jam | Rabu,Buka 24 jam | Kamis,Buka 24 jam | Jumat,Buka 24 jam | Sabtu,Buka 24 jam | Minggu,Buka 24 jam",https://www.google.com/maps/place/Warkop+Lewa+Sekretariat+Makassar+Soegawa+MAX/data=!4m7!3m6!1s0x2dbee3d9a14bd3dd:0xe89a36a93845bdfb!8m2!3d-5.2055021!4d119.4538375!16s%2Fg%2F11jq76prdy!19sChIJ3dNLodnjvi0R-71FOKk2mug,warkop Makassar
214,Warkop Bundu Jalan Rusa,Kafe,"Jl. Rusa No.18, Maricaya, Kec. Makassar, Kota Makassar, Sulawesi Selatan 90142, Indonesia",Makassar,-5.1495286,119.4215377,"VC2C+5J Maricaya, Kota Makassar, Sulawesi Selatan, Indonesia",4.3,120,+628114232399,,https://lh3.googleusercontent.com/gps-cs-s/AHRPTWlnz6ydkl5Wk-umSvMef5ACJwW9IjgGZ453n4zz-wJSMt4-OZL-qY7hivcbw6IDkyoKusD5L961vHZ8hkD9GyVEEtvdgKZr7dfngbwNSuod5lTAlVTUdi1507c6vHHQ2e54IQQ=w408-h306-k-no,"Senin,07.00 hingga 23.00 | Selasa,07.00 hingga 23.00 | Rabu,07.00 hingga 23.00 | Kamis,07.00 hingga 23.00 | Jumat,07.00 hingga 23.00 | Sabtu,07.00 hingga 23.00 | Minggu,Tutup",https://www.google.com/maps/place/Warkop+Bundu+Jalan+Rusa/data=!4m7!3m6!1s0x2dbee2a8fcb90283:0x926a0fee250225e2!8m2!3d-5.1495286!4d119.4215377!16s%2Fg%2F11b6_rlx29!19sChIJgwK5_Kjivi0R4iUCJe4PapI,warkop Makassar
215,Warkop RMS,Kedai Kopi,"VF3H+765, Tello Baru, Kec. Panakkukang, Kota Makassar, Sulawesi Selatan 90245, Indonesia",Makassar,-5.1468645,119.4781205,,4.5,66,,,https://lh3.googleusercontent.com/gps-cs-s/AHRPTWkF7ioP57FbxVDnKYPmLOh3JGXKdJzIhYfuKQGuvz_Rg3MWkMJ4zoqozld8IU8TiHsl2fe-Yl6gvwy0HqpkDYQJ7k3yr0GgwFWWBB-eKVIvvCB-323H_feX2B2Efvv5pMsCvscY_p1zDBIO=w408-h306-k-no,Buka sekarang,https://www.google.com/maps/place/Warkop+RMS/data=!4m7!3m6!1s0x2dbee333edbdf779:0xeb3bd816f67cc6a7!8m2!3d-5.1468645!4d119.4781205!16s%2Fg%2F11p61377vg!19sChIJefe97TPjvi0Rp8Z89hbYO-s,warkop Makassar
216,Warkop Celebes 99,Kafe,"Tidung 2 No.49, Bonto Makkio, Kec. Rappocini, Kota Makassar, Sulawesi Selatan 90222, Indonesia",Makassar,-5.1677429,119.446715,"RCJW+WM Bonto Makkio, Kota Makassar, Sulawesi Selatan, Indonesia",4.7,172,+6282194258449,,https://lh3.googleusercontent.com/gps-cs-s/AHRPTWkVtWD71xEvjWDiaSJAeL6igN0_Y8Y8Ni_e8GS469dunYh7ehDhY4nfRgIZ3dM8L12HbVj-QmCpIxm2dTHt71uxDApWPQSupXwrshq42E2yYrsDRtKg57N1s6vvtFPCmoZJhIGXVA=w426-h240-k-no,"Senin,08.00 hingga 23.00 | Selasa,08.00 hingga 23.00 | Rabu,08.00 hingga 23.00 | Kamis,08.00 hingga 23.00 | Jumat,08.00 hingga 23.00 | Sabtu,08.00 hingga 23.00 | Minggu,Tutup",https://www.google.com/maps/place/Warkop+Celebes+99/data=!4m7!3m6!1s0x2dbee2ede1025f93:0xb300f7f5df6e9377!8m2!3d-5.1677429!4d119.446715!16s%2Fg%2F11g9jg1pff!19sChIJk18C4e3ivi0Rd5Nu3_X3ALM,warkop Makassar
217,Warkop AW,Kafe,"001, Jl. Ujung No.66, RW.01, Parang Layang, Kec. Bontoala, Kota Makassar, Sulawesi Selatan 90155, Indonesia",Makassar,-5.1223113,119.419879,"VCH9+3X Parang Layang, Kota Makassar, Sulawesi Selatan, Indonesia",4.6,252,+6282187978847,,https://lh3.googleusercontent.com/gps-cs-s/AHRPTWkIYML6Tgqrue7j8BcFkASBOLJwIpEsE9pSYxHHFB6YjFwQ8M81WFVPUNth-QshYVZOptQeT2U1A42Oy6pIoJGs3jpyukyKttax97POt5nWgtaEmhNvoCZdWT-qPcnH17CEETV-=w408-h544-k-no,"Senin,05.00 hingga 00.00 | Selasa,05.00 hingga 00.00 | Rabu,05.00 hingga 00.00 | Kamis,05.00 hingga 00.00 | Jumat,05.00 hingga 00.00 | Sabtu,05.00 hingga 00.00 | Minggu,05.00 hingga 00.00",https://www.google.com/maps/place/Warkop+AW/data=!4m7!3m6!1s0x2dbefd8e4e03ee59:0x24cfd31973950ad7!8m2!3d-5.1223113!4d119.419879!16s%2Fg%2F11j48jq68b!19sChIJWe4DTo79vi0R1wqVcxnTzyQ,warkop Makassar
218,Warkop 17 Panaikang,Kedai Kopi,"Jl. Panaikang No.17, Panaikang, Kec. Panakkukang, Kota Makassar, Sulawesi Selatan 90243, Indonesia",Makassar,-5.1422358,119.4573378,"VF54+4W Panaikang, Kota Makassar, Sulawesi Selatan, Indonesia",4.7,19,+628984457070,,https://lh3.googleusercontent.com/gps-cs-s/AHRPTWnxSKlpF5FRhLD0q5bBOsbc1E840FUH12I3d1vZZsFtHOoizJxn1mRclNwcfrJiO_GgEbU4zghsZvaLD83DdrIEBQvHp_1Cm0osDt6BfVndMcLKfUA9fGDYZriFgz8wtAR95zAbYIWPmdy9=w408-h544-k-no,"Senin,09.00 hingga 22.00 | Selasa,09.00 hingga 22.00 | Rabu,09.00 hingga 22.00 | Kamis,09.00 hingga 22.00 | Jumat,09.00 hingga 22.00 | Sabtu,09.00 hingga 22.00 | Minggu,09.00 hingga 22.00",https://www.google.com/maps/place/Warkop+17+Panaikang/data=!4m7!3m6!1s0x2dbee3485a309279:0x3f8fceb8fe100c02!8m2!3d-5.1422358!4d119.4573378!16s%2Fg%2F11t7fg6fy6!19sChIJeZIwWkjjvi0RAgwQ_rjOjz8,warkop Makassar
219,London Cafe,Kedai Kopi,"Satu Gedung Dengan Princess Syahrini, Rappocini, Jl. Sultan Alauddin No.240, Mangasa, Kec. Tamalate, Kota Makassar, Sulawesi Selatan 90221, Indonesia",Makassar,-5.1861078,119.4406348,"RC7R+H7 Mangasa, Kota Makassar, Sulawesi Selatan, Indonesia",4.2,154,+62411880988,,https://lh3.googleusercontent.com/gps-cs-s/AHRPTWn9AJOkVq7HKa0HAZQUb_cu0P61TqMJTds368nEkgLHLjDX4xGHw3oc94OocgSmlLbGxXqulKvIPTcCv4CpahjduEGXjFVr4oofGWQxGIABbAT-E-5TU6nvo3bp5neavR8iCacVwQ=w408-h306-k-no,"Senin,08.00 hingga 20.00 | Selasa,08.00 hingga 20.00 | Rabu,08.00 hingga 20.00 | Kamis,08.00 hingga 20.00 | Jumat,08.00 hingga 20.00 | Sabtu,08.00 hingga 20.00 | Minggu,08.00 hingga 20.00",https://www.google.com/maps/place/London+Cafe/data=!4m7!3m6!1s0x2dbee2678e547ab3:0x5f33f8429fa999b7!8m2!3d-5.1861078!4d119.4406348!16s%2Fg%2F11b76tbgt1!19sChIJs3pUjmfivi0Rt5mpn0L4M18,warkop Makassar
220,WARKOP PAK YOEN,Kafe,"Jl. Racing Centre No.16, Karampuang, Kec. Panakkukang, Kota Makassar, Sulawesi Selatan 90231, Indonesia",Makassar,-5.1438017,119.4524795,"VF42+FX Karampuang, Kota Makassar, Sulawesi Selatan, Indonesia",4.7,61,,,https://lh3.googleusercontent.com/gps-cs-s/AHRPTWnEtNuJbsyffLR7K_7Qjz_nYnyKsX6e13c7Sj7_EQcTsZC4D40kBl6ZFFy1sy3Yfc9Q1Gefv3uD9rwE-V1v0k6SSNUNn50HErKkiVxej7rMFTg-pNWfCcq_viPv3g3UAPYA59ZmPQ=w408-h306-k-no,"Senin,09.00 hingga 00.00 | Selasa,09.00 hingga 00.00 | Rabu,08.00 hingga 00.00 | Kamis,09.00 hingga 00.00 | Jumat,09.00 hingga 00.00 | Sabtu,09.00 hingga 00.00 | Minggu,09.00 hingga 00.00",https://www.google.com/maps/place/WARKOP+PAK+YOEN/data=!4m7!3m6!1s0x2dbee332a1f98c1d:0xd99b7153dd33a6b8!8m2!3d-5.1438017!4d119.4524795!16s%2Fg%2F11h7_sgkft!19sChIJHYz5oTLjvi0RuKYz3VNxm9k,warkop Makassar
221,Warkop Agam Makassar,Kedai Kopi,"Jl. Topaz Raya, Masale, Kec. Panakkukang, Kota Makassar, Sulawesi Selatan 90231, Indonesia",Makassar,-5.1552391,119.4409435,"RCVR+W9 Masale, Kota Makassar, Sulawesi Selatan, Indonesia",3.8,15,,,https://lh3.googleusercontent.com/gps-cs-s/AHRPTWn8zqiKaBNkPviuthhsWTE-Tq_izFViukEP-pSEiwSa-aAJVLV8PlyHvr1g1jDSvACr0Fsaz8b9SX1DwcVAToKe9tMljNtmcVJ_eH_B7qg4cXOcXgB7ibiUEIChMhwmtXOlsm5VqPQuWAzy=w426-h240-k-no,,https://www.google.com/maps/place/Warkop+Agam+Makassar/data=!4m7!3m6!1s0x2dbee3d1c693b8fd:0xf9caa285e5a46ddd!8m2!3d-5.1552391!4d119.4409435!16s%2Fg%2F11yk39wk9y!19sChIJ_biTxtHjvi0R3W2k5YWiyvk,warkop Makassar
222,Warkop BOOGIS,Kafe,"Unnamed Road, Pai, Kec. Biringkanaya, Kota Makassar, Sulawesi Selatan 90242, Indonesia",Makassar,-5.1018601,119.5119778,"VGX6+7Q Pai, Kota Makassar, Sulawesi Selatan, Indonesia",4.6,222,+6285397560213,,https://lh3.googleusercontent.com/gps-cs-s/AHRPTWnUEqZtEcbvipIywyE2crDh_5ZwIRNz7p7LK0idLY3G6medxJq42PWjPbOV0ck9bFJZDCmL8L20IrpYCXi669xKUQfRjXgsxN6wl0LgRrLesTWK9SPowaA_dggaPzRIYiq8zNlB=w426-h240-k-no,"Senin,Buka 24 jam | Selasa,Buka 24 jam | Rabu,Buka 24 jam | Kamis,Buka 24 jam | Jumat,Buka 24 jam | Sabtu,Buka 24 jam | Minggu,Buka 24 jam",https://www.google.com/maps/place/Warkop+BOOGIS/data=!4m7!3m6!1s0x2dbefbddb909c25f:0x5ab6bfcc769a856!8m2!3d-5.1018601!4d119.5119778!16s%2Fg%2F11h1k8xbbt!19sChIJX8IJud37vi0RVqhpx_xrqwU,warkop Makassar
223,Warkop Sitaba,Kedai Kopi,"Jl. Bougenville No.29 C, Masale, Kec. Panakkukang, Kota Makassar, Sulawesi Selatan 90231, Indonesia",Makassar,-5.157618,119.4449851,"RCRV+XX Masale, Kota Makassar, Sulawesi Selatan, Indonesia",4.6,261,+6281241445678,,https://lh3.googleusercontent.com/gps-cs-s/AHRPTWmM7xwO_83DPyB3oupCYsJQfvwKyb2oNHLHcYLcqvTwAHpzOYORhw9l35f6xb9fRqClmjSRsnLew2MNv6eVk2nu-C-Lf5RstFCbyfH3GSXTA0bOR8YhISXvuRZphylYQmo-hbWI=w408-h306-k-no,"Senin,06.30 hingga 22.00 | Selasa,06.30 hingga 22.00 | Rabu,06.30 hingga 22.00 | Kamis,06.30 hingga 22.00 | Jumat,06.30 hingga 22.00 | Sabtu,06.30 hingga 22.00 | Minggu,06.30 hingga 22.00",https://www.google.com/maps/place/Warkop+Sitaba/data=!4m7!3m6!1s0x2dbee2c1a37f1aa3:0xaa4c665b712c710e!8m2!3d-5.157618!4d119.4449851!16s%2Fg%2F11cmpzds0t!19sChIJoxp_o8Hivi0RDnEscVtmTKo,warkop Makassar
224,Warkop 99 bundaran pabaengbaeng,Kedai Kopi,"Jl. Sultan Alauddin, Pa'baeng-Baeng, Kec. Tamalate, Kota Makassar, Sulawesi Selatan 90133, Indonesia",Makassar,-5.1673963,119.4201016,"RCMC+22 Pa'baeng-Baeng, Kota Makassar, Sulawesi Selatan, Indonesia",4.6,181,+6285342970438,,https://lh3.googleusercontent.com/gps-cs-s/AHRPTWk0xRZLh8_Ve2db800W_-h7ts4eZ56Qe-Cppywm59rno3178KG3QGhUjQfmMQ8fbuZDW2vFYQ0PDI4xR9ZcBpKqzokp_isKk6LekFhtVdKCV-OIxTz-A5lQWZmxFWG5Zn3C8Eg3UA=w533-h240-k-no,"Senin,06.00 hingga 22.00 | Selasa,06.00 hingga 22.00 | Rabu,06.00 hingga 22.00 | Kamis,06.00 hingga 22.00 | Jumat,06.00 hingga 22.00 | Sabtu,06.00 hingga 22.00 | Minggu,06.00 hingga 22.00",https://www.google.com/maps/place/Warkop+99+bundaran+pabaengbaeng/data=!4m7!3m6!1s0x2dbee33ccdb441d1:0xa3e622156cfd9b45!8m2!3d-5.1673963!4d119.4201016!16s%2Fg%2F11h9279zbr!19sChIJ0UG0zTzjvi0RRZv9bBUi5qM,warkop Makassar
225,Warkop 69,Kafe,"Jl. Manggala Raya Jl. Perumnas Raya No.Blok 5, Manggala, Kec. Manggala, Kota Makassar, Sulawesi Selatan 90562, Indonesia",Makassar,-5.1679819,119.4964887,"RFJW+RH Manggala, Kota Makassar, Sulawesi Selatan, Indonesia",4.5,133,+6285244970500,,https://lh3.googleusercontent.com/gps-cs-s/AHRPTWkbFp-dT7ymTAkvSDKUeIZ8M0c-9EmS3RxQ4LrsPhZr4MldcD8LJ3uDOV5foznYSIe2qS6GpDg3eDOApUxqtLKvEynXFVltoYON44X0TzgXHvvOVpoc0LfikrqlvAz_G5kXxBbz-g=w408-h248-k-no,"Senin,07.00 hingga 02.00 | Selasa,07.00 hingga 02.00 | Rabu,07.00 hingga 02.00 | Kamis,07.00 hingga 02.00 | Jumat,07.00 hingga 02.00 | Sabtu,07.00 hingga 02.00 | Minggu,07.00 hingga 02.00",https://www.google.com/maps/place/Warkop+69/data=!4m7!3m6!1s0x2dbee3704e01ecc9:0x8dd43ad1863ae53a!8m2!3d-5.1679819!4d119.4964887!16s%2Fg%2F11cjhzybgs!19sChIJyewBTnDjvi0ROuU6htE61I0,warkop Makassar
226,Warkop Malomo,Kedai Kopi,"Jl. Rappocini Raya No.214, Bua Kana, Kec. Rappocini, Kota Makassar, Sulawesi Selatan 90222, Indonesia",Makassar,-5.1579223,119.4326955,"RCRM+R3 Bua Kana, Kota Makassar, Sulawesi Selatan, Indonesia",4.5,126,+6285146111047,,https://lh3.googleusercontent.com/gps-proxy/ALd4DhFjYX4iB8ZVjDOo0yWSL4sPUHxDcr8vb60_fA5WiZ2KLSJZaR1tl1dOI3JwVoCSr4MN6grnNqcyUUW3kyS5DsISwtEmJZ0MN67aCH91eoe3o26XGOCzIcTK25LSXRNsozAfZgZ6Q7p6FjAkBKcGEg-qwLmW-rPkSZl7ToNbf7siysBEgJacYCEO8OUxKw_6g62dhCg=w408-h306-k-no,"Senin,09.00 hingga 00.00 | Selasa,09.00 hingga 00.00 | Rabu,09.00 hingga 00.00 | Kamis,09.00 hingga 00.00 | Jumat,09.00 hingga 00.00 | Sabtu,09.00 hingga 00.00 | Minggu,09.00 hingga 00.00",https://www.google.com/maps/place/Warkop+Malomo/data=!4m7!3m6!1s0x2dbee2bdac8283dd:0x734e57a6c0f28c58!8m2!3d-5.1579223!4d119.4326955!16s%2Fg%2F1hm6c2_k7!19sChIJ3YOCrL3ivi0RWIzywKZXTnM,warkop Makassar
227,Warkop Rooterdam & Vape Zone Makassar,Kafe,"001, Jl. WR. Supratman No.4, RW.01, Bulo Gading, Kec. Ujung Pandang, Kota Makassar, Sulawesi Selatan 90111, Indonesia",Makassar,-5.1356075,119.4060317,"VC74+QC Bulo Gading, Kota Makassar, Sulawesi Selatan, Indonesia",4.6,10,+6282188871973,,https://lh3.googleusercontent.com/gps-cs-s/AHRPTWkDkdMcUbtifhdnLNZ-5r6jwSfW8w7qL65KrN4w_uyYKP_MUTMftQHurzF7ZoZPmHHbfj5BWjiUsS5ODhWwbJ4SMWsG-mF5xRqw-lvWtwc6qcxnbAacEh5xWxAQPOsqlMxITc3O=w426-h240-k-no,"Senin,08.00 hingga 23.00 | Selasa,08.00 hingga 23.00 | Rabu,08.00 hingga 23.00 | Kamis,08.00 hingga 23.00 | Jumat,08.00 hingga 23.00 | Sabtu,08.00 hingga 23.00 | Minggu,08.00 hingga 23.00",https://www.google.com/maps/place/Warkop+Rooterdam+%26+Vape+Zone+Makassar/data=!4m7!3m6!1s0x2dbf03d1d59b8dbb:0x4e582da2228a7300!8m2!3d-5.1356075!4d119.4060317!16s%2Fg%2F11h89959nk!19sChIJu42b1dEDvy0RAHOKIqItWE4,warkop Makassar
228,WARKOP RAIDER 700,Kedai Kopi,"VGF3+HMH, Jl. Poros Makassar - Maros, Tamalanrea, Kec. Tamalanrea, Kota Makassar, Sulawesi Selatan 90245, Indonesia",Makassar,-5.1260617,119.5042203,,4.7,20,,,https://lh3.googleusercontent.com/gps-cs-s/AHRPTWnc21uHUU2NVKx0NiVB7CznC1owS63nRgbBUzMDoZjcZJs8ucC6m_W43hfrI6yI-1074oTcniSK4-PUm4MWSzh2YzjC6-0DRn6Y63_y5z-x0-q0zfEpldpEnlsBEaIelFcGxnum=w408-h544-k-no,"Senin,08.00 hingga 00.00 | Selasa,08.00 hingga 00.00 | Rabu,08.00 hingga 00.00 | Kamis,08.00 hingga 00.00 | Jumat,08.00 hingga 00.00 | Sabtu,08.00 hingga 00.00 | Minggu,08.00 hingga 00.00",https://www.google.com/maps/place/WARKOP+RAIDER+700/data=!4m7!3m6!1s0x2dbefd6e4a2f22e5:0xd16bb460591260f!8m2!3d-5.1260617!4d119.5042203!16s%2Fg%2F11q9773q4n!19sChIJ5SIvSm79vi0RDyaRBUa7Fg0,warkop Makassar
229,WARKOP 95,Kedai Kopi,"Jl. Perintis Kemerdekaan, Pai, Kec. Biringkanaya, Kota Makassar, Sulawesi Selatan 90245, Indonesia",Makassar,-5.0925369,119.5137949,"WG47+XG Pai, Kota Makassar, Sulawesi Selatan, Indonesia",4.3,22,+6288247188566,,https://lh3.googleusercontent.com/gps-cs-s/AHRPTWk1OeFdElaecRQbCvICG22HfLjebz-fWIu5EWwziAHMfxdIhXlHjGGsevYgbWY2kCdOLvqCajoqdIEfVCENdI7yAp89BMZgWoar21blG7SttauH_EYnpGZX8RlHGR23xMuWcBI=w408-h306-k-no,"Senin,08.00 hingga 22.00 | Selasa,08.00 hingga 22.00 | Rabu,08.00 hingga 22.00 | Kamis,08.00 hingga 22.00 | Jumat,08.00 hingga 22.00 | Sabtu,08.00 hingga 22.00 | Minggu,08.00 hingga 22.00",https://www.google.com/maps/place/WARKOP+95/data=!4m7!3m6!1s0x2dbefb8cdc3f0dfb:0x124574667433450b!8m2!3d-5.0925369!4d119.5137949!16s%2Fg%2F11n7b00lyh!19sChIJ-w0_3Iz7vi0RC0UzdGZ0RRI,warkop Makassar
230,Euphoria Roasters,Kedai Kopi,"Jl. Adyaksa Baru No.5A, Pandang, Kec. Panakkukang, Kota Makassar, Sulawesi Selatan 90231, Indonesia",Makassar,-5.1522247,119.4488536,"RCXX+4G Pandang, Kota Makassar, Sulawesi Selatan, Indonesia",4.9,44,+6282259123131,https://linktr.ee/euphoria.roasters?utm_source=ig&utm_medium=social&utm_content=link_in_bio&fbclid=PAZXh0bgNhZW0CMTEAc3J0YwZhcHBfaWQPOTM2NjE5NzQzMzkyNDU5AAGnpy1_KXCX6etzb50xuhoAeMXaeo9H9G2YHgMOERTwqmUXYS7irOWG0S7k-tk_aem_Bv4d-CmO5llIBd_obQ0JvA,https://lh3.googleusercontent.com/gps-cs-s/AHRPTWn50j3iYeZ09oSAfFgTpFnAucSZhW3YLpGUu-HqwZ4a5BOs8LlXMAdYC6dwtw5_FwREaH3uPmlZbdN6Y4V_JKrhrvO9a-UqOyR5J0P1gNAqOeYcmxFgYUJCz9N5D2O9oJ6neiX-YAF5C35M=w408-h544-k-no,"Senin,08.00 hingga 23.00 | Selasa,08.00 hingga 23.00 | Rabu,08.00 hingga 23.00 | Kamis,08.00 hingga 23.00 | Jumat,08.00 hingga 23.00 | Sabtu,08.00 hingga 23.00 | Minggu,08.00 hingga 23.00",https://www.google.com/maps/place/Euphoria+Roasters/data=!4m7!3m6!1s0x2dbee31e88dc4fe5:0xea0bc738f0700ee!8m2!3d-5.1522247!4d119.4488536!16s%2Fg%2F11t6ng20v1!19sChIJ5U_ciB7jvi0R7gAHj3O8oA4,kedai kopi Makassar | coffee shop Makassar
231,Kopi Kenangan - Ruko Monginsidi Makassar,Kedai Kopi,"Jl. Monginsidi No.40, Maricaya Baru, Kec. Makassar, Kota Makassar, Sulawesi Selatan 90142, Indonesia",Makassar,-5.1483485,119.4192213,"VC29+MM Maricaya Baru, Kota Makassar, Sulawesi Selatan, Indonesia",4.6,195,,http://www.kopikenangan.com/,https://lh3.googleusercontent.com/gps-cs-s/AHRPTWl4hDmv0dL-VqSjGxqCenXZmxgTUhDi6dCwyGw9VS2W4p9ca5P3yZKXblmWTrMxZWZ2sco4eXPqKLIaQMGfUPP8PbvkgT1bR-e-RCHlljhAN2gZkbfCNS5jTR4nAXE_2kW4akS606dqchel=w408-h306-k-no,"Senin,07.30 hingga 00.00 | Selasa,07.30 hingga 00.00 | Rabu,07.30 hingga 00.00 | Kamis,07.30 hingga 00.00 | Jumat,07.30 hingga 00.00 | Sabtu,07.30 hingga 00.00 | Minggu,07.30 hingga 00.00",https://www.google.com/maps/place/Kopi+Kenangan+-+Ruko+Monginsidi+Makassar/data=!4m7!3m6!1s0x2dbee3270fbf189b:0x19e5f86f674b4662!8m2!3d-5.1483485!4d119.4192213!16s%2Fg%2F11yrxtpb7s!19sChIJmxi_Dyfjvi0RYkZLZ2_45Rk,kedai kopi Makassar
232,Rumah Kopi Lantai Atas (Ruko Lantas),Kedai Kopi,"Jl. Toddopuli 5 No.48, Borong, Kec. Manggala, Kota Makassar, Sulawesi Selatan 90222, Indonesia",Makassar,-5.1664265,119.4531485,"RFM3+C7 Borong, Kota Makassar, Sulawesi Selatan, Indonesia",4.8,100,+6282346464668,,https://lh3.googleusercontent.com/gps-cs-s/AHRPTWnLkxTdCnUp7mb6_bJBFArleEIazdpwImomFbirrY1YEIjI_iQOJw0JWWa-MvYEY8WEG-UNrgQeSvWnmeNbZUjo6UyJKFIxfQaKmCBSmLBBM_9FAn0Mq2Vp8zZVQvlrMcpm5HEw=w408-h304-k-no,"Senin,09.00 hingga 00.00 | Selasa,09.00 hingga 00.00 | Rabu,09.00 hingga 00.00 | Kamis,Buka 24 jam | Jumat,09.00 hingga 00.00 | Sabtu,09.00 hingga 00.00 | Minggu,09.00 hingga 00.00",https://www.google.com/maps/place/Rumah+Kopi+Lantai+Atas+%28Ruko+Lantas%29/data=!4m7!3m6!1s0x2dbee39e50d56c73:0x7855f44911aa0523!8m2!3d-5.1664265!4d119.4531485!16s%2Fg%2F11lld2zb_b!19sChIJc2zVUJ7jvi0RIwWqEUn0VXg,kedai kopi Makassar
233,Toko Kopi Tuju - Perintis,Kedai Kopi,"Jalan Poros Perintis Kemerdekaan XI No.244, Tamalanrea, Kec. Tamalanrea, Kota Makassar, Sulawesi Selatan 90245, Indonesia",Makassar,-5.1327871,119.4981097,"VF8X+V6 Tamalanrea, Kota Makassar, Sulawesi Selatan, Indonesia",5,51,+6281356375011,,https://lh3.googleusercontent.com/gps-cs-s/AHRPTWkRHAiCHX_dECW3o1JFsWDc1IqeBUUyfko30FJyxL3tKb6BvoQtbkEiANojP5LPfPxcvj49VXWfan85ys5uhm4J2UQ1_pGZUjQZMCZ4ufCerVogj4NPcDyIiPKWMbH22oFeTlLfEY-Qg8AY=w408-h725-k-no,"Senin,07.00 hingga 23.00 | Selasa,07.00 hingga 23.00 | Rabu,07.00 hingga 23.00 | Kamis,07.00 hingga 23.00 | Jumat,07.00 hingga 23.00 | Sabtu,07.00 hingga 23.00 | Minggu,08.00 hingga 23.00",https://www.google.com/maps/place/Toko+Kopi+Tuju+-+Perintis/data=!4m7!3m6!1s0x2dbefdbbb7ba2ff1:0x19f4b4a3237d3fbe!8m2!3d-5.1327871!4d119.4981097!16s%2Fg%2F11nb5j4wv4!19sChIJ8S-6t7v9vi0Rvj99I6O09Bk,kedai kopi Makassar
234,Dari Kopi Daeng Tompo,Kedai Kopi,"Jalan dg tompo 30, Jl. Daeng Tompo No.30, Maloku, Kec. Ujung Pandang, Kota Makassar, Sulawesi Selatan 90115, Indonesia",Makassar,-5.1430498,119.4096058,"VC45+QR Maloku, Kota Makassar, Sulawesi Selatan, Indonesia",4.7,334,+6281340637919,,https://lh3.googleusercontent.com/gps-cs-s/AHRPTWnJzznlJvgUVztb6Fah0_FcXRfL6LzYsp_Fpg1dBQ7lt7mYyl_uygbWwYGobFr5EmYv1akr0UyKUF4k1dUsXTXFA_mwS1BnhOS8ej9VIlxA2rAIZ29LRWWHtmbJ2UxGdgADAuhZyBa_8xVS=w408-h544-k-no,"Senin,07.00 hingga 23.00 | Selasa,07.00 hingga 23.00 | Rabu,07.00 hingga 23.00 | Kamis,07.00 hingga 23.00 | Jumat,07.00 hingga 00.00 | Sabtu,07.00 hingga 00.00 | Minggu,06.00 hingga 23.00",https://www.google.com/maps/place/Dari+Kopi+Daeng+Tompo/data=!4m7!3m6!1s0x2dbf1de02e3f1a6d:0xe846507b1020eb22!8m2!3d-5.1430498!4d119.4096058!16s%2Fg%2F11lf1_bvt8!19sChIJbRo_LuAdvy0RIusgEHtQRug,kedai kopi Makassar
235,Toko Kopi Tuju - Abdesir,Kedai Kopi,"Jl. Abdullah Daeng Sirua No.207, Tamamaung, Kec. Panakkukang, Kota Makassar, Sulawesi Selatan 90231, Indonesia",Makassar,-5.1513144,119.4490238,"RCXX+FJ Tamamaung, Kota Makassar, Sulawesi Selatan, Indonesia",4.9,37,+6281356375011,,https://lh3.googleusercontent.com/gps-cs-s/AHRPTWk6D593oP8Iz4LjokHwTYRbxzFZc0XHWCdE5BhrDN3LZoCk1QlaGEXafRxdyaYJabvqfQQC8nyyEX0nLkts_lsqgWV6fvBDdywl2Dlow5J038EYo3r2qvG5-rxDYhjMrPxyy5MH2b3W1pEZ=w408-h408-k-no,"Senin,07.00 hingga 23.00 | Selasa,07.00 hingga 23.00 | Rabu,07.00 hingga 23.00 | Kamis,07.00 hingga 23.00 | Jumat,07.00 hingga 23.00 | Sabtu,07.00 hingga 23.00 | Minggu,07.00 hingga 23.00",https://www.google.com/maps/place/Toko+Kopi+Tuju+-+Abdesir/data=!4m7!3m6!1s0x2dbee3dab90f482d:0xfbb5527c06749b8d!8m2!3d-5.1513144!4d119.4490238!16s%2Fg%2F11zb9j1zkm!19sChIJLUgPudrjvi0RjZt0BnxStfs,kedai kopi Makassar
236,Toko Kopi Isikepala,Kedai Kopi,"Jl. Racing Centre No.29, Karampuang, Kec. Panakkukang, Kota Makassar, Sulawesi Selatan 90231, Indonesia",Makassar,-5.1444495,119.4525828,"VF43+62 Karampuang, Kota Makassar, Sulawesi Selatan, Indonesia",4.8,71,,,https://lh3.googleusercontent.com/gps-cs-s/AHRPTWltzPKlAUFJceEM7IoplG7CfdTT6gBqtmZRwp2rLEUgAerllWmDRPzpO7jD6Ls100DVRWqH8Ff1eMzIvH4EycE0wPYodyglHU9gQi-u12hMZnabjSU253tSEMRosLF3UexD1-IcSQ=w408-h544-k-no,"Senin,09.00 hingga 02.00 | Selasa,09.00 hingga 02.00 | Rabu,09.00 hingga 02.00 | Kamis,09.00 hingga 02.00 | Jumat,09.00 hingga 02.00 | Sabtu,09.00 hingga 02.00 | Minggu,09.00 hingga 02.00",https://www.google.com/maps/place/Toko+Kopi+Isikepala/data=!4m7!3m6!1s0x2dbee30e14149cf9:0x331eac60b45213dc!8m2!3d-5.1444495!4d119.4525828!16s%2Fg%2F11tn690jf7!19sChIJ-ZwUFA7jvi0R3BNStGCsHjM,kedai kopi Makassar
237,Skena Coffee,Kedai Kopi,"Jl. A. Mappanyukki No.3, Kunjung Mae, Kec. Mariso, Kota Makassar, Sulawesi Selatan 90113, Indonesia",Makassar,-5.1487837,119.4146447,"VC27+FV Kunjung Mae, Kota Makassar, Sulawesi Selatan, Indonesia",4.5,201,+6282395955955,https://www.instagram.com/skenacoffee.id?igsh=MWZ5bXdqbWs3d3Ewcw==,https://lh3.googleusercontent.com/gps-cs-s/AHRPTWma5xkc3JahLweWEQoSOqksQat98KuG_uAJby0geywQgnlBAEwAEAbfrIDIwy6vL87h73EJ4jqTgizGbr0Pa_zltQZEc63wDUo1KYYsc43VwZZYvRwUiEP4DtrMaYuiYjkiHfzsTml3_lLI=w408-h544-k-no,"Senin,07.00 hingga 01.00 | Selasa,07.00 hingga 01.00 | Rabu,07.00 hingga 01.00 | Kamis,07.00 hingga 01.00 | Jumat,07.00 hingga 01.00 | Sabtu,08.00 hingga 02.00 | Minggu,07.00 hingga 01.00",https://www.google.com/maps/place/Skena+Coffee/data=!4m7!3m6!1s0x2dbf1d007f7c3adb:0xd81190ccc86aebaa!8m2!3d-5.1487837!4d119.4146447!16s%2Fg%2F11vq6kd1h4!19sChIJ2zp8fwAdvy0RqutqyMyQEdg,kedai kopi Makassar | coffee shop Makassar
238,kopi makassar assalam cafe,Kedai Kopi,"Jl. Bitowa I No.1, Manggala, Kec. Manggala, Kota Makassar, Sulawesi Selatan 90234, Indonesia",Makassar,-5.1670587,119.4911597,"RFMR+5F Manggala, Kota Makassar, Sulawesi Selatan, Indonesia",5,43,,,https://lh3.googleusercontent.com/gps-cs-s/AHRPTWnEG-YdJf6b4MVC0yqztNqCsBYM4mvQabZWSVyJQgpIjSxZbGzCcFbRXe8EdUXTxkmX7uyePZ7IKQdR5Uw1yHMi3bltrLw8ABBggIdW71sxswoCo6EgrrV9TdFpz0YLIVDzPgDcrClr6YtZ=w408-h725-k-no,,https://www.google.com/maps/place/kopi+makassar+assalam+cafe/data=!4m7!3m6!1s0x2dbee30054efcdfb:0xe68c8e625b026f07!8m2!3d-5.1670587!4d119.4911597!16s%2Fg%2F11y0tbvkwh!19sChIJ-83vVADjvi0RB28CW2KOjOY,kedai kopi Makassar
239,Toko Kopi Ujung,Kedai Kopi,"Jl. Somba OPU No.36, Bulo Gading, Kec. Ujung Pandang, Kota Makassar, Sulawesi Selatan 90111, Indonesia",Makassar,-5.1373193,119.4059802,"VC74+39 Bulo Gading, Kota Makassar, Sulawesi Selatan, Indonesia",4.6,557,+6281241837447,http://tokopedia.com/kopiujung,https://lh3.googleusercontent.com/gps-cs-s/AHRPTWnIC4_2nz9k2sIdkdQ5oZRfiESaJPpEkup00a4iL00y4qoGlmTL9pptj2KgohG0BjaooZgY40hvDH0ZmGeXLMr_cxvGyAJIJQtx2jt8EbEiXRiRJJB8RbStLTyZxQzaDk4A2m2i3CUviug=w408-h541-k-no,"Senin,08.00 hingga 22.00 | Selasa,08.00 hingga 22.00 | Rabu,08.00 hingga 22.00 | Kamis,08.00 hingga 22.00 | Jumat,08.00 hingga 22.00 | Sabtu,08.00 hingga 22.00 | Minggu,08.00 hingga 22.00",https://www.google.com/maps/place/Toko+Kopi+Ujung/data=!4m7!3m6!1s0x2dbf02b1d06b879d:0x3456b520bd39d0a2!8m2!3d-5.1373193!4d119.4059802!16s%2Fg%2F1hm4vlkv2!19sChIJnYdr0LECvy0RotA5vSC1VjQ,kedai kopi Makassar | kedai kopi Makassar | coffee shop Makassar
240,TEMU KOPI,Kedai Kopi,"Jl. Toddopuli 10 No.5, Borong, Kec. Manggala, Kota Makassar, Sulawesi Selatan 90233, Indonesia",Makassar,-5.1652692,119.4591234,"RFM5+VJ Borong, Kota Makassar, Sulawesi Selatan, Indonesia",4.9,79,+6285330345345,,https://lh3.googleusercontent.com/gps-cs-s/AHRPTWkCRctrSf7Fz6iKK3wR2R-165rXKVCDLg8witehOuYGOpHbdaR6_LhkmIJpEY51AoUUZmh60QyqoZvMStFh8GCe-jQzlM5X-Zq4lutA-4QdsDGbUMQ97kdfK7-G3t3LnZyxL4w=w408-h544-k-no,"Senin,08.00 hingga 23.00 | Selasa,08.00 hingga 23.00 | Rabu,08.00 hingga 23.00 | Kamis,08.00 hingga 23.00 | Jumat,08.00 hingga 23.00 | Sabtu,08.00 hingga 23.00 | Minggu,08.00 hingga 23.00",https://www.google.com/maps/place/TEMU+KOPI/data=!4m7!3m6!1s0x2dbee322878e8c0d:0x62aaba366553a7f!8m2!3d-5.1652692!4d119.4591234!16s%2Fg%2F11sqkvm2kh!19sChIJDYyOhyLjvi0RfzpVZqOrKgY,kedai kopi Makassar
241,Koppi Makassar,Kedai Kopi,"Ruko Gerbang, Jl. Telkomas Jl. Perintis Kemerdekaan No.9, Paccerakkang, Kec. Biringkanaya, Kota Makassar, Sulawesi Selatan 90245, Indonesia",Makassar,-5.123484,119.5075127,"VGG5+J2 Paccerakkang, Kota Makassar, Sulawesi Selatan, Indonesia",4.7,144,,http://instagram.com/koppi.asia,https://lh3.googleusercontent.com/gps-cs-s/AHRPTWnzgi-I_Pn_JmW8GrngQ4tH4NuVUGKjgEeM3ix26eoU7HDy9Ff0WWbuuHSrBbxm4UzfzJfkj_MIDjK3UX5enITok2e64hOs5whlBLadv1UneGDQVNeEoLmIojp1HAPCQfe7GP8=w408-h272-k-no,"Senin,10.00 hingga 23.00 | Selasa,10.00 hingga 23.00 | Rabu,10.00 hingga 23.00 | Kamis,10.00 hingga 23.00 | Jumat,10.00 hingga 23.00 | Sabtu,10.00 hingga 23.00 | Minggu,10.00 hingga 23.00",https://www.google.com/maps/place/Koppi+Makassar/data=!4m7!3m6!1s0x2dbefd34f300372b:0x5427dc086be165c4!8m2!3d-5.123484!4d119.5075127!16s%2Fg%2F11txv8xg3_!19sChIJKzcA8zT9vi0RxGXhawjcJ1Q,kedai kopi Makassar
242,Kopi Teori New Chapter,Kedai Kopi,"Ruko Jasper Panakukkang Mas Komplek, Jl. Boulevard Panakkukang Mas Jl. Boulevard No.7, Masale, Panakkukang, Makassar City, South Sulawesi 90231, Indonesia",,-5.1552828,119.4401047,"RCVR+V2 Masale, Kota Makassar, Sulawesi Selatan, Indonesia",4.7,461,+6282192876677,https://www.kopiteori.id/,https://lh3.googleusercontent.com/gps-cs-s/AHRPTWnFC_ZzWtkYA-CBIvMHcuo7BD2fyEeFNw8LVYtD3-aXPeU0jvcMM6LTFUAOo2xQbGfwttnEYPmmrt2ELlHsLGoy34WGUZj04t9z8nFK9z0gLTZmQhQaUDV5REafIsaUgjX0FBKv7g=w408-h725-k-no,"Senin,07.00 hingga 23.00 | Selasa,07.00 hingga 23.00 | Rabu,07.00 hingga 23.00 | Kamis,07.00 hingga 23.00 | Jumat,07.00 hingga 23.00 | Sabtu,07.00 hingga 23.00 | Minggu,07.00 hingga 23.00",https://www.google.com/maps/place/Kopi+Teori+New+Chapter/data=!4m7!3m6!1s0x2dbee39ba6212c83:0xe8736846f54a9d0e!8m2!3d-5.1552828!4d119.4401047!16s%2Fg%2F11k860dmzv!19sChIJgywhppvjvi0RDp1K9UZoc-g,kedai kopi Makassar | coffee shop Makassar
243,Kaori Coffee - BTP,Kedai Kopi,"Kaori coffee, Jl. Kesenangan 3 poros Blok M, Tamalanrea, Kec. Tamalanrea, Kota Makassar, Sulawesi Selatan 90245, Indonesia",Makassar,-5.1322163,119.5006162,"VG92+46 Tamalanrea, Kota Makassar, Sulawesi Selatan, Indonesia",4.9,479,+6282315678703,https://www.instagram.com/kaoricoffee.id/reels/?next=/direct/t/17848301936802072/,https://lh3.googleusercontent.com/gps-cs-s/AHRPTWmrW7gMi6ofL951K0S0GnxNE0M7Y_DnXfTixle2lzEIPAHkP3uQBCXqaishE9DWbrm1PY56aV-vldR3iwPNcfQDZhKFmQ1IIs5MqAq-NuD0dYQNkoT-yg4ApEU_v7-eSwyS8X8DitMJMkk=w408-h544-k-no,"Senin,08.00 hingga 00.00 | Selasa,08.00 hingga 00.00 | Rabu,08.00 hingga 00.00 | Kamis,08.00 hingga 00.00 | Jumat,08.00 hingga 00.00 | Sabtu,08.00 hingga 00.00 | Minggu,08.00 hingga 00.00",https://www.google.com/maps/place/Kaori+Coffee+-+BTP/data=!4m7!3m6!1s0x2dbefdc6f99f5eb5:0x37eacf258b1c6a53!8m2!3d-5.1322163!4d119.5006162!16s%2Fg%2F11w3myrnl7!19sChIJtV6f-cb9vi0RU2ociyXP6jc,kedai kopi Makassar | coffee shop Makassar
244,Pojok kopi topaz,Kedai Kopi,"Jl. Topaz Raya Blk. D No.12, Masale, Kec. Panakkukang, Kota Makassar, Sulawesi Selatan 90231, Indonesia",Makassar,-5.1540228,119.4398174,"RCWQ+9W Masale, Kota Makassar, Sulawesi Selatan, Indonesia",4.9,344,+6285242258447,,https://lh3.googleusercontent.com/gps-cs-s/AHRPTWmQawQTbByRNvU6lPl2YQ4TgFMZhynPImD44GY_uL1-Laa6N602M1x3Yg6okiWg34EBZVieLpX0ogU8_8skCdnGFP4Q2NK-0Xb1FBz4eLCuDNcs6e-myIHe3l7mqgVSPXpEwyIM0Q=w408-h306-k-no,"Senin,07.30 hingga 02.30 | Selasa,07.30 hingga 02.30 | Rabu,07.30 hingga 02.30 | Kamis,07.30 hingga 02.30 | Jumat,07.30 hingga 02.30 | Sabtu,07.30 hingga 02.30 | Minggu,07.30 hingga 02.30",https://www.google.com/maps/place/Pojok+kopi+topaz/data=!4m7!3m6!1s0x2dbee33e76fd6765:0xf1f342abf6bda553!8m2!3d-5.1540228!4d119.4398174!16s%2Fg%2F11fmdwz9s2!19sChIJZWf9dj7jvi0RU6W99qtC8_E,kedai kopi Makassar
245,Ngopi Santai,Kedai Kopi,"Jl. Badak No.35, Bonto Biraeng, Kec. Mamajang, Kota Makassar, Sulawesi Selatan 90142, Indonesia",Makassar,-5.1592494,119.4186329,"RCR9+8F Bonto Biraeng, Kota Makassar, Sulawesi Selatan, Indonesia",4.7,508,+6285340977577,,https://lh3.googleusercontent.com/gps-cs-s/AHRPTWlP8wUNALjAEyrd6K3QfGDSwOpmGCPOH6-2Ld7Lnj-HzIZhKMVkj1kmys3vlx9Cdd9dwuvocJyDm6fzdf-aDQlld33MpVlTLBcLfHUNLs9qaIAibO5xRYzzGzpvJtt4IlEctmpc=w408-h306-k-no,"Senin,08.00 hingga 00.00 | Selasa,08.00 hingga 00.00 | Rabu,08.00 hingga 00.00 | Kamis,08.00 hingga 00.00 | Jumat,08.00 hingga 00.00 | Sabtu,08.00 hingga 00.00 | Minggu,08.00 hingga 00.00",https://www.google.com/maps/place/Ngopi+Santai/data=!4m7!3m6!1s0x2dbee3820e882865:0x5e6e371b60e7fa0c!8m2!3d-5.1592494!4d119.4186329!16s%2Fg%2F11fj__05c8!19sChIJZSiIDoLjvi0RDPrnYBs3bl4,kedai kopi Makassar
246,Institut KOPI,Kedai Kopi,"RCWQ+7MC, Jl. Topaz Raya Jl. Boulevard, Masale, Kec. Panakkukang, Kota Makassar, Sulawesi Selatan 90231, Indonesia",Makassar,-5.1543094,119.4391305,,4.7,184,,,https://lh3.googleusercontent.com/gps-cs-s/AHRPTWl6icqWNBGzAOBLNR4Nf1UWHBVm73UPkIGF3yrTeV568ouPUGwRkC1eHz1BctlsLtdANnsJ734kL7L3i2uuGygua2FL_SP981cWrIZU0-1-RnuDF_vLsOanVLdE-Y6e8ISWu_A17PDRFvVP=w408-h306-k-no,"Senin,Buka 24 jam | Selasa,Buka 24 jam | Rabu,Buka 24 jam | Kamis,Buka 24 jam | Jumat,Buka 24 jam | Sabtu,Buka 24 jam | Minggu,Buka 24 jam",https://www.google.com/maps/place/Institut+KOPI/data=!4m7!3m6!1s0x2dbee38ee83cd1e3:0x8f7554dcd29b8177!8m2!3d-5.1543094!4d119.4391305!16s%2Fg%2F11sbqlt5d5!19sChIJ49E86I7jvi0Rd4Gb0txUdY8,kedai kopi Makassar | coffee shop Makassar
247,Kopi diKALA,Kedai Kopi,"Jl. Mannuruki Raya No.11, Mannuruki, Kec. Tamalate, Kota Makassar, Sulawesi Selatan 90221, Indonesia",Makassar,-5.1751004,119.4300412,"RCFJ+X2 Mannuruki, Kota Makassar, Sulawesi Selatan, Indonesia",4.9,37,,,https://lh3.googleusercontent.com/gps-cs-s/AHRPTWlVj9uqcaiUDqOvOlA-I1wzTC2FlPmtTlVmg6Z1jdaOlQLIs2hI8akUL7L3EU32La6KcPSwTYTnCnsdt8oKwZeGRgNh4N9Kp1zSbwFNEd-urxEFjP5jZNprZH4CY0a6_hdFXNpOB2lBriV2=w408-h408-k-no,,https://www.google.com/maps/place/Kopi+diKALA/data=!4m7!3m6!1s0x2dbee30028f037fd:0x1f6659a2c87e1cf2!8m2!3d-5.1751004!4d119.4300412!16s%2Fg%2F11z2yz9w7r!19sChIJ_TfwKADjvi0R8hx-yKJZZh8,kedai kopi Makassar
248,PREN KOPI,Kedai Kopi,"Jl. Perintis Kemerdekaan No.23, Paccerakkang, Kec. Biringkanaya, Kota Makassar, Sulawesi Selatan 90245, Indonesia",Makassar,-5.1187238,119.5101952,"VGJ6+G3 Paccerakkang, Kota Makassar, Sulawesi Selatan, Indonesia",4.5,259,+6285159891221,https://instagram.com/prenkopi?igshid=OGQ5ZDc2ODk2ZA==,https://lh3.googleusercontent.com/gps-cs-s/AHRPTWnDVfSHDxQlGPd0wB0PeafWF-DhTyUDExMixeTiddH5F-9Q_3X02XiRGq4kW3MiNetE2g74UQzuzc2YWD0NvhQIuwSLXv0me1kSdy-TE5-y_5ckqTdSlS_958GdnM5mz00ZG7SZPg=w533-h240-k-no,"Senin,08.00 hingga 00.00 | Selasa,08.00 hingga 00.00 | Rabu,12.00 hingga 04.00 | Kamis,08.00 hingga 00.00 | Jumat,10.00 hingga 02.00 | Sabtu,10.00 hingga 02.00 | Minggu,10.00 hingga 02.00",https://www.google.com/maps/place/PREN+KOPI/data=!4m7!3m6!1s0x2dbefd0eb6bb6999:0x3a3d3fa1606be111!8m2!3d-5.1187238!4d119.5101952!16s%2Fg%2F11lrn0tz_l!19sChIJmWm7tg79vi0REeFrYKE_PTo,kedai kopi Makassar
249,Secangkir Kopi,Kedai Kopi,"Jl. Hertasning Utara No.2 No.F 28, Masale, Kec. Panakkukang, Kota Makassar, Sulawesi Selatan 90222, Indonesia",Makassar,-5.1611716,119.4404729,"RCQR+G5 Masale, Kota Makassar, Sulawesi Selatan, Indonesia",4.6,585,+628999485485,,https://lh3.googleusercontent.com/gps-cs-s/AHRPTWkox0czlUZrVZNEKvhasVL1cE8dRKNT45HCYG0qQSH3KZlVF_LCgjRPQ3z9ywAue7To_jU1ZIcPVpFjwhDQI1ZjMBIGDNeQoFKH8mLnoHdHrsYKwyp642hrr2EoWkjiLhi0PdsIH_T4BCE=w408-h544-k-no,"Senin,08.00 hingga 22.00 | Selasa,08.00 hingga 22.00 | Rabu,08.00 hingga 22.00 | Kamis,08.00 hingga 22.00 | Jumat,08.00 hingga 22.00 | Sabtu,08.00 hingga 23.00 | Minggu,08.00 hingga 23.00",https://www.google.com/maps/place/Secangkir+Kopi/data=!4m7!3m6!1s0x2dbee29537e88d83:0xd4c2bec210fd7f39!8m2!3d-5.1611716!4d119.4404729!16s%2Fg%2F11fylpwdnc!19sChIJg43oN5Xivi0ROX_9EMK-wtQ,kedai kopi Makassar | coffee shop Makassar
250,Titik Ngopi Cafe,Kedai Kopi,"Jl. Adiyaksa No.1, Pandang, Kec. Panakkukang, Kota Makassar, Sulawesi Selatan 90231, Indonesia",Makassar,-5.1622897,119.4444597,"RCQV+3Q Pandang, Kota Makassar, Sulawesi Selatan, Indonesia",4.7,71,+6282399430043,,https://lh3.googleusercontent.com/gps-cs-s/AHRPTWlhX2SgkOU2BEjg0IrFCBrMw38wU48TTY_7j1u-TUC47ydaQpsnB45Vcq1zM0W0dYr8jA7c2PX3uO1YGFvVx_FqslB8sUmgknBuTJohBW32M5l-3ARAgMN-PJoPE8tB4KY6pJk7fA=w408-h544-k-no,"Senin,10.00 hingga 23.30 | Selasa,10.00 hingga 23.00 | Rabu,10.00 hingga 23.30 | Kamis,10.00 hingga 23.30 | Jumat,10.00 hingga 23.30 | Sabtu,10.00 hingga 23.30 | Minggu,10.00 hingga 23.30",https://www.google.com/maps/place/Titik+Ngopi+Cafe/data=!4m7!3m6!1s0x2dbee36542beebe5:0x13e2957e2bd0c9fb!8m2!3d-5.1622897!4d119.4444597!16s%2Fg%2F11p02pdb2c!19sChIJ5eu-QmXjvi0R-8nQK36V4hM,kedai kopi Makassar | coffee shop Makassar
251,Okanta Coffee,Kedai Kopi,"VC67+892, Sawerigading, Kec. Ujung Pandang, Kota Makassar, Sulawesi Selatan 90115, Indonesia",Makassar,-5.1392324,119.41338,,4.2,119,,,https://lh3.googleusercontent.com/gps-cs-s/AHRPTWkYZvBUWynLY70WCczpoKJ_mfiyKEj3lAUVv8W-lRI2P7_8l6SRNy7vtBzWkcNayzDST2sKx11JlhHN3DXEIY8K5-PD2cP0oSGSAAMG234N6l6jja_aPh_135dVXHYVB4BV8YwV4zOhsxXt=w408-h544-k-no,"Senin,07.00 hingga 23.59 | Selasa,07.00 hingga 23.59 | Rabu,07.00 hingga 23.59 | Kamis,07.00 hingga 23.59 | Jumat,07.00 hingga 23.59 | Sabtu,07.00 hingga 23.59 | Minggu,07.00 hingga 23.59",https://www.google.com/maps/place/Okanta+Coffee/data=!4m7!3m6!1s0x2dbf03007a7d3993:0xb980cb4599961742!8m2!3d-5.1392324!4d119.41338!16s%2Fg%2F11z9lhr3sx!19sChIJkzl9egADvy0RQheWmUXLgLk,kedai kopi Makassar | coffee shop Makassar
252,HomeTown KopiZone,Kafe,"Jalan Boulevard Ruko Topaz F36, Masale, Kec. Panakkukang, Kota Makassar, Sulawesi Selatan 90231, Indonesia",Makassar,-5.1551996,119.4406259,"RCVR+W7 Masale, Kota Makassar, Sulawesi Selatan, Indonesia",4.5,399,+628124200535,https://www.facebook.com/kopizonemakassar,https://lh3.googleusercontent.com/gps-cs-s/AHRPTWldfB9WNr-YcjB6-fe1Qie2tFKwyIe2D1rqVIfWElBMlpMbP2Yn34um7ToQByHyUPDW_sHYYq9CvWsvDmILQnzyT8J63jqUYJZoWSmoz0S6usYp6ktKIxz5LzI5sUndnBmiEyM3=w408-h285-k-no,"Senin,Buka 24 jam | Selasa,Buka 24 jam | Rabu,Buka 24 jam | Kamis,Buka 24 jam | Jumat,Buka 24 jam | Sabtu,Buka 24 jam | Minggu,Buka 24 jam",https://www.google.com/maps/place/HomeTown+KopiZone/data=!4m7!3m6!1s0x2dbee2b8ad10e00b:0x373e2d1f097b2027!8m2!3d-5.1551996!4d119.4406259!16s%2Fg%2F11bw3c4nn1!19sChIJC-AQrbjivi0RJyB7CR8tPjc,kedai kopi Makassar | coffee shop Makassar
253,Bento Kopi,Kafe,"Jl. Perintis Kemerdekaan No.KM.11, Tamalanrea, Kec. Tamalanrea, Kota Makassar, Sulawesi Selatan 90242, Indonesia",Makassar,-5.1350507,119.4974004,"VF7W+XX Tamalanrea, Kota Makassar, Sulawesi Selatan, Indonesia",4.6,413,+6285340523072,https://www.instagram.com/bentokopi.makassar/profilecard/?igsh=MXVxNm9haTJ0Y256bQ==,https://lh3.googleusercontent.com/gps-cs-s/AHRPTWlowOUEtxb7pPyHrCncloDAYvA9vrmlvsNcmS5UVS6wd_ahC4z-yfXSuymyIAZmN5eoI3mIj7HiS5xBQbrcYkjQc1obxxCOevEclUC_fnESClM_s2Cqzo0k5-eXcibQQnSnffza=w408-h306-k-no,"Senin,09.00 hingga 00.30 | Selasa,09.00 hingga 00.30 | Rabu,09.00 hingga 00.30 | Kamis,09.00 hingga 00.30 | Jumat,09.00 hingga 00.30 | Sabtu,09.00 hingga 00.30 | Minggu,09.00 hingga 00.30",https://www.google.com/maps/place/Bento+Kopi/data=!4m7!3m6!1s0x2dbefd00103992cf:0x436d76b242d70a22!8m2!3d-5.1350507!4d119.4974004!16s%2Fg%2F11y81jhfht!19sChIJz5I5EAD9vi0RIgrXQrJ2bUM,kedai kopi Makassar
254,Rumah Kopi Setia Perintis Makassar,Kafe,"VF9X+VGC, Tamalanrea, Kec. Tamalanrea, Kota Makassar, Sulawesi Selatan 90245, Indonesia",Makassar,-5.1302703,119.4987778,,4.5,247,+6282142178989,,https://lh3.googleusercontent.com/gps-cs-s/AHRPTWlm_fp9w28Qwk8GuNiapGxT8lNG6VR3a6Bgw1PYvQngGcWo0fbHdhma_2f1FtMxz4F3r6eS8O7q-FBvJDIL1AJ8urwjSKwcvhmRArpK9tsbX4v5O9fmG7X5BGzRmepot6HwaK9l=w408-h306-k-no,"Senin,08.00 hingga 23.00 | Selasa,08.00 hingga 23.00 | Rabu,08.00 hingga 23.00 | Kamis,08.00 hingga 23.00 | Jumat,08.00 hingga 23.00 | Sabtu,08.00 hingga 23.55 | Minggu,08.00 hingga 23.00",https://www.google.com/maps/place/Rumah+Kopi+Setia+Perintis+Makassar/data=!4m7!3m6!1s0x2dbefdd9109cab53:0x1f62aff1222097f8!8m2!3d-5.1302703!4d119.4987778!16s%2Fg%2F11l2xxm8jr!19sChIJU6ucENn9vi0R-JcgIvGvYh8,kedai kopi Makassar
255,KopiA Makassar,Kafe,"Blok N. 13, Jl. Minasa Upa, Gn. Sari, Kec. Rappocini, Kota Makassar, Sulawesi Selatan 90221, Indonesia",Makassar,-5.180433,119.4600001,"RF96+R2 Gn. Sari, Kota Makassar, Sulawesi Selatan, Indonesia",5,38,+6282292358883,https://www.instagram.com/kopia.mks/,https://lh3.googleusercontent.com/gps-cs-s/AHRPTWmQ_bWM_0bpoQW9NwsvOvcx5UUm-H30CJFqWExLaSm8vM4sLgSNqOFcg_F4MbzjIxwo40BcnRgYaxiUX34zBAw6tNV9BFcSHmBpoGQM4JGTgr7tsqVVqq10ZjKBVYEUk3nlgLzhLA=w408-h725-k-no,"Senin,08.00 hingga 23.30 | Selasa,08.00 hingga 23.30 | Rabu,08.00 hingga 23.30 | Kamis,08.00 hingga 23.30 | Jumat,08.00 hingga 23.30 | Sabtu,Buka 24 jam | Minggu,08.00 hingga 23.30",https://www.google.com/maps/place/KopiA+Makassar/data=!4m7!3m6!1s0x2dbee3b91b13c6cf:0x582e978e8867556c!8m2!3d-5.180433!4d119.4600001!16s%2Fg%2F11ssdhsk2p!19sChIJz8YTG7njvi0RbFVniI6XLlg,kedai kopi Makassar
256,Kopi Soe Makassar,Kedai Kopi,"Jl. Pelita Raya No.4 B, Balla Parang, Kec. Rappocini, Kota Makassar, Sulawesi Selatan 90222, Indonesia",Makassar,-5.150703,119.434493,"RCXM+PQ Balla Parang, Kota Makassar, Sulawesi Selatan, Indonesia",4.5,420,,,https://lh3.googleusercontent.com/gps-cs-s/AHRPTWkNY5yz2f_9L1vrL2nyNk10JYi0Tvapy6i3-tMfEjio0gOe4_1ZcwNBHlc4n_FRExWABvzGcTmRXtqD6lmEbSWVqBubzftQqsOVo3xqr0z93VjjjXxjA7fGxcIy9w6N5LtNDXRRlQ=w427-h240-k-no,"Senin,07.00 hingga 22.00 | Selasa,07.00 hingga 22.00 | Rabu,07.00 hingga 22.00 | Kamis,07.00 hingga 22.00 | Jumat,07.00 hingga 22.00 | Sabtu,07.00 hingga 23.30 | Minggu,07.00 hingga 22.00",https://www.google.com/maps/place/Kopi+Soe+Makassar/data=!4m7!3m6!1s0x2dbee3b9418980d9:0x831b83facc061fb5!8m2!3d-5.150703!4d119.434493!16s%2Fg%2F11fm_8k23s!19sChIJ2YCJQbnjvi0RtR8GzPqDG4M,kedai kopi Makassar | coffee shop Makassar
257,Rumah Kopi Setia,Kedai Kopi,"Jl. Dr. Wahidin Sudirohusodo No.181, Melayu, Kec. Wajo, Kota Makassar, Sulawesi Selatan 90171, Indonesia",Makassar,-5.1259252,119.4132633,"VCF7+J8 Melayu, Kota Makassar, Sulawesi Selatan, Indonesia",4.7,562,+624113624311,https://www.instagram.com/rumahkopisetia.id/?hl=en,https://lh3.googleusercontent.com/gps-cs-s/AHRPTWlu--lUaYVvp7DM2WXNXkn8CrHCVd2cWAJjmptFr6VK2Rx3oF0x16sOp5imCY4qpC2BuvCmHRbFj7Z7nfuvnL84R-d0M_gRI5OokzHBuak_Yj7eUldkZVSGQAcdsUSsrA0Kfw8jrqnkIMTF=w408-h544-k-no,"Senin,07.00 hingga 21.30 | Selasa,07.00 hingga 21.30 | Rabu,07.00 hingga 21.30 | Kamis,07.00 hingga 21.30 | Jumat,07.00 hingga 21.30 | Sabtu,07.00 hingga 21.30 | Minggu,07.00 hingga 21.30",https://www.google.com/maps/place/Rumah+Kopi+Setia/data=!4m7!3m6!1s0x2dbf02a197360ef1:0x2d1688ef40474288!8m2!3d-5.1259252!4d119.4132633!16s%2Fg%2F1hm1qystj!19sChIJ8Q42l6ECvy0RiEJHQO-IFi0,kedai kopi Makassar
258,Kopi TEMULAGI,Kedai Kopi,"ruko mirah II, Jl. Pengayoman, Paropo, Kec. Panakkukang, Kota Makassar, Sulawesi Selatan 90231, Indonesia",Makassar,-5.1612535,119.4498987,"RCQX+FX Paropo, Kota Makassar, Sulawesi Selatan, Indonesia",4.2,146,+6285185670648,https://kopi-temulagi.netlify.app/,https://lh3.googleusercontent.com/gps-cs-s/AHRPTWlFkdnJ5iWObFTdF2B5eXmPd6nhvhGUORfGxVf4q9skUUrVjsM7L6QtapVSu65KwTGRxsLJIA1vrXv4CY65SBVryWppKImzplXma5rDjqirVLqI_PxQjHuIx_aB9C7AlELqA-QkbPWD3BCB=w408-h725-k-no,"Senin,Buka 24 jam | Selasa,Buka 24 jam | Rabu,Buka 24 jam | Kamis,Buka 24 jam | Jumat,Buka 24 jam | Sabtu,Buka 24 jam | Minggu,Buka 24 jam",https://www.google.com/maps/place/Kopi+TEMULAGI/data=!4m7!3m6!1s0x2dbee332b6ec1807:0x24e1f06802012899!8m2!3d-5.1612535!4d119.4498987!16s%2Fg%2F11n3bgtqph!19sChIJBxjstjLjvi0RmSgBAmjw4SQ,kedai kopi Makassar
259,Umbra Coffee & Roastery,Kedai Kopi,"Jl. Tupai No.4, Mamajang Luar, Kec. Mamajang, Kota Makassar, Sulawesi Selatan 90132, Indonesia",Makassar,-5.1563994,119.4210322,"RCVC+CC Mamajang Luar, Kota Makassar, Sulawesi Selatan, Indonesia",4.7,267,+6281244774575,,https://lh3.googleusercontent.com/gps-cs-s/AHRPTWmu7uPCcPyaKKhfDGvtqCySI1KU62LXKRMvzZbXmKUIAt7J1_WIuG1m13Bk46qRQDph16hy0_WYD1wo2TjNFrd_mwDt3ivXfAEg6Z-byz1VYGCYU3J5Vg2ZSpdfFL-9QjPA_dobNeZlwjAB=w408-h544-k-no,"Senin,08.00 hingga 20.00 | Selasa,08.00 hingga 20.00 | Rabu,08.00 hingga 20.00 | Kamis,08.00 hingga 20.00 | Jumat,08.00 hingga 20.00 | Sabtu,08.00 hingga 20.00 | Minggu,08.00 hingga 20.00",https://www.google.com/maps/place/Umbra+Coffee+%26+Roastery/data=!4m7!3m6!1s0x2dbee2a12bd0bb85:0x360475a307357237!8m2!3d-5.1563994!4d119.4210322!16s%2Fg%2F11ggbvqkqr!19sChIJhbvQK6Hivi0RN3I1B6N1BDY,kedai kopi Makassar | coffee shop Makassar
260,Kopi'ngumpul,Kedai Kopi,"Btn Asal Mula No.E9/12, RT.001/RW.05, Tamalanrea Indah, Kec. Tamalanrea, Kota Makassar, Sulawesi Selatan 90245, Indonesia",Makassar,-5.1346268,119.4790314,"VF8H+4J Tamalanrea Indah, Kota Makassar, Sulawesi Selatan, Indonesia",4.7,53,+62895611040088,,https://lh3.googleusercontent.com/gps-cs-s/AHRPTWnvcsRbGa2OY4OODgIz6E6b-KnkqzZb9kCKnBJ0q3xSlwEa7aU1vQ4jgYI6PkzFGoSTpqJv6dswmHRUzlT3u8kPOrYUmxkO1plCaG2IZV0LSE5LxuZQ8PtyRh-wbap71AbIpU2-iA=w425-h240-k-no,"Senin,18.00 hingga 03.00 | Selasa,18.00 hingga 03.00 | Rabu,18.00 hingga 03.00 | Kamis,18.00 hingga 03.00 | Jumat,18.00 hingga 03.00 | Sabtu,18.00 hingga 03.00 | Minggu,Tutup",https://www.google.com/maps/place/Kopi%27ngumpul/data=!4m7!3m6!1s0x2dbefdb074641659:0x2bc80ff6ee6a433c!8m2!3d-5.1346268!4d119.4790314!16s%2Fg%2F11qnjztsvr!19sChIJWRZkdLD9vi0RPENq7vYPyCs,kedai kopi Makassar
261,Terima Kasih Kopi,Kedai Kopi,"Jl. Daeng Tompo No.29, Maloku, Kec. Ujung Pandang, Kota Makassar, Sulawesi Selatan 90115, Indonesia",Makassar,-5.1416043,119.4095357,"VC55+9R Maloku, Kota Makassar, Sulawesi Selatan, Indonesia",4.4,342,,,https://lh3.googleusercontent.com/gps-cs-s/AHRPTWnNXOM2T88gZPSAOycDXs7hH5NALr9iYWkkSIDod8MYJ9WxlPEM6MGSspBfxoyXxmqOvUuCvSBHK9p2ABvU4b8LfgAxfP_1nttRyQ8gwXUB5oSBGQ7mlvZfNjQw5BNF1ejR3s3xli8jln26=w408-h544-k-no,"Senin,10.00 hingga 23.30 | Selasa,10.00 hingga 23.30 | Rabu,10.00 hingga 23.30 | Kamis,10.00 hingga 23.30 | Jumat,10.00 hingga 23.30 | Sabtu,10.00 hingga 23.30 | Minggu,10.00 hingga 23.30",https://www.google.com/maps/place/Terima+Kasih+Kopi/data=!4m7!3m6!1s0x2dbf03383fbe4c37:0xf39dde6201bf1f9a!8m2!3d-5.1416043!4d119.4095357!16s%2Fg%2F11t9ccb6_w!19sChIJN0y-PzgDvy0Rmh-_AWLenfM,kedai kopi Makassar
262,Kedai Kopi Kampoeng,Kedai Kopi,"RCVQ+53F Belakang STIA LAN, Jl. Pengayoman Tembusan Boulevard Jl. A. P. Pettarani, Bua Kana, Kec. Rappocini, Kota Makassar, Sulawesi Selatan 90231, Indonesia",Makassar,-5.1570604,119.4376686,,4.5,161,+6282215348440,,https://lh3.googleusercontent.com/gps-cs-s/AHRPTWmGVoekma1AbY5rF81Of6JIPbFuqCgPX37-FqOdFtdpymcqvdV2j_-CreYw6tvaelfprttBSV98tjV6XgeRMzdZznlv33txlM2pRsMBcK4-g05U_qGpB4uI8dxf8TJQ34E52iM2Ag=w408-h378-k-no,"Senin,07.30 hingga 23.30 | Selasa,07.30 hingga 23.30 | Rabu,07.30 hingga 23.30 | Kamis,07.30 hingga 23.30 | Jumat,07.30 hingga 23.30 | Sabtu,07.30 hingga 23.30 | Minggu,07.30 hingga 23.30",https://www.google.com/maps/place/Kedai+Kopi+Kampoeng/data=!4m7!3m6!1s0x2dbee35c97c37597:0xc3c300fd3872ba2c!8m2!3d-5.1570604!4d119.4376686!16s%2Fg%2F11lgv0_5wr!19sChIJl3XDl1zjvi0RLLpyOP0Aw8M,kedai kopi Makassar
263,Kopi Kenangan - SPBU Pertamina (Perintis Makassar),Kedai Kopi,"SPBU Pertamina 74, Jl. Perintis Kemerdekaan No.KM.16 901.09, Pai, Kec. Biringkanaya, Kota Makassar, Sulawesi Selatan 90245, Indonesia",Makassar,-5.0953554,119.5115381,"WG36+VJ Pai, Kota Makassar, Sulawesi Selatan, Indonesia",4.4,599,+628170739138,http://www.kopikenangan.com/,https://lh3.googleusercontent.com/gps-cs-s/AHRPTWkRt0TURVPCd4qGQ162pDIgKXFCyRaAbHF1dhqyFk39ObTrB9YPlIyLKpQbbo4kSgUPAtDt5HdywMGIjoryL1udjLBNoo9OGnmd7o2j37i4VKpw9OyDIQVIYwjpIUuOZZnKEjCJ=w408-h544-k-no,"Senin,07.00 hingga 22.00 | Selasa,07.00 hingga 22.00 | Rabu,07.00 hingga 22.00 | Kamis,07.00 hingga 22.00 | Jumat,07.00 hingga 22.00 | Sabtu,07.00 hingga 22.00 | Minggu,07.00 hingga 22.00",https://www.google.com/maps/place/Kopi+Kenangan+-+SPBU+Pertamina+%28Perintis+Makassar%29/data=!4m7!3m6!1s0x2dbefb966e364a53:0x3418d46b18d98796!8m2!3d-5.0953554!4d119.5115381!16s%2Fg%2F11qys_59wt!19sChIJU0o2bpb7vi0RlofZGGvUGDQ,kedai kopi Makassar
264,Kopi Chuseyo Makassar,Kedai Kopi,"Jl. Sungai Saddang Baru No.92B, Balla Parang, Kec. Rappocini, Kota Makassar, Sulawesi Selatan 90222, Indonesia",Makassar,-5.1480093,119.430553,"VC2J+Q6 Balla Parang, Kota Makassar, Sulawesi Selatan, Indonesia",4.8,43,,,https://lh3.googleusercontent.com/gps-cs-s/AHRPTWlJ3jJ7eswEBdOWVTq0kBuRsSsGGNKZwTe87rOtMKKNL-ScIlDoOqPgkCojPHTNY_jF4IbFtJBC94yq5qLwjwoED_FW9Xk5jVhNc3neqg-BWtFu5YYV8UiXvbFV4wvUl8rDeApnkw=w408-h399-k-no,,https://www.google.com/maps/place/Kopi+Chuseyo+Makassar/data=!4m7!3m6!1s0x2dbee30bfa8faf9b:0x7bda5e20f02979af!8m2!3d-5.1480093!4d119.430553!16s%2Fg%2F11pckk3bs3!19sChIJm6-P-gvjvi0Rr3kp8CBe2ns,kedai kopi Makassar
265,Kopi Kenangan - Ruko Perintis Makassar km 10,Kedai Kopi,"Jl. Perintis Kemerdekaan No.Km. 9, Tamalanrea Jaya, Kec. Tamalanrea, Kota Makassar, Sulawesi Selatan 90245, Indonesia",Makassar,-5.1389519,119.4933735,"VF6V+C8 Tamalanrea Jaya, Kota Makassar, Sulawesi Selatan, Indonesia",4.1,274,,,https://lh3.googleusercontent.com/gps-cs-s/AHRPTWnMb6S2LlGAzDzzHulezsvFt-eIda5sHD7eLyXjlK_l-2owo012zee_mfx_kpIcrwymVLEJNq_shlfOyu_SdWRsE1HiKs_s986-5scHiBqqd9OCvSOw0Z17YZOIaeas2rh_ZZ-E=w408-h295-k-no,"Senin,08.00 hingga 23.00 | Selasa,08.00 hingga 23.00 | Rabu,08.00 hingga 23.00 | Kamis,08.00 hingga 23.00 | Jumat,08.00 hingga 23.00 | Sabtu,08.00 hingga 23.00 | Minggu,08.00 hingga 23.00",https://www.google.com/maps/place/Kopi+Kenangan+-+Ruko+Perintis+Makassar+km+10/data=!4m7!3m6!1s0x2dbee359b38b6749:0x69c9e4d8a6f4e6f6!8m2!3d-5.1389519!4d119.4933735!16s%2Fg%2F11rqs2czxp!19sChIJSWeLs1njvi0R9ub0ptjkyWk,kedai kopi Makassar
266,Kopiteori Studio,Kedai Kopi,"Jl. Usman Jafar No.9, Baru, Kec. Ujung Pandang, Kota Makassar, Sulawesi Selatan 90111, Indonesia",Makassar,-5.1373276,119.4102151,"VC76+33 Baru, Kota Makassar, Sulawesi Selatan, Indonesia",4.7,109,+6281150202020,https://www.kopiteori.id/,https://lh3.googleusercontent.com/gps-cs-s/AHRPTWm5qbmZ5_BrewwlHXZROjbpicyNblZ6BqSIRaKvjMGUf0Txe8RJttyzxMMidcEiTf2e2JHF-knln3usOMoyiD2aLn3MNrYyWUJ5GZzgVKy-bdoFyW-SVIYZY7RH1k6mSVVUJFaR=w425-h240-k-no,"Senin,07.00 hingga 22.00 | Selasa,07.00 hingga 22.00 | Rabu,07.00 hingga 22.00 | Kamis,07.00 hingga 22.00 | Jumat,07.00 hingga 22.00 | Sabtu,07.00 hingga 22.00 | Minggu,07.00 hingga 22.00",https://www.google.com/maps/place/Kopiteori+Studio/data=!4m7!3m6!1s0x2dbf03b149fe2e5d:0x451d2d4db8a7a8cc!8m2!3d-5.1373276!4d119.4102151!16s%2Fg%2F11kb4dbgt5!19sChIJXS7-SbEDvy0RzKinuE0tHUU,kedai kopi Makassar
267,Hai HONG,Kedai Kopi,"Jl. Pelita Raya, Balla Parang, Kec. Rappocini, Kota Makassar, Sulawesi Selatan 90231, Indonesia",Makassar,-5.1509505,119.4343532,"RCXM+JP Balla Parang, Kota Makassar, Sulawesi Selatan, Indonesia",4.5,664,+6281717172398,,https://lh3.googleusercontent.com/gps-cs-s/AHRPTWn_PiGEHbQM0In6y9QmqdIaogDDBLtDH14ebIlFZoFpuP7g6aImNLhkSPX0A__OQDcziBwI97qzPNJSZZy0koy2V30ula1ngjkAiJUj9JAnvgK9xNlrShqTDn24z3oVcL-7pCXm=w408-h306-k-no,"Senin,06.00 hingga 22.00 | Selasa,06.00 hingga 22.00 | Rabu,06.00 hingga 22.00 | Kamis,06.00 hingga 22.00 | Jumat,06.00 hingga 22.00 | Sabtu,06.00 hingga 22.00 | Minggu,06.00 hingga 22.00",https://www.google.com/maps/place/Hai+HONG/data=!4m7!3m6!1s0x2dbee2ba166e7c5d:0x19af2ada8e026fbd!8m2!3d-5.1509505!4d119.4343532!16s%2Fg%2F11cr_t8_b9!19sChIJXXxuFrrivi0RvW8Cjtoqrxk,kedai kopi Makassar
268,ADAPADA KEDAI,Kedai Kopi,"Jl. Sultan Alauddin No.98, Pa'baeng-Baeng, Kec. Tamalate, Kota Makassar, Sulawesi Selatan 90223, Indonesia",Makassar,-5.1701328,119.4237701,"RCHF+WG Pa'baeng-Baeng, Kota Makassar, Sulawesi Selatan, Indonesia",4.6,512,+6281229669027,http://instagram.com/adapadakedai,https://lh3.googleusercontent.com/gps-cs-s/AHRPTWmb0b0kIIWVtl83s3RuV4NRixrl4ZyJIjaua_QELWi6CvXRSTqei13rFqOnW6OC7OTJ7jiS17usMQYB2xkbV5pvGV-8zrd_f2JGw-1ZBORQ1W1wxSACAXYnBj3dvW80T9g_9a64Tw=w509-h240-k-no,"Senin,08.30 hingga 23.00 | Selasa,08.30 hingga 23.00 | Rabu,08.30 hingga 23.00 | Kamis,08.30 hingga 23.00 | Jumat,08.30 hingga 23.00 | Sabtu,08.30 hingga 23.00 | Minggu,08.30 hingga 23.00",https://www.google.com/maps/place/ADAPADA+KEDAI/data=!4m7!3m6!1s0x2dbf1d6001430111:0xfbe694c3e93a23b2!8m2!3d-5.1701328!4d119.4237701!16s%2Fg%2F11c42gsf8b!19sChIJEQFDAWAdvy0RsiM66cOU5vs,kedai kopi Makassar
269,Dbazz Coffee,Kedai Kopi,"Jl. Sunu No.154, Kalukuang, Kec. Tallo, Kota Makassar, Sulawesi Selatan 90215, Indonesia",Makassar,-5.1262316,119.4290973,"VCFH+GJ Kalukuang, Kota Makassar, Sulawesi Selatan, Indonesia",4.5,252,+6282198897271,,https://lh3.googleusercontent.com/gps-cs-s/AHRPTWnsaaJ90WIbPpbs8W3BFp41qhj1qKB4x0KzS0pxjUKxiQc9R2dl-hDI0NJRvRgrHKo2doqCcSLNApanuwccwYCdS0b71X2uDxtY1t1xZMOti4AcXHDtMWdG9xng3zNVCPAyZuI=w408-h544-k-no,"Senin,08.00 hingga 23.30 | Selasa,08.00 hingga 23.00 | Rabu,08.00 hingga 23.30 | Kamis,08.00 hingga 23.30 | Jumat,08.00 hingga 23.30 | Sabtu,08.00 hingga 23.30 | Minggu,08.00 hingga 23.30",https://www.google.com/maps/place/Dbazz+Coffee/data=!4m7!3m6!1s0x2dbefd5cd145feab:0xb083275e522bdba1!8m2!3d-5.1262316!4d119.4290973!16s%2Fg%2F11b6df98rx!19sChIJq_5F0Vz9vi0RodsrUl4ng7A,kedai kopi Makassar
270,Kopi Republik Makassar,Kedai Kopi,"RC9V+V36 KOmp. P & K, Blok N, RW.2, Gunung Sari, Rappocini, Makassar City, South Sulawesi 90222, Indonesia",,-5.180351,119.4426643,"RC9V+V3 Gn. Sari, Kota Makassar, Sulawesi Selatan, Indonesia",4.8,11,+6285241480552,,https://lh3.googleusercontent.com/gps-cs-s/AHRPTWl-vD8Z5DjmBA06_tpNmpGAZGynBGm5wsPWJuTvGZdQ_tmxg8WJMdRgugNMk1razr9KYwvM7Vy9VIv2jioAFI-Jlifb8NERLwpJcbBBraSQTbMKERv2Uh4imZ7s3XPKaK0j4b4=w426-h240-k-no,"Senin,10.00 hingga 23.00 | Selasa,10.00 hingga 23.00 | Rabu,10.00 hingga 23.00 | Kamis,10.00 hingga 23.00 | Jumat,10.00 hingga 23.00 | Sabtu,10.00 hingga 23.00 | Minggu,Tutup",https://www.google.com/maps/place/Kopi+Republik+Makassar/data=!4m7!3m6!1s0x2dbee389f34b8ac1:0x346dfe4c4f294e4d!8m2!3d-5.180351!4d119.4426643!16s%2Fg%2F11qbj35x_w!19sChIJwYpL84njvi0RTU4pT0z-bTQ,kedai kopi Makassar
271,Kopi Kenangan - Ruko A. Yani Makassar,Kedai Kopi,"Jl. Ahmad Yani, Pattunuang, Kec. Wajo, Kota Makassar, Sulawesi Selatan 90171, Indonesia",Makassar,-5.1327484,119.4104393,"VC86+W5 Pattunuang, Kota Makassar, Sulawesi Selatan, Indonesia",4.6,416,+628174902684,http://www.kopikenangan.com/,https://lh3.googleusercontent.com/gps-cs-s/AHRPTWlcvM1Ts8gEWY7mRZfSnjm8beLOxEFoFMdT2PdAe1Yot0BssD6x5r4G5_sxnm-2-XLS-_70CV0aYrhLy_5bP0Ga4cfXhG3WheSYE9GOTe2gHAXBhFLFKtDFpaQ5MVPLh8o4puxYe_mBAyuu=w408-h544-k-no,"Senin,07.00 hingga 22.00 | Selasa,07.00 hingga 22.00 | Rabu,07.00 hingga 22.00 | Kamis,07.00 hingga 22.00 | Jumat,07.00 hingga 22.00 | Sabtu,07.00 hingga 22.00 | Minggu,07.00 hingga 22.00",https://www.google.com/maps/place/Kopi+Kenangan+-+Ruko+A.+Yani+Makassar/data=!4m7!3m6!1s0x2dbf038ac556cb73:0xf9765b72cd37ee41!8m2!3d-5.1327484!4d119.4104393!16s%2Fg%2F11rbd4r1r8!19sChIJc8tWxYoDvy0RQe43zXJbdvk,kedai kopi Makassar
272,Toko Kopi Oma - Sunu,Kedai Kopi,"Jl. Sunu Komp. Unhas No.119 A, Lembo, Kec. Tallo, Kota Makassar, Sulawesi Selatan 90215, Indonesia",Makassar,-5.1223561,119.4298692,"VCHH+3W Lembo, Kota Makassar, Sulawesi Selatan, Indonesia",4.5,38,,https://www.instagram.com/tokokopioma,https://lh3.googleusercontent.com/gps-cs-s/AHRPTWk3mjfQ40Dtj2jXV6dKvMGTWjATbnGCf8lGMeDRh3PcxTEBRQyNAiQf3E_nLEQ_BVKQq6FtLjTzDKkJHym079vGQ4L0hDJytaI-20J4t3QBje6nZ4QJEZHk7AZr5xKEz90CrTRILKqweNCm=w408-h544-k-no,"Senin,07.00 hingga 23.00 | Selasa,07.00 hingga 23.00 | Rabu,07.00 hingga 23.00 | Kamis,07.00 hingga 23.00 | Jumat,07.00 hingga 23.00 | Sabtu,07.00 hingga 23.00 | Minggu,07.00 hingga 23.00",https://www.google.com/maps/place/Toko+Kopi+Oma+-+Sunu/data=!4m7!3m6!1s0x2dbf03004b9e6e2f:0xee9d7d8cf74bea99!8m2!3d-5.1223561!4d119.4298692!16s%2Fg%2F11y685lcpj!19sChIJL26eSwADvy0RmepL94x9ne4,kedai kopi Makassar | coffee shop Makassar
273,Kedai Lawas,Kedai Kopi,"Jl. Ranggong No.8f, Bulo Gading, Kec. Ujung Pandang, Kota Makassar, Sulawesi Selatan 90111, Indonesia",Makassar,-5.1394868,119.4078935,"VC65+65 Bulo Gading, Kota Makassar, Sulawesi Selatan, Indonesia",4.7,349,+6282187473298,https://www.instagram.com/kedai.lawas/?hl=id,https://lh3.googleusercontent.com/gps-cs-s/AHRPTWmIW2sNbJunkDmrbXNNdunBhXXAxHh2bckn2CG68CaX_TWMbrA6Y8TAGkQeAOrfXLi6IbCp-gwnt0Mp9cXkbeEzJkpJz8ozUivaALUnqAapcRLJNQkDd-TR8CZHG2H1-BzqfRk=w408-h510-k-no,"Senin,07.00 hingga 22.00 | Selasa,07.00 hingga 22.00 | Rabu,07.00 hingga 22.00 | Kamis,07.00 hingga 22.00 | Jumat,07.00 hingga 22.00 | Sabtu,07.00 hingga 22.00 | Minggu,07.00 hingga 22.00",https://www.google.com/maps/place/Kedai+Lawas/data=!4m7!3m6!1s0x2dbf037c00560a3b:0x431f983c6d33768a!8m2!3d-5.1394868!4d119.4078935!16s%2Fg%2F11t629b6zk!19sChIJOwpWAHwDvy0RinYzbTyYH0M,kedai kopi Makassar
274,EXCELZA COFFEE SHOP,Kafe,"Jl. Perintis Kemerdekaan No.78, Kapasa, Kec. Tamalanrea, Kota Makassar, Sulawesi Selatan 90245, Indonesia",Makassar,-5.1235586,119.5067594,"VGG4+HP Kapasa, Kota Makassar, Sulawesi Selatan, Indonesia",4.3,420,+62411586278,,https://lh3.googleusercontent.com/gps-cs-s/AHRPTWnLkI-k3lxQkxCpvaUGA9Vd5pCYorac7bdIH2i_ILjQiarMaEbAjebAzISHZZz6raolsPXXiyAdCVzds-cotncjG1WDpDivNVpjhnXXJI7S4Sw8lu0Xpotmc7ZN57sIYL6BNq7X=w408-h306-k-no,"Senin,08.00 hingga 23.00 | Selasa,08.00 hingga 23.00 | Rabu,08.00 hingga 23.00 | Kamis,08.00 hingga 23.00 | Jumat,08.00 hingga 23.00 | Sabtu,08.00 hingga 23.00 | Minggu,08.00 hingga 23.00",https://www.google.com/maps/place/EXCELZA+COFFEE+SHOP/data=!4m7!3m6!1s0x2dbefca13908c4dd:0xec6a440f804424fd!8m2!3d-5.1235586!4d119.5067594!16s%2Fg%2F11c1s2f423!19sChIJ3cQIOaH8vi0R_SREgA9Eauw,kedai kopi Makassar | coffee shop Makassar
275,Rumah Kopi Sweetness coffee mks,Kedai Kopi,"Jl. RSI Faisal XIV No.8c, Banta-Bantaeng, Kec. Rappocini, Kota Makassar, Sulawesi Selatan 90222, Indonesia",Makassar,-5.162998,119.430592,"RCPJ+R6 Banta-Bantaeng, Kota Makassar, Sulawesi Selatan, Indonesia",4.7,239,+628114101017,,https://lh3.googleusercontent.com/gps-cs-s/AHRPTWkOrU90gZoIHW9nhU875kIg5RNaRwrUoK7y9qRc5Cq3Zs2fLI6MQXAeP7ElKsViUyZBvleciZWi1Eo-4EU_YeQ2R0sdeVJPQiArnVsmP7bFKSsk2HlbXbpJYsnR3pqIgR0e75a5=w493-h240-k-no,"Senin,08.00 hingga 23.00 | Selasa,08.00 hingga 23.00 | Rabu,08.00 hingga 23.00 | Kamis,08.00 hingga 23.00 | Jumat,08.00 hingga 23.00 | Sabtu,08.00 hingga 23.00 | Minggu,Tutup",https://www.google.com/maps/place/Rumah+Kopi+Sweetness+coffee+mks/data=!4m7!3m6!1s0x2dbee32df8a8daab:0x94cff0661e34746a!8m2!3d-5.162998!4d119.430592!16s%2Fg%2F11gy1m6v97!19sChIJq9qo-C3jvi0RanQ0Hmbwz5Q,kedai kopi Makassar | coffee shop Makassar
276,Warung Kopi Phoenam,Kedai Kopi,"Jl. Jampea No.5E, Pattunuang, Kec. Wajo, Kota Makassar, Sulawesi Selatan 90174, Indonesia",Makassar,-5.1317924,119.4074423,"VC94+7X Pattunuang, Kota Makassar, Sulawesi Selatan, Indonesia",4.6,672,+624113628453,,https://lh3.googleusercontent.com/gps-cs-s/AHRPTWla5hIMyK574fRFZU3DdbN5bL4plgA9YCE7KyeXnysopCmUkRxPfypHRnlwkOeC4-tDx1YMHDEQTLK32C4NIZWQ0tcXx66PEbJWkFsKUUDg9aAPc5upl88OCWBhKpwSraCsN8c6T9nI9LZe=w408-h544-k-no,"Senin,06.00 hingga 18.00 | Selasa,06.00 hingga 18.00 | Rabu,06.00 hingga 18.00 | Kamis,06.00 hingga 18.00 | Jumat,06.00 hingga 18.00 | Sabtu,06.00 hingga 18.00 | Minggu,06.00 hingga 18.00",https://www.google.com/maps/place/Warung+Kopi+Phoenam/data=!4m7!3m6!1s0x2dbf02a5240c6fc3:0x630ca746cbcd73ff!8m2!3d-5.1317924!4d119.4074423!16s%2Fg%2F1hm1tvklg!19sChIJw28MJKUCvy0R_3PNy0anDGM,kedai kopi Makassar
277,Mesin kopi Murah,Toko kopi,"Ruko insignia, Jl. Bumi Tamalanrea Permai No.B14, Tamalanrea, Kec. Tamalanrea, Kota Makassar, Sulawesi Selatan 90245, Indonesia",Makassar,-5.1399228,119.5147822,"VG67+2W Tamalanrea, Kota Makassar, Sulawesi Selatan, Indonesia",4.8,131,+6282210850056,https://lynk.id/tongkonancoffee,https://lh3.googleusercontent.com/gps-cs-s/AHRPTWlpib_slCsYfgB3wydY-vjAxZ5eoo1MOPVxJUS6Mj9SSA0gsLCnXQvCNfgZaGz0B2BY29b16O8Kaxe6vS4xbHFhiQ9_WaUfGwADDVN7uR6Sv2Xi4T33cgctviYJSNh6b9ZUR5Cg=w426-h240-k-no,"Senin,10.00 hingga 20.00 | Selasa,10.00 hingga 20.00 | Rabu,10.00 hingga 20.00 | Kamis,10.00 hingga 20.00 | Jumat,10.00 hingga 20.00 | Sabtu,10.00 hingga 20.00 | Minggu,Tutup",https://www.google.com/maps/place/Mesin+kopi+Murah/data=!4m7!3m6!1s0x2dbee4ab0c647ee7:0x7265fbffeda16222!8m2!3d-5.1399228!4d119.5147822!16s%2Fg%2F11ddyjkm2h!19sChIJ535kDKvkvi0RImKh7f_7ZXI,kedai kopi Makassar
278,Kedai kopi ariana,Kedai Kopi,"Komp Ruko Cakar, Jl. Toddopuli Raya No.11 Blok F, Utara, Paropo, Kec. Panakkukang, Kota Makassar, Sulawesi Selatan 90231, Indonesia",Makassar,-5.1608429,119.4539014,"RFQ3+MH Paropo, Kota Makassar, Sulawesi Selatan, Indonesia",4.8,54,,https://instagram.com/kedaikopiariana?utm_medium=copy_link,https://lh3.googleusercontent.com/gps-cs-s/AHRPTWngNVyGU3hbRTdVjEDaMhSAnWkTiuO--_7ToNNTcDhvUkt_2t1MxaWe_whowl1EemoecLrxAGsPtZluBbUsZi6cotSjp9EM3GpogLkKD31rWi5gJpD51vhIedmlboaa1R-CMz5qAQ=w408-h320-k-no,"Senin,08.30 hingga 04.30 | Selasa,08.30 hingga 04.30 | Rabu,08.30 hingga 04.30 | Kamis,08.30 hingga 04.30 | Jumat,08.30 hingga 04.30 | Sabtu,08.30 hingga 04.30 | Minggu,08.30 hingga 04.30",https://www.google.com/maps/place/Kedai+kopi+ariana/data=!4m7!3m6!1s0x2dbee378ae61e031:0xafee6a7a4b260677!8m2!3d-5.1608429!4d119.4539014!16s%2Fg%2F11s1676cxs!19sChIJMeBhrnjjvi0RdwYmS3pq7q8,kedai kopi Makassar
279,Kopi Kenangan - Ruko Bawakaraeng Makassar,Kedai Kopi,"Jl. G. Bawakaraeng, Maccini Gusung, Kec. Bontoala, Kota Makassar, Sulawesi Selatan 90144, Indonesia",Makassar,-5.1349286,119.4271069,"VC8G+2R Maccini Gusung, Kota Makassar, Sulawesi Selatan, Indonesia",4.5,120,+628176562108,http://www.kopikenangan.com/,https://lh3.googleusercontent.com/gps-cs-s/AHRPTWnSJgNyztXLfvyTq4FJtXST9j1LAKlHgNavN4QCmEXHrkUbIr5w_IuPvvZboHcPSnvx7L35Lcys7HQQbQTNt7izUxOMnpUN0cOszub05RHoHWxRadV2x1rQp65nhkDamw_DE3s=w408-h904-k-no,"Senin,07.00 hingga 22.00 | Selasa,07.00 hingga 22.00 | Rabu,07.00 hingga 22.00 | Kamis,07.00 hingga 22.00 | Jumat,07.00 hingga 22.00 | Sabtu,07.00 hingga 22.00 | Minggu,07.00 hingga 22.00",https://www.google.com/maps/place/Kopi+Kenangan+-+Ruko+Bawakaraeng+Makassar/data=!4m7!3m6!1s0x2dbefd038d71e013:0xb7858e9827a2402a!8m2!3d-5.1349286!4d119.4271069!16s%2Fg%2F11qbksx85n!19sChIJE-BxjQP9vi0RKkCiJ5iOhbc,kedai kopi Makassar
280,Baree Coffee,Kedai Kopi,"Jl. Adiyaksa, Masale, Kec. Panakkukang, Kota Makassar, Sulawesi Selatan 90231, Indonesia",Makassar,-5.1617986,119.4448199,"RCQV+7W Masale, Kota Makassar, Sulawesi Selatan, Indonesia",4.4,115,+6288905715447,https://www.instagram.com/bareecoffee,https://lh3.googleusercontent.com/gps-cs-s/AHRPTWkZQWmWK4OGrKDscT1JILXwUyNZ8AYPdqdUrSwjzE_LQ_KnC5POn4A9ErMvZpcgAPsrmqZTz3i7Qa5pBpvDdBsL6wKXryjY1NiFPtHqUC3ReTpF6aIu8CsyTtuaJhHy3FWXUnd6qih9U5Di=w408-h511-k-no,"Senin,07.00 hingga 00.00 | Selasa,07.00 hingga 00.00 | Rabu,07.00 hingga 00.00 | Kamis,07.00 hingga 00.00 | Jumat,07.00 hingga 00.00 | Sabtu,07.00 hingga 00.00 | Minggu,07.00 hingga 00.00",https://www.google.com/maps/place/Baree+Coffee/data=!4m7!3m6!1s0x2dbee388e7de331d:0x5e62cc906347723!8m2!3d-5.1617986!4d119.4448199!16s%2Fg%2F11x04kv1xk!19sChIJHTPe54jjvi0RI3c0Bsks5gU,kedai kopi Makassar | coffee shop Makassar
281,Kopi Quatro,Kedai Kopi,"Jl. Abdullah Daeng Sirua No.269, Pandang, Kec. Panakkukang, Kota Makassar, Sulawesi Selatan 90231, Indonesia",Makassar,-5.1508025,119.4532212,"RFX3+M7 Pandang, Kota Makassar, Sulawesi Selatan, Indonesia",5,29,+6281347438091,,https://lh3.googleusercontent.com/gps-cs-s/AHRPTWkKeSeIB5Qoq-L1RAlhYIjCL2F114CkUJcfEoYE3YUGXot8EmtxWE9eQNSMr8puqEAHOirsS3DtPAVIaSTtNhgBdz-IQbMdYUQ515WWod04kriFYXSXn-2IuPPvV3LjfTAkZScuTeKu35cv=w408-h544-k-no,"Senin,08.30 hingga 19.30 | Selasa,08.30 hingga 19.30 | Rabu,08.30 hingga 19.30 | Kamis,08.30 hingga 19.30 | Jumat,08.30 hingga 19.30 | Sabtu,08.30 hingga 19.30 | Minggu,08.30 hingga 19.30",https://www.google.com/maps/place/Kopi+Quatro/data=!4m7!3m6!1s0x2dbee30055f71f29:0xa3d09458fcf6b753!8m2!3d-5.1508025!4d119.4532212!16s%2Fg%2F11yzp9ppg9!19sChIJKR_3VQDjvi0RU7f2_FiU0KM,kedai kopi Makassar
282,Kopi Kenangan - SPBU 74.902.25 Pengayoman Makassar,Kedai Kopi,"Jl. Pengayoman No.20, Masale, Kec. Panakkukang, Kota Makassar, Sulawesi Selatan 90231, Indonesia",Makassar,-5.158691,119.440237,"RCRR+G3 Masale, Kota Makassar, Sulawesi Selatan, Indonesia",4.8,29,+628179275282,http://www.kopikenangan.com/,https://lh3.googleusercontent.com/gps-cs-s/AHRPTWmhTrM8o5ePBaWf8sc4wXfsq3l45yMDwelee5OHVHzu-EE9Sd8oTbG8tq-jBONNWbhMq6F0xieePxa5t_4byaAn_j7wuqeq_OBYvm0EgHryaBeZ-EkuQZIipywlIkr8wnEXEqo1=w426-h240-k-no,,https://www.google.com/maps/place/Kopi+Kenangan+-+SPBU+74.902.25+Pengayoman+Makassar/data=!4m7!3m6!1s0x2dbee38744d70d7f:0x2e9c92ab6117f0db!8m2!3d-5.158691!4d119.440237!16s%2Fg%2F11tk767h12!19sChIJfw3XRIfjvi0R2_AXYauSnC4,kedai kopi Makassar
283,Tempat Baru Kedai Kopi,Kedai Kopi,"Jl. Muh. Tahir No.24, Jongaya, Kec. Tamalate, Kota Makassar, Sulawesi Selatan 90223, Indonesia",Makassar,-5.1754572,119.4171944,"RCF8+RV Jongaya, Kota Makassar, Sulawesi Selatan, Indonesia",4.7,31,+62811451986,http://www.tempatbaru.id/,https://lh3.googleusercontent.com/gps-cs-s/AHRPTWmMzVtfFhJLDrmnGmTQn5-0gycgsBUoIOi2BBr4q_-ho4aKy6maaSXMesvSvu-HLA00rNE2ir99FxJS6zwkDZ_aCep3_baPA1Z2ERwDfLVoqvDirKLbCTi4iJj0PM9Rotcjpwmn=w408-h725-k-no,"Senin,09.00 hingga 23.00 | Selasa,09.00 hingga 23.00 | Rabu,09.00 hingga 23.00 | Kamis,09.00 hingga 23.00 | Jumat,09.00 hingga 23.00 | Sabtu,09.00 hingga 00.00 | Minggu,09.00 hingga 23.00",https://www.google.com/maps/place/Tempat+Baru+Kedai+Kopi/data=!4m7!3m6!1s0x2dbf1d5e1d10ef0d:0x2e5a555ac81808d0!8m2!3d-5.1754572!4d119.4171944!16s%2Fg%2F11pdjgj302!19sChIJDe8QHV4dvy0R0AgYyFpVWi4,kedai kopi Makassar
284,Beranda Kopi,Kedai Kopi,"Jl. Mallengkeri Raya No.115, Mangasa, Kec. Tamalate, Kota Makassar, Sulawesi Selatan 90224, Indonesia",Makassar,-5.188087,119.435311,"RC6P+Q4 Mangasa, Kota Makassar, Sulawesi Selatan, Indonesia",4.8,19,,,https://lh3.googleusercontent.com/gps-cs-s/AHRPTWkEJC2DftPu-8nL4Ty2KeXU-TT4xXkoEPA72vy3f9TT8p9bFJIqprRKWbkZggVEbzx8Md2D5Nt14MfX4pOa6WeLGsnKL-vySlWb4rqQOzU_L6wBylGVufvbTSog6W0u-Wo1B-Zh=w408-h544-k-no,"Senin,09.00 hingga 00.00 | Selasa,09.00 hingga 00.00 | Rabu,09.00 hingga 00.00 | Kamis,09.00 hingga 00.00 | Jumat,09.00 hingga 00.00 | Sabtu,09.00 hingga 00.00 | Minggu,09.00 hingga 00.00",https://www.google.com/maps/place/Beranda+Kopi/data=!4m7!3m6!1s0x2dbee3b9c36ada3b:0xb48e0cd88a7339a2!8m2!3d-5.188087!4d119.435311!16s%2Fg%2F11pzx30gpr!19sChIJO9pqw7njvi0RojlzitgMjrQ,kedai kopi Makassar
285,Kopi Kenangan - Ruko Landak Makassar,Kedai Kopi,"Jl. Andi Djemma No.76, Banta-Bantaeng, Kec. Rappocini, Kota Makassar, Sulawesi Selatan 90222, Indonesia",Makassar,-5.1640194,119.4245252,"RCPF+9R Banta-Bantaeng, Kota Makassar, Sulawesi Selatan, Indonesia",4.3,146,+628179275228,http://www.kopikenangan.com/,https://lh3.googleusercontent.com/gps-cs-s/AHRPTWlOleOwPbK84dNAX9GzoCvaakrUaUBZBcP5Q_8Uu67YxFGmiX5-_xlUhidAhUGRw9og8MtI3VZIsSArov34tCmYpt3nU4KRNpYzajrtcxRKh25d58a6nGGLbGsbB0Gx_7gDhm5fcg=w408-h544-k-no,"Senin,07.00 hingga 22.00 | Selasa,07.00 hingga 22.00 | Rabu,07.00 hingga 22.00 | Kamis,07.00 hingga 22.00 | Jumat,07.00 hingga 22.00 | Sabtu,07.00 hingga 22.00 | Minggu,07.00 hingga 22.00",https://www.google.com/maps/place/Kopi+Kenangan+-+Ruko+Landak+Makassar/data=!4m7!3m6!1s0x2dbee384775ac237:0xd420e66551cf4b83!8m2!3d-5.1640194!4d119.4245252!16s%2Fg%2F11t9lhwvqh!19sChIJN8Jad4Tjvi0Rg0vPUWXmINQ,kedai kopi Makassar
286,Kopi Terindah,Kedai Kopi,"VC68+GG8, Jl. Gn. Lompobattang, Pisang Utara, Kec. Ujung Pandang, Kota Makassar, Sulawesi Selatan 90157, Indonesia",Makassar,-5.1387125,119.4163333,,5,14,+62882019294231,,https://lh3.googleusercontent.com/gps-cs-s/AHRPTWncFVOsSDuoMIf6P3ZeqtfSbJQLRUWGKCpEbjMQq6USRBmK3h2ycKwZXQemv68asMuf4BDYZDTyePVd8_3s5Yn_ufJDQzL18EZ2dUQBHG_H5TOSNkPWsvm13u75avkJE2Eyd2vqgS-dyF0w=w408-h544-k-no,"Senin,Tutup | Selasa,09.00 hingga 21.30 | Rabu,09.10 hingga 21.30 | Kamis,09.00 hingga 21.30 | Jumat,09.30 hingga 21.30 | Sabtu,09.00 hingga 21.30 | Minggu,09.30 hingga 21.30",https://www.google.com/maps/place/Kopi+Terindah/data=!4m7!3m6!1s0x2dbf0300455878ab:0x9a1950423dec018e!8m2!3d-5.1387125!4d119.4163333!16s%2Fg%2F11ypklxwm1!19sChIJq3hYRQADvy0RjgHsPUJQGZo,kedai kopi Makassar
287,dari kopi,Kedai Kopi,"Jl. Kakatua 2 No.57, Parang, Kec. Mamajang, Kota Makassar, Sulawesi Selatan 90122, Indonesia",Makassar,-5.1639458,119.4160058,"RCP8+CC Parang, Kota Makassar, Sulawesi Selatan, Indonesia",4.4,112,+33618077239,,https://lh3.googleusercontent.com/gps-cs-s/AHRPTWkehJTodRdV4HbX7fh6PfCF4HB70EYfsVfWAH-pfBkl-RFQ0XQlPP_Vgv2i3-vU-ZzSIFX-Nqbnl53ynfEZR7DFd4nDm2sEB15ZWfQbqnTpIpdwu6TyYaBHMrqjm3XKrIqUZwJY=w408-h544-k-no,"Senin,07.30 hingga 22.00 | Selasa,07.30 hingga 22.00 | Rabu,07.30 hingga 22.00 | Kamis,07.30 hingga 22.00 | Jumat,07.30 hingga 22.00 | Sabtu,07.30 hingga 22.00 | Minggu,07.30 hingga 22.00",https://www.google.com/maps/place/dari+kopi/data=!4m7!3m6!1s0x2dbf1d455983a89f:0xaa35e4db6b17729e!8m2!3d-5.1639458!4d119.4160058!16s%2Fg%2F11tg5s8r9r!19sChIJn6iDWUUdvy0RnnIXa9vkNao,kedai kopi Makassar
288,Kopi Kenangan - Ruko Cendrawasih Makassar,Kedai Kopi,"RCG6+H38, Jl. Opu Daeng Risadju, Sambung Jawa, Kec. Mamajang, Kota Makassar, Sulawesi Selatan 90126, Indonesia",Makassar,-5.1734284,119.4099561,,4.2,210,+628176562112,http://www.kopikenangan.com/,https://lh3.googleusercontent.com/gps-cs-s/AHRPTWkXZqK5S9q1tv9LiU05V1Isbc63oms6TOJsV44t78th6FXOpLOxaJhUTAryg_gYG_HbgpaaCOsSyCacNzoS9ZO32mqIZnU2uvWokIrz84VIByAc9JqhpKj5SSFBfrY9Wt3bDVd1ey1Hf74=w408-h725-k-no,"Senin,07.00 hingga 22.00 | Selasa,07.00 hingga 22.00 | Rabu,07.00 hingga 22.00 | Kamis,07.00 hingga 22.00 | Jumat,07.00 hingga 22.00 | Sabtu,07.00 hingga 22.00 | Minggu,07.00 hingga 22.00",https://www.google.com/maps/place/Kopi+Kenangan+-+Ruko+Cendrawasih+Makassar/data=!4m7!3m6!1s0x2dbf1d23e40c4fa9:0xdbc937369cb2a3e3!8m2!3d-5.1734284!4d119.4099561!16s%2Fg%2F11rzbdnnm5!19sChIJqU8M5CMdvy0R46OynDY3yds,kedai kopi Makassar
289,Jual Kopi Toraja | Jual Kopi Kalosi | Alat Kopi | Anoaco Roastery,Toko kopi,"samping SD, Jl. Abdullah Daeng Sirua No.136, Tamamaung, Kec. Panakkukang, Kota Makassar, Sulawesi Selatan 90221, Indonesia",Makassar,-5.1507539,119.4441434,"RCXV+MM Tamamaung, Kota Makassar, Sulawesi Selatan, Indonesia",4.5,108,+628114681177,,https://lh3.googleusercontent.com/gps-cs-s/AHRPTWnOSK6hg4M18PcfTf8ctCeW6wV_IcVQJggN4U3LsHAstQa4rfBbVh_HNYgGu0GLadwrNoraSFfyxjktUu1ycoo6c2QkMo2N9ahvVGBkJpjkuW6z6AP9tc434aY3kd6zPxCJhqZOiwq_4ewR=w408-h541-k-no,"Senin,08.30 hingga 21.00 | Selasa,08.30 hingga 21.00 | Rabu,08.30 hingga 21.00 | Kamis,08.30 hingga 21.00 | Jumat,08.30 hingga 21.00 | Sabtu,08.30 hingga 21.00 | Minggu,Tutup",https://www.google.com/maps/place/Jual+Kopi+Toraja+%7C+Jual+Kopi+Kalosi+%7C+Alat+Kopi+%7C+Anoaco+Roastery/data=!4m7!3m6!1s0x2dbee3067fc8be1d:0x2a9456f79e67801c!8m2!3d-5.1507539!4d119.4441434!16s%2Fg%2F11gk3bl4s6!19sChIJHb7Ifwbjvi0RHIBnnvdWlCo,kedai kopi Makassar
290,ARNUM Warung Kopi,Kedai Kopi,"Jl. Tupai No.2, Mamajang Luar, Kec. Mamajang, Kota Makassar, Sulawesi Selatan 90132, Indonesia",Makassar,-5.1562167,119.4210161,"RCVC+GC Mamajang Luar, Kota Makassar, Sulawesi Selatan, Indonesia",4.7,309,,,https://lh3.googleusercontent.com/gps-cs-s/AHRPTWnt6m8gOTkEKiyzAqupMYHGuSMmiJiZ-fFrh5jnS0d3yn6KxdOxpZ3jgeHf2bK0ziX_0UlN-icHapqZGVW847LEkPnIhbj2DhfE_X4m3RKLl1H0-Qsy6n77X8eRAWyiDZvSS2EcwRdKPyTH=w408-h544-k-no,"Senin,07.00 hingga 22.00 | Selasa,07.00 hingga 22.00 | Rabu,07.00 hingga 22.00 | Kamis,07.00 hingga 22.00 | Jumat,07.00 hingga 22.00 | Sabtu,07.00 hingga 22.00 | Minggu,07.00 hingga 22.00",https://www.google.com/maps/place/ARNUM+Warung+Kopi/data=!4m7!3m6!1s0x2dbee37b192f4b39:0x9dbed9ba48e293ed!8m2!3d-5.1562167!4d119.4210161!16s%2Fg%2F11q9jlmtzx!19sChIJOUsvGXvjvi0R7ZPiSLrZvp0,kedai kopi Makassar
291,Kedai Innong,Kedai Kopi,"Jl. Riburane No.3, Bulo Gading, Kec. Ujung Pandang, Kota Makassar, Sulawesi Selatan 90171, Indonesia",Makassar,-5.132407,119.406228,"VC94+2F Bulo Gading, Kota Makassar, Sulawesi Selatan, Indonesia",4.5,1376,+624113622646,http://www.rri.co.id/makassar/home.html,https://lh3.googleusercontent.com/gps-cs-s/AHRPTWn0F9wWEsB6JxCfOeCHMeo2UgKsIGYeZPGanRyMmpZ9CFfm3_pjPz-2VCNOxR_4IwiO18qeCPLeoFSCoaDrgIC1THPpZE6qV_KRMVh2YzM3PmCgrnhlyjnVoyQZ2p4c6FI7VyGwNg=w408-h539-k-no,"Senin,09.00 hingga 22.00 | Selasa,09.00 hingga 22.00 | Rabu,09.00 hingga 22.00 | Kamis,09.00 hingga 22.00 | Jumat,09.00 hingga 22.00 | Sabtu,11.30 hingga 22.00 | Minggu,12.00 hingga 22.00",https://www.google.com/maps/place/Kedai+Innong/data=!4m7!3m6!1s0x2dbf02bac9c515c5:0x14e4c72fe4717042!8m2!3d-5.132407!4d119.406228!16s%2Fg%2F1trry3tk!19sChIJxRXFyboCvy0RQnBx5C_H5BQ,kedai kopi Makassar
292,OMAHA COFFEE,Kedai Kopi,"Jl. Hertasning Blk. E10 No.6d, Tidung, Kec. Rappocini, Kota Makassar, Sulawesi Selatan 90231, Indonesia",Makassar,-5.1643501,119.4399759,"RCPQ+7X Tidung, Kota Makassar, Sulawesi Selatan, Indonesia",4.7,39,,https://www.instagram.com/omaha.coffee?igsh=MTZwaWJteXQ3NnZ6Mw==,https://lh3.googleusercontent.com/gps-cs-s/AHRPTWmdPtAMu_wSwpMIt3L70eKL7T-CP_KjDkexm2si6DGYzlAGpECEe_-BAJSQLUroMdHT0VuifSrQimMUS9Z1BQ9ipWp-Sx_lKfT3RndfzuZCpOKugXLHxcJ7OxYOQbeLb03HuKM6hWAaAB0=w408-h725-k-no,,https://www.google.com/maps/place/OMAHA+COFFEE/data=!4m7!3m6!1s0x2dbee300057684db:0xee7944d8c52108d3!8m2!3d-5.1643501!4d119.4399759!16s%2Fg%2F11wqs2h828!19sChIJ24R2BQDjvi0R0wghxdhEee4,kedai kopi Makassar | coffee shop Makassar
293,POINT KOPI MAKASSAR,Kedai Kopi,"Jl Poros Paccerakkang No.146, Paccerakkang, Kec. Biringkanaya, Kota Makassar, Sulawesi Selatan 90241, Indonesia",Makassar,-5.1185141,119.5209194,"VGJC+H9 Paccerakkang, Kota Makassar, Sulawesi Selatan, Indonesia",4.8,52,+6285341920202,,https://lh3.googleusercontent.com/gps-cs-s/AHRPTWlhTkqwjhBLVP2R-ifCcVs2DNeDOM2IsSpp67rHrkTtIh-RF_OWdZFrnGq1FunLORhQMykWrPz1hRkRzDKzqD8QscHLIMb-9D4TBb-dWfr3eywKADVW-HLDn3JuVBdlbOBGmsdn=w408-h306-k-no,"Senin,08.00 hingga 02.00 | Selasa,08.00 hingga 02.00 | Rabu,08.00 hingga 02.00 | Kamis,08.00 hingga 02.00 | Jumat,08.00 hingga 02.00 | Sabtu,08.00 hingga 02.00 | Minggu,09.00 hingga 02.00",https://www.google.com/maps/place/POINT+KOPI+MAKASSAR/data=!4m7!3m6!1s0x2dbefb36a63cfda7:0xb314ed0d0e75482d!8m2!3d-5.1185141!4d119.5209194!16s%2Fg%2F11j7hytj_j!19sChIJp_08pjb7vi0RLUh1Dg3tFLM,kedai kopi Makassar
294,Kopi Kenangan - SPBU Pertamina (Andalas Makassar),Kedai Kopi,"SPBU Pertamina 74, Jl. Andalas No.149 901.09, Parang Layang, Kec. Bontoala, Kota Makassar, Sulawesi Selatan 90165, Indonesia",Makassar,-5.1248866,119.4181597,"VCG9+27 Parang Layang, Kota Makassar, Sulawesi Selatan, Indonesia",4.4,76,+628170739096,http://www.kopikenangan.com/,https://lh3.googleusercontent.com/gps-cs-s/AHRPTWls2yR44JFGzJYfz0lP-LH55waJ9bcDZKnPLOFCmmiVPowh52Hl8qcJpjGg3bxEQpmfbDMbwKptwxFfaBQiE4wEKzj6P1ydb_qjhtqdapB0o6J6j-JC4VK3vosKf6p_fsiHjOf1=w408-h306-k-no,"Senin,07.00 hingga 22.00 | Selasa,07.00 hingga 22.00 | Rabu,07.00 hingga 22.00 | Kamis,07.00 hingga 22.00 | Jumat,07.00 hingga 22.00 | Sabtu,07.00 hingga 22.00 | Minggu,07.00 hingga 22.00",https://www.google.com/maps/place/Kopi+Kenangan+-+SPBU+Pertamina+%28Andalas+Makassar%29/data=!4m7!3m6!1s0x2dbefdeb06f209ef:0x94b8af8e61243c30!8m2!3d-5.1248866!4d119.4181597!16s%2Fg%2F11mb0hcsgy!19sChIJ7wnyBuv9vi0RMDwkYY6vuJQ,kedai kopi Makassar
295,Akademi Kopi Makassar,Kedai Kopi,"RFX3+R29, Jl. HJ. Saripa Raya, Karampuang, Kec. Panakkukang, Kota Makassar, Sulawesi Selatan 90231, Indonesia",Makassar,-5.150452,119.4526156,,4.8,10,+628114564850,,https://lh3.googleusercontent.com/gps-cs-s/AHRPTWm3z5RWLLaN8OQWY-pd7Z8pUtSX5a9YG8ox2TZejNCvbxCGl2SMIYy3ihVldhLvGPksATQl5QgzJP04OTPO7dCWo6TeJwI-Nlb4DAMEjnT8WxQDPXMLI6tdh91iESmIrPV-9o_AMA=w408-h306-k-no,"Senin,10.00 hingga 22.00 | Selasa,10.00 hingga 20.00 | Rabu,10.00 hingga 22.00 | Kamis,10.00 hingga 22.00 | Jumat,10.00 hingga 22.00 | Sabtu,10.00 hingga 22.00 | Minggu,Tutup",https://www.google.com/maps/place/Akademi+Kopi+Makassar/data=!4m7!3m6!1s0x2dbee30c699be165:0x7107985cf08a13fb!8m2!3d-5.150452!4d119.4526156!16s%2Fg%2F11mhgnrlhp!19sChIJZeGbaQzjvi0R-xOK8FyYB3E,kedai kopi Makassar
296,Kopi Tua Makassar Kota,Stan Kopi,"Jl. Serigala No.19, Mandala, Kec. Mamajang, Kota Makassar, Sulawesi Selatan 90135, Indonesia",Makassar,-5.1572109,119.4218899,"RCVC+4Q Mandala, Kota Makassar, Sulawesi Selatan, Indonesia",4.9,12,+6281341375210,,https://lh3.googleusercontent.com/gps-cs-s/AHRPTWnNxJTcMzcNioiKIPlkflWaqb33QGqwme-PVsWSOajLBVHKbSNBY-EdiPtwZ0wgD2cqiIMOamwKi6d6F2ehTo1Dw5UWdHXxNJv8QkfGhW0tgPfIksFXf4ehqDZdr2a2hkJ4ng=w408-h816-k-no,"Senin,07.00 hingga 22.00 | Selasa,07.00 hingga 22.00 | Rabu,07.30 hingga 22.00 | Kamis,07.00 hingga 22.00 | Jumat,07.00 hingga 22.00 | Sabtu,09.00 hingga 22.00 | Minggu,07.00 hingga 22.00",https://www.google.com/maps/place/Kopi+Tua+Makassar+Kota/data=!4m7!3m6!1s0x2dbee383eecffc57:0xe3ec5a84557cfb93!8m2!3d-5.1572109!4d119.4218899!16s%2Fg%2F11tft9w36c!19sChIJV_zP7oPjvi0Rk_t8VYRa7OM,kedai kopi Makassar
297,Lidi Kopi,Kedai Kopi,"Jl. Rusa No.41, Maricaya, Kec. Makassar, Kota Makassar, Sulawesi Selatan 90142, Indonesia",Makassar,-5.1506087,119.421881,"RCXC+QQ Maricaya, Kota Makassar, Sulawesi Selatan, Indonesia",4.6,158,+6282190900889,,https://lh3.googleusercontent.com/gps-cs-s/AHRPTWmNHrIehExWEyAv3BiMOWdIJq76nEhjlNC-E7cumUWx31qXMZCNaQoMZU4lo5HYtDr7Gz24c0bY_U2NB-qv4IrtnYW9egi-zD6t-jeb8Jkng4UsAPhKpNwgKgDpDFY0MmIfGwGC-w=w408-h544-k-no,"Senin,07.00 hingga 22.00 | Selasa,07.00 hingga 22.00 | Rabu,07.00 hingga 22.00 | Kamis,07.00 hingga 22.00 | Jumat,07.00 hingga 22.00 | Sabtu,07.00 hingga 22.00 | Minggu,07.00 hingga 22.00",https://www.google.com/maps/place/Lidi+Kopi/data=!4m7!3m6!1s0x2dbee3cedb83c42f:0x34f66d42d3af1f9b!8m2!3d-5.1506087!4d119.421881!16s%2Fg%2F11k3g_svk_!19sChIJL8SD287jvi0Rmx-v00Jt9jQ,kedai kopi Makassar
298,PHOENAM,Kedai Kopi,"BLOK. F, Ruko Topaz, Jl. Boulevard F No.33, Masale, Kec. Panakkukang, Kota Makassar, Sulawesi Selatan 90233, Indonesia",Makassar,-5.155147,119.4404195,"RCVR+W5 Masale, Kota Makassar, Sulawesi Selatan, Indonesia",4.5,653,+62411435685,,https://lh3.googleusercontent.com/gps-cs-s/AHRPTWmg2YMMgSTLIacU1tZuasfqhmEw6AD1ixveb6pDiodyf40JQOfv9soZDIigYP9VYpblsOkWNueNQLcFjpa7lGmfoWkzHlEDxXQ1rg-kijcO3BZNatwav1p0bZy8IlYO5yHf_2WWefKT9El8=w408-h724-k-no,"Senin,06.10 hingga 18.00 | Selasa,06.10 hingga 18.00 | Rabu,06.10 hingga 18.00 | Kamis,06.10 hingga 18.00 | Jumat,06.10 hingga 18.00 | Sabtu,06.10 hingga 18.00 | Minggu,06.10 hingga 12.00",https://www.google.com/maps/place/PHOENAM/data=!4m7!3m6!1s0x2dbee2c1714feb77:0xdc450bb4479faebf!8m2!3d-5.155147!4d119.4404195!16s%2Fg%2F1pzs6jj7s!19sChIJd-tPccHivi0Rv66fR7QLRdw,kedai kopi Makassar
299,Kedai Kopi 147,Kafe,"RCR8+PQP, Jl. DR. Ratulangi Kompleks Mess NALA No.59, Mandala, Bonto Biraeng, Kec. Mamajang, Kota Makassar, Sulawesi Selatan 90125, Indonesia",Makassar,-5.1581635,119.4170083,,4.6,57,,,https://lh3.googleusercontent.com/gps-cs-s/AHRPTWndJELDQTiEpBLI1fd_IryW5CqxGs5fUsUk_Sd_SApMmFzPiiSkPUkUj6mwiNiz0rlz3VUYr0BBVCj_4O42AqvOPn1gb0gjXzn8ZTDYE0uPKTvqWhlzyDeVud4ufofAXfLR9l0L=w424-h240-k-no,"Senin,Buka 24 jam | Selasa,Buka 24 jam | Rabu,Buka 24 jam | Kamis,Buka 24 jam | Jumat,Buka 24 jam | Sabtu,Buka 24 jam | Minggu,Buka 24 jam",https://www.google.com/maps/place/Kedai+Kopi+147/data=!4m7!3m6!1s0x2dbf1d485caa8e3b:0xd031943183758e72!8m2!3d-5.1581635!4d119.4170083!16s%2Fg%2F11fj32qsnf!19sChIJO46qXEgdvy0Rco51gzGUMdA,kedai kopi Makassar
300,Gudang Coffee Beer Makassar,Kedai Kopi,"Jl. Cambajawayya No.13, Tello Baru, Kec. Panakkukang, Kota Makassar, Sulawesi Selatan 90233, Indonesia",Makassar,-5.1469831,119.4680497,"VF39+66 Tello Baru, Kota Makassar, Sulawesi Selatan, Indonesia",5,1,,https://instagram.com/coffeebeer_makassar?utm_medium=copy_link,https://lh3.googleusercontent.com/gps-cs-s/AHRPTWkFRoQb1vYgqprYhVA6h0v4eqxfu_UHU170GQ_B0Oqu4JxdzMJ-U7EKKQvd7i-yUPEpFlYREdzEFgBruKiT_IIgmbcrptPVrnpa98idz_hAcapOxpfg8lmYtWpzwams0XOtGA-kTA=w408-h544-k-no,"Senin,Buka 24 jam | Selasa,Buka 24 jam | Rabu,Buka 24 jam | Kamis,Buka 24 jam | Jumat,Buka 24 jam | Sabtu,Buka 24 jam | Minggu,Buka 24 jam",https://www.google.com/maps/place/Gudang+Coffee+Beer+Makassar/data=!4m7!3m6!1s0x2dbee3859c27a5ad:0x72d03351cf8a5bb1!8m2!3d-5.1469831!4d119.4680497!16s%2Fg%2F11qgyrfq0x!19sChIJraUnnIXjvi0RsVuKz1Ez0HI,kedai kopi Makassar
301,Kedai Kopi Geladeri,Kedai Kopi,"Jl. Mapala Raya No.1 Blk A2, RW.2, Tidung, Kec. Rappocini, Kota Makassar, Sulawesi Selatan 90222, Indonesia",Makassar,-5.1684587,119.4385711,"RCJQ+JC Tidung, Kota Makassar, Sulawesi Selatan, Indonesia",5,23,+6285222212356,,https://lh3.googleusercontent.com/gps-cs-s/AHRPTWm-r2TGPMtwg-8vRr5NzIgye7RICjmuCtR9DJm4AKodbw-iQLtLCuO4liQBTRPSk_al2p8Ceg_XdxFFTdyn5-aR5Bw_-fuCiyrdcnb3tIUjllgePjjmCE65TbjW_J2FI-8hIDzi=w408-h306-k-no,"Senin,Buka 24 jam | Selasa,Buka 24 jam | Rabu,Buka 24 jam | Kamis,Buka 24 jam | Jumat,Buka 24 jam | Sabtu,Buka 24 jam | Minggu,Buka 24 jam",https://www.google.com/maps/place/Kedai+Kopi+Geladeri/data=!4m7!3m6!1s0x2dbee32880638801:0x6c66be512fa9678!8m2!3d-5.1684587!4d119.4385711!16s%2Fg%2F11w2k029xn!19sChIJAYhjgCjjvi0ReJb6EuVrxgY,kedai kopi Makassar
302,Disini Kopi Makassar,Kedai Kopi,"Jl. Tupai No.50, Bonto Biraeng, Kec. Mamajang, Kota Makassar, Sulawesi Selatan 90132, Indonesia",Makassar,-5.159082,119.4203243,"RCRC+94 Bonto Biraeng, Kota Makassar, Sulawesi Selatan, Indonesia",4.6,17,,,https://lh3.googleusercontent.com/gps-cs-s/AHRPTWlAFVDHxNBQopT7vd4b1vOrC0jKqr2Vrd04jioAIwOmy430VUXzUdGSBvSZgEVfRI8jfVuCtd5H3ymWkTwbl0lWlRDaffvKzNhlzS0g8l82SfcE0X-Je1y7QVEkDAuprc-OkQ=w408-h306-k-no,"Senin,08.00 hingga 20.00 | Selasa,08.00 hingga 20.00 | Rabu,08.00 hingga 20.00 | Kamis,08.00 hingga 20.00 | Jumat,08.00 hingga 20.00 | Sabtu,08.00 hingga 20.00 | Minggu,07.00 hingga 13.00",https://www.google.com/maps/place/Disini+Kopi+Makassar/data=!4m7!3m6!1s0x2dbee3b06f723f1f:0x60c508c35467b507!8m2!3d-5.159082!4d119.4203243!16s%2Fg%2F11j_y__d9v!19sChIJHz9yb7Djvi0RB7VnVMMIxWA,kedai kopi Makassar
303,TEMPAT NGOPI,Kafe,"Jl. Toddopuli Raya No.15, Pandang, Kec. Panakkukang, Kota Makassar, Sulawesi Selatan 90222, Indonesia",Makassar,-5.1656583,119.4497163,"RCMX+PV Pandang, Kota Makassar, Sulawesi Selatan, Indonesia",4.8,59,,,https://lh3.googleusercontent.com/gps-cs-s/AHRPTWnFsB0N5CdHQ2DWOaq-d_kyOAeL9mPNInVK_xUx5FyuqaHBWPlyjDeOMmRc6wKWiR4PmqaqZh2QltUo2XuS4dUn4tMRqhrc0SMV4Vd2f2w6zWlnrnBB21XDAJ80o7IMhfA6C6Ah3Q=w408-h544-k-no,"Senin,01.00 hingga 00.00 | Selasa,01.00 hingga 00.00 | Rabu,01.00 hingga 00.00 | Kamis,01.00 hingga 00.00 | Jumat,01.00 hingga 00.00 | Sabtu,01.00 hingga 00.00 | Minggu,10.00 hingga 00.00",https://www.google.com/maps/place/TEMPAT+NGOPI/data=!4m7!3m6!1s0x2dbee3bb14dcfa83:0x387d491893199575!8m2!3d-5.1656583!4d119.4497163!16s%2Fg%2F11jp1pz3yp!19sChIJg_rcFLvjvi0RdZUZkxhJfTg,kedai kopi Makassar
304,Suhu Kopi Makassar,Kedai Kopi,"Jl. Gunung Latimojong No.103C no. 2, Maradekaya, Makassar, Makassar City, South Sulawesi 90157, Indonesia",,-5.1435721,119.4213723,"VC4C+HG Maradekaya, Kota Makassar, Sulawesi Selatan, Indonesia",4.6,26,,https://instagram.com/suhu_kopi?utm_medium=copy_link,https://lh3.googleusercontent.com/gps-cs-s/AHRPTWk5qjhnHrf26CiJnuMKmSYuFwW395AgWgzodhL-1Jiatwm6bbIDa6s8D6qS9LkZl9lN9ghPVatXrBAh-QigI5khd21lfjnLIwQu-fzpBeD0sELLKQxsRN1UOCf5oN1cfc-Z1JDfiw=w408-h544-k-no,"Senin,08.00 hingga 21.00 | Selasa,08.00 hingga 21.00 | Rabu,08.00 hingga 21.00 | Kamis,08.00 hingga 21.00 | Jumat,08.00 hingga 21.00 | Sabtu,08.00 hingga 21.00 | Minggu,08.00 hingga 21.00",https://www.google.com/maps/place/Suhu+Kopi+Makassar/data=!4m7!3m6!1s0x2dbee39c2b268509:0x8aa2cc4bd6475465!8m2!3d-5.1435721!4d119.4213723!16s%2Fg%2F11rm_vnz4h!19sChIJCYUmK5zjvi0RZVRH1kvMooo,kedai kopi Makassar
305,Setia Coffee,Kedai Kopi,"Jl. Topaz Raya No.21-22 Blok G, Masale, Kec. Panakkukang, Kota Makassar, Sulawesi Selatan 90231, Indonesia",Makassar,-5.1545608,119.440528,"RCWR+56 Masale, Kota Makassar, Sulawesi Selatan, Indonesia",4.5,45,+6281377308807,,https://lh3.googleusercontent.com/gps-cs-s/AHRPTWkQxq6kloyqTWOtx8FIULKyI-0pYHXVjQ0yWcL-66OgpLapu4F85-qx-NLNvd1ACTbWt8NUqh8kclPyKJ8c1oSwnl_N0h1ykGmsaZZIy5FXkp59KKfjRw5wty_0wU56hVwk4wdw_Q=w408-h725-k-no,"Senin,08.00 hingga 23.00 | Selasa,08.00 hingga 23.00 | Rabu,08.00 hingga 23.00 | Kamis,08.00 hingga 23.00 | Jumat,08.00 hingga 23.00 | Sabtu,08.00 hingga 23.00 | Minggu,08.00 hingga 23.00",https://www.google.com/maps/place/Setia+Coffee/data=!4m7!3m6!1s0x2dbee2b8afe57b7d:0x916164f5d00562ad!8m2!3d-5.1545608!4d119.440528!16s%2Fg%2F11c17wg444!19sChIJfXvlr7jivi0RrWIF0PVkYZE,kedai kopi Makassar
306,Kopi Toraja Gandangbatu,Toko kopi,"MEGA MUTIARA MAKASSAR, Jl. Parumpa No.2 Blok E2, Daya, Kec. Biringkanaya, Kota Makassar, Sulawesi Selatan 90242, Indonesia",Makassar,-5.1138636,119.5056677,"VGP4+F7 Daya, Kota Makassar, Sulawesi Selatan, Indonesia",4.7,127,+6285298524914,https://id.shp.ee/uL8mViEQ,https://lh3.googleusercontent.com/gps-cs-s/AHRPTWkfVJPK9YhL2MhNgPjuSsZb2PBn-gcjM3iCeQucuLDIHhC7X5KZkBGjfCYF3rs_DrCKJWUv35SL7Wsv_vgFhUWRMkno-MCM5YeKTy98DGxw_7u-15wXCGqotR46nIn_K9R8YM7ij8AFTdnP=w408-h544-k-no,"Senin,07.00 hingga 18.00 | Selasa,07.00 hingga 18.00 | Rabu,07.00 hingga 18.00 | Kamis,07.00 hingga 18.00 | Jumat,07.00 hingga 18.00 | Sabtu,07.00 hingga 18.00 | Minggu,13.00 hingga 14.00",https://www.google.com/maps/place/Kopi+Toraja+Gandangbatu/data=!4m7!3m6!1s0x2dbefc9c0d5332fb:0xca6269ff19a78290!8m2!3d-5.1138636!4d119.5056677!16s%2Fg%2F11c31wmb06!19sChIJ-zJTDZz8vi0RkIKnGf9pYso,kedai kopi Makassar
307,Kopi Lorong Makassar,Kedai Kopi,"Jl. Sehati No.26, Karuwisi, Kec. Panakkukang, Kota Makassar, Sulawesi Selatan 90232, Indonesia",Makassar,-5.1412962,119.4376911,"VC5Q+F3 Karuwisi, Kota Makassar, Sulawesi Selatan, Indonesia",4.8,5,+6285343961449,,https://lh3.googleusercontent.com/gps-cs-s/AHRPTWla2X1rqAy-6RgtStCaAw7MyW0mKaPOhUfwmok3StdfCIgjt_npfxqY23dcZ3k1NEM9iFc7KqsGyRrUQ0UTkLoOXuP-c80syoCnCh7BIWNk_TkJfIF8lWsw5QSNV1XrZsGh4so=w408-h572-k-no,"Senin,11.00 hingga 02.00 | Selasa,11.00 hingga 02.00 | Rabu,11.00 hingga 02.00 | Kamis,11.00 hingga 02.00 | Jumat,11.00 hingga 02.00 | Sabtu,11.00 hingga 02.00 | Minggu,11.00 hingga 02.00",https://www.google.com/maps/place/Kopi+Lorong+Makassar/data=!4m7!3m6!1s0x2dbefda47682da89:0x1352d0c5413a9f10!8m2!3d-5.1412962!4d119.4376911!16s%2Fg%2F11mb_k0sw7!19sChIJidqCdqT9vi0REJ86QcXQUhM,kedai kopi Makassar
308,ESSENTIAL COFFEE,Kafe,"Ruko Mirah 2, Jl. Pengayoman, Pandang, Kec. Panakkukang, Kota Makassar, Sulawesi Selatan 90231, Indonesia",Makassar,-5.1608182,119.4491286,"RCQX+MM Pandang, Kota Makassar, Sulawesi Selatan, Indonesia",4.4,22,+6282318674572,https://www.instagram.com/essentialcoffee___?igsh=MW5kcmJwem81Z3pkcQ==,https://lh3.googleusercontent.com/gps-cs-s/AHRPTWl30wZ5bRDwAh2yM3Q2PX9AaVFkcFKI-9je2mwXfJmfAe3L94sS-X-PE0Eh_kwJm24ZK5fUAdJgT9283RThrXX5ifl5Qjduc5TVV5FWNd5PXstEQOaWjpgESUei8oXXQTNvOH2uerPfP8OF=w408-h725-k-no,"Senin,07.00 hingga 23.00 | Selasa,07.00 hingga 23.00 | Rabu,07.00 hingga 23.00 | Kamis,07.00 hingga 23.00 | Jumat,07.00 hingga 23.00 | Sabtu,07.00 hingga 23.00 | Minggu,07.00 hingga 23.00",https://www.google.com/maps/place/ESSENTIAL+COFFEE/data=!4m7!3m6!1s0x2dbee3002dcf8075:0xac65b99ea875867d!8m2!3d-5.1608182!4d119.4491286!16s%2Fg%2F11zbg15d__!19sChIJdYDPLQDjvi0RfYZ1qJ65Zaw,kedai kopi Makassar
309,Pohon kopi,Bar Kopi Espresso,"samping masjid fatul jihad, Jl. Pongtiku, La'latang, Kec. Tallo, Kota Makassar, Sulawesi Selatan 90212, Indonesia",Makassar,-5.129611,119.4303832,"VCCJ+55 La'latang, Kota Makassar, Sulawesi Selatan, Indonesia",4.8,4,+6282384145776,,https://lh3.googleusercontent.com/gps-cs-s/AHRPTWlFEXva8Bo4lQCackHJgSSOqWsWA4A_K480bszvm1br-cXDNbbZ7bv-UamE3UNdOtmbM6MG1GPZneYmFK1L1KeL87YDxzuap6wYYatIYzJuHDj_LesWabiqXqhp3zF1h8H2wn_WgQ=w408-h544-k-no,"Senin,08.00 hingga 00.00 | Selasa,08.00 hingga 00.00 | Rabu,08.00 hingga 00.00 | Kamis,08.00 hingga 00.00 | Jumat,08.00 hingga 00.00 | Sabtu,08.00 hingga 00.00 | Minggu,08.00 hingga 00.00",https://www.google.com/maps/place/Pohon+kopi/data=!4m7!3m6!1s0x2dbefdb759212f0d:0x9ee4ec9e959e17ba!8m2!3d-5.129611!4d119.4303832!16s%2Fg%2F11kskx5gz4!19sChIJDS8hWbf9vi0RuheelZ7s5J4,kedai kopi Makassar
310,Kedai Kopi kulo,Kedai Kopi,"Jl. DR. Leimena No.88, Tello Baru, Kec. Panakkukang, Kota Makassar, Sulawesi Selatan 90234, Indonesia",Makassar,-5.1492518,119.4749424,"VF2F+7X Tello Baru, Kota Makassar, Sulawesi Selatan, Indonesia",4.9,16,,,https://lh3.googleusercontent.com/gps-cs-s/AHRPTWk0D1mXeZ73hkCJKzT3LxOxk_wWH5cVQ7FSlXyfVHgY6fzj1rVL4BY5T_XYYbsyX4xOfmDGMNivuz-p8dpzdKu3imJ61rC9KyzUzsvltk8QdGkNh6Em-PY8zU3tzORISjIFfs8=w435-h240-k-no,"Senin,09.00 hingga 23.00 | Selasa,09.00 hingga 23.00 | Rabu,09.00 hingga 23.00 | Kamis,09.00 hingga 23.00 | Jumat,09.00 hingga 23.00 | Sabtu,09.00 hingga 23.00 | Minggu,09.00 hingga 23.00",https://www.google.com/maps/place/Kedai+Kopi+kulo/data=!4m7!3m6!1s0x2dbee3df7f18c335:0x604c418d71fd0161!8m2!3d-5.1492518!4d119.4749424!16s%2Fg%2F11tn0l5f5m!19sChIJNcMYf9_jvi0RYQH9cY1BTGA,kedai kopi Makassar
311,Warung Kopi Topanri,Kedai Kopi,"Jl. Opu Daeng Risadju No.174, Panambungan, Kec. Mariso, Kota Makassar, Sulawesi Selatan 90122, Indonesia",Makassar,-5.1572361,119.4135991,"RCV7+4C Panambungan, Kota Makassar, Sulawesi Selatan, Indonesia",4.6,99,+6285398269959,,https://lh3.googleusercontent.com/gps-cs-s/AHRPTWlTLJE11BusxEHTXBk2Q4mXA_qIzVROk0HXHIpfFm0Qv1hlN1GVpV8R2D5JpQVR23sI3vhsk9LJNg7U_qHu-Cs59a21aMFVF-rpvmfsOlUQQHDaiW1OpDsKdJJ_uU0M94SxIT_h=w408-h272-k-no,"Senin,Buka 24 jam | Selasa,Buka 24 jam | Rabu,Buka 24 jam | Kamis,Buka 24 jam | Jumat,Buka 24 jam | Sabtu,Buka 24 jam | Minggu,Buka 24 jam",https://www.google.com/maps/place/Warung+Kopi+Topanri/data=!4m7!3m6!1s0x2dbf1d5eead94c77:0x38f5337d055b3550!8m2!3d-5.1572361!4d119.4135991!16s%2Fg%2F11hbjhtvt0!19sChIJd0zZ6l4dvy0RUDVbBX0z9Tg,kedai kopi Makassar
312,Warung Kopi Phoenam Ratulangi,Kedai Kopi,"Jl. DR. Ratulangi No.94, Mario, Kec. Mariso, Kota Makassar, Sulawesi Selatan 90125, Indonesia",Makassar,-5.1576569,119.416314,"RCR8+WG Mario, Kota Makassar, Sulawesi Selatan, Indonesia",4.4,295,,,https://lh3.googleusercontent.com/gps-cs-s/AHRPTWkpnIODghCC2IatpcdniiZO1RZlg0NCRrj6SydFz3hPXQRJXl_Q77MSRvKVD0mvlWmLZx1HmXomxHfbG4ge6x5pG6ZWfOL3cXjSx96xpCjQDcrHy2VdPu0IRmru5il8VkLY-Tb9la7ZO2JX=w408-h306-k-no,"Senin,07.00 hingga 17.00 | Selasa,07.00 hingga 17.00 | Rabu,07.00 hingga 17.00 | Kamis,07.00 hingga 17.00 | Jumat,07.00 hingga 17.00 | Sabtu,07.00 hingga 17.00 | Minggu,07.00 hingga 12.00",https://www.google.com/maps/place/Warung+Kopi+Phoenam+Ratulangi/data=!4m7!3m6!1s0x2dbf1d5f4005b387:0xab7d7df92740c47!8m2!3d-5.1576569!4d119.416314!16s%2Fg%2F11b6zqnlx6!19sChIJh7MFQF8dvy0RRwx0kt_Xtwo,kedai kopi Makassar
313,Kedai Kopi Sudut,Kedai Kopi,"Jl. Pengayoman Komp.Taman Permata Sari. Makassar, Bua Kana, Kec. Rappocini, Kota Makassar, Sulawesi Selatan 90222, Indonesia",Makassar,-5.1592139,119.4373253,"RCRP+8W Bua Kana, Kota Makassar, Sulawesi Selatan, Indonesia",4.8,52,+6282252536060,,https://lh3.googleusercontent.com/gps-cs-s/AHRPTWmRLEbvBF8zQF66cmPr7JRJMVXFLHz8r0jukrrKwphiPLJX9zOaUC7ylZvao1tGHKqbABivsIJG6_OHFF9Y8lASFndbQgJqhfOExuGl2xD1QC48b8mIXe3T65ns0w-v8-wU_jTRew=w408-h725-k-no,"Senin,11.00 hingga 23.00 | Selasa,11.00 hingga 23.00 | Rabu,11.00 hingga 23.00 | Kamis,11.00 hingga 23.00 | Jumat,10.00 hingga 23.00 | Sabtu,11.00 hingga 23.00 | Minggu,11.00 hingga 23.00",https://www.google.com/maps/place/Kedai+Kopi+Sudut/data=!4m7!3m6!1s0x2dbee3a8089fb57d:0xa6e5eac819bc61b3!8m2!3d-5.1592139!4d119.4373253!16s%2Fg%2F11jprqtq8c!19sChIJfbWfCKjjvi0Rs2G8Gcjq5aY,kedai kopi Makassar
314,Kedai Kopi Cengli,Kedai Kopi,"Jl. Datu Museng No.38, Maloku, Kec. Ujung Pandang, Kota Makassar, Sulawesi Selatan 90112, Indonesia",Makassar,-5.1435104,119.4083685,"VC45+H8 Maloku, Kota Makassar, Sulawesi Selatan, Indonesia",5,22,+6287762881915,,https://lh3.googleusercontent.com/gps-cs-s/AHRPTWlibNVKBLRY1KPJL2G2YkjGKh7GGmaVC_pDB2qbdr6h5BTHcfnXcK3q22qAsTTlfkxfAucFddOwf9IJK727d0pGvwj0ttZaFkXLN4daB28KniyHrvBMQEd0V0ASNCukXAue0yIIDnKSKvgR=w408-h544-k-no,"Senin,06.00 hingga 23.30 | Selasa,06.00 hingga 23.30 | Rabu,06.00 hingga 23.30 | Kamis,06.00 hingga 23.30 | Jumat,06.00 hingga 23.30 | Sabtu,06.00 hingga 23.30 | Minggu,06.00 hingga 23.30",https://www.google.com/maps/place/Kedai+Kopi+Cengli/data=!4m7!3m6!1s0x2dbf1d006868ce3d:0x57b573f283988f61!8m2!3d-5.1435104!4d119.4083685!16s%2Fg%2F11vz8xjkgx!19sChIJPc5oaAAdvy0RYY-Yg_JztVc,kedai kopi Makassar
315,Warung Kopi Tirai Bambu,Kedai Kopi,"Jl. Hertasning Bar. No.71, Bonto Makkio, Kec. Rappocini, Kota Makassar, Sulawesi Selatan 90222, Indonesia",Makassar,-5.1674239,119.446381,"RCMW+2H Bonto Makkio, Kota Makassar, Sulawesi Selatan, Indonesia",4.6,200,,,https://lh3.googleusercontent.com/gps-cs-s/AHRPTWk9CrAQ39ctvGcXiaDEyCLV4f90Yi6BKZgubrjeitDHE0DpoJe5svchsC9-oPEKvdFZKgf4Hm3s3m69yI71zgFfr99-DMOTWZts4NbSWWvM2x9jxkc8E62DONE-ESCoD8-YF3mj=w426-h240-k-no,"Senin,07.00 hingga 02.00 | Selasa,07.00 hingga 02.00 | Rabu,07.00 hingga 02.00 | Kamis,07.00 hingga 02.00 | Jumat,07.00 hingga 02.00 | Sabtu,07.00 hingga 02.00 | Minggu,Tutup",https://www.google.com/maps/place/Warung+Kopi+Tirai+Bambu/data=!4m7!3m6!1s0x2dbee2eddcfbcff7:0x44e69d8528adeb1c!8m2!3d-5.1674239!4d119.446381!16s%2Fg%2F11b776l8zn!19sChIJ98_73O3ivi0RHOutKIWd5kQ,kedai kopi Makassar
316,Kopiteori Boulevard,Kedai Kopi,"Ruko Topaz, Jl. Boulevard, Masale, Kec. Panakkukang, Kota Makassar, Sulawesi Selatan 90231, Indonesia",Makassar,-5.1553447,119.4401516,"RCVR+V3 Masale, Kota Makassar, Sulawesi Selatan, Indonesia",4.3,71,+6281150202020,https://www.kopiteori.id/,https://lh3.googleusercontent.com/gps-cs-s/AHRPTWkNdecos8c0EoxhynPeh3d5OpmxySkgiTw4zPmojuDLXrVNY48DVHjB0tEIGjdtZfe54rfhLFpK-WfPmZR3TsdqHsjxuQjVzBigxf_FrRqSivx_7QyG0UTQa-Zgg_Wt8QT2u3DC=w408-h544-k-no,"Senin,07.00 hingga 22.00 | Selasa,07.00 hingga 22.00 | Rabu,07.00 hingga 22.00 | Kamis,07.00 hingga 22.00 | Jumat,07.00 hingga 22.00 | Sabtu,07.00 hingga 22.00 | Minggu,07.00 hingga 22.00",https://www.google.com/maps/place/Kopiteori+Boulevard/data=!4m7!3m6!1s0x2dbee323c9cc71dd:0x1e936b62b27a9dbe!8m2!3d-5.1553447!4d119.4401516!16s%2Fg%2F11ljyn35pf!19sChIJ3XHMySPjvi0Rvp16smJrkx4,kedai kopi Makassar
317,Teras Kopi,Kedai Kopi,"VC96+8V6, Jl. Dr. Wahidin Sudirohusodo, Pattunuang, Kec. Wajo, Kota Makassar, Sulawesi Selatan 90171, Indonesia",Makassar,-5.1317189,119.4121458,,4.6,61,+6281524100038,,https://lh3.googleusercontent.com/gps-cs-s/AHRPTWldxQQawIWfmWilumaZNJW-HO7DENXr7QbG3LCH0e7hQfASmGyqXw1QfpsHMyNzB4_DdXU-3_B7ef49-U9kAxfqMKNteI_AFL_gqTcc85BVSINRDtCEe3DBanyOTpTbqayJ2QduRA=w493-h240-k-no,"Senin,07.30 hingga 19.00 | Selasa,07.30 hingga 19.00 | Rabu,07.30 hingga 19.00 | Kamis,07.30 hingga 19.00 | Jumat,07.30 hingga 19.00 | Sabtu,07.30 hingga 19.00 | Minggu,09.30 hingga 17.00",https://www.google.com/maps/place/Teras+Kopi/data=!4m7!3m6!1s0x2dbf02a5d632cd6b:0x8bf2831fe1c499a7!8m2!3d-5.1317189!4d119.4121458!16s%2Fg%2F11b806qfjq!19sChIJa80y1qUCvy0Rp5nE4R-D8os,kedai kopi Makassar
318,Kopikost - Coffee & Roastery,Kedai Kopi,"Jl. Racing Centre No.29 A, Karampuang, Kec. Panakkukang, Kota Makassar, Sulawesi Selatan 90231, Indonesia",Makassar,-5.1444941,119.452607,"VF43+62 Karampuang, Kota Makassar, Sulawesi Selatan, Indonesia",4.6,140,+6285342054652,https://kopikost.localo.site/,https://lh3.googleusercontent.com/gps-cs-s/AHRPTWm01xqH6vrtXLyvBVYUfpjhHkz81ddARM8ZPR9SMubxg705fzIFpQLbXJo7rIVdw51mmiWdega86JlzpN1Rx14Pul_8ZtFI2hl2uKnurVhrdESWSNhEMlu-rUrMc6Lz8H0puz2K=w426-h240-k-no,"Senin,08.00 hingga 23.30 | Selasa,08.00 hingga 23.30 | Rabu,08.00 hingga 23.30 | Kamis,08.00 hingga 23.30 | Jumat,08.00 hingga 23.30 | Sabtu,08.00 hingga 23.30 | Minggu,08.00 hingga 23.30",https://www.google.com/maps/place/Kopikost+-+Coffee+%26+Roastery/data=!4m7!3m6!1s0x2dbee3712c0af581:0xaf2d95c47093cd0a!8m2!3d-5.1444941!4d119.452607!16s%2Fg%2F11krgnn7dc!19sChIJgfUKLHHjvi0RCs2TcMSVLa8,coffee shop Makassar
319,Box Coffee,Kedai Kopi,"Jl. Jend. Sudirman No.28, Sawerigading, Kec. Ujung Pandang, Kota Makassar, Sulawesi Selatan 90115, Indonesia",Makassar,-5.1420714,119.4145588,"VC57+5R Sawerigading, Kota Makassar, Sulawesi Selatan, Indonesia",4.7,317,+6281388883765,,https://lh3.googleusercontent.com/gps-cs-s/AHRPTWk2Pqtfsj58_8PBZXqp8mwIynnQkz-8Be4ZBonXjZf3bKdY8gI8gDAPmZiQIFaAQVIB87_7QSBnd8K-Xolz3zzGpXprTtrKfMoGD6BjT6whY6bTKDxTOFpRPSYEYqlRvR-n8HYoFuAYz0mA=w408-h544-k-no,"Senin,08.00 hingga 23.30 | Selasa,08.00 hingga 23.30 | Rabu,08.00 hingga 23.30 | Kamis,08.00 hingga 23.30 | Jumat,08.00 hingga 00.00 | Sabtu,08.00 hingga 00.00 | Minggu,08.00 hingga 00.00",https://www.google.com/maps/place/Box+Coffee/data=!4m7!3m6!1s0x2dbf0300288cb7fd:0x3dcc52391c7d8630!8m2!3d-5.1420714!4d119.4145588!16s%2Fg%2F11z58bfdln!19sChIJ_beMKAADvy0RMIZ9HDlSzD0,coffee shop Makassar
320,Aming Coffee Makasar,Kedai Kopi,"Jl. A. Mappanyukki No.42, Kunjung Mae, Kec. Mariso, Kota Makassar, Sulawesi Selatan 90113, Indonesia",Makassar,-5.1486737,119.414617,"VC27+GR Kunjung Mae, Kota Makassar, Sulawesi Selatan, Indonesia",4.8,299,+6282355524100,https://www.tiktok.com/@amingcoffee?_r=1&_t=ZS-91i8NtX0TuX,https://lh3.googleusercontent.com/gps-cs-s/AHRPTWnktH5JaOT_RdhDwbRzPwYgAEtFg9Jc7adFFBE1ZST8dcgQ8fqJX2Dc0s5JUmTJNTccuMG1-Wd7TyffsY-cmVxY1cEDJGnQjE-EI7BPbxWkWvchrl9lOyHTBiBioYzf_K3g6xlXCLRdUF4L=w408-h306-k-no,"Senin,07.00 hingga 23.00 | Selasa,07.00 hingga 23.30 | Rabu,07.00 hingga 23.30 | Kamis,07.00 hingga 23.30 | Jumat,07.00 hingga 23.30 | Sabtu,07.00 hingga 23.30 | Minggu,07.00 hingga 23.30",https://www.google.com/maps/place/Aming+Coffee+Makasar/data=!4m7!3m6!1s0x2dbf1d11f2b47833:0x4d1a48663570d4a7!8m2!3d-5.1486737!4d119.414617!16s%2Fg%2F11w901mp1p!19sChIJM3i08hEdvy0Rp9RwNWZIGk0,coffee shop Makassar
321,STORIAMO COFFE AND ROASTERY,Kedai Kopi,"RCWQ+CQX, Lorong2, Masale, Kec. Panakkukang, Kota Makassar, Sulawesi Selatan 90231, Indonesia",Makassar,-5.153884,119.4394774,,4.6,67,+6282358412300,https://instagram.com/storia.mo?igshid=YmMyMTA2M2Y=,https://lh3.googleusercontent.com/gps-cs-s/AHRPTWmIax7JusAFtKlONDQsRgq_8SiaP5Z6XAWXUZD7Igg5lYwF04ZiieTQ2rhf7WIcirw1Azd29VRJFVcKTtncIYg1lla0bZiJLvFiT58KBr3gL_kwSIhhIYvAf0UJfZmRfThPQvs=w408-h304-k-no,"Senin,07.00 hingga 01.00 | Selasa,07.00 hingga 01.00 | Rabu,07.00 hingga 01.00 | Kamis,07.00 hingga 01.00 | Jumat,07.00 hingga 01.00 | Sabtu,07.00 hingga 01.00 | Minggu,07.00 hingga 01.00",https://www.google.com/maps/place/STORIAMO+COFFE+AND+ROASTERY/data=!4m7!3m6!1s0x2dbee3f281368c37:0xe808bd846fbd850f!8m2!3d-5.153884!4d119.4394774!16s%2Fg%2F11ss7q8tl4!19sChIJN4w2gfLjvi0RD4W9b4S9COg,coffee shop Makassar
322,Jae Coffee Social Space,Kedai Kopi,"Jl. Andi Djemma No.55, Mamajang Dalam, Kec. Mamajang, Kota Makassar, Sulawesi Selatan 90222, Indonesia",Makassar,-5.1629954,119.4220192,"RCPC+RR Mamajang Dalam, Kota Makassar, Sulawesi Selatan, Indonesia",4.8,76,,,https://lh3.googleusercontent.com/gps-cs-s/AHRPTWlg5JBl0e4k8od2T7SAyP4i-biu704oHc2pFZE3t6rdc8I5Uhe9b3yv3qdlkVE703bBKCKMe6cyrdoBmweKbTPSxb4BMPtIUIfEvrSjyETW2XTbI44-Vps4LtWWUK2mcbP3jf0=w408-h544-k-no,"Senin,08.00 hingga 23.00 | Selasa,08.00 hingga 23.00 | Rabu,08.00 hingga 23.00 | Kamis,08.00 hingga 23.00 | Jumat,08.00 hingga 00.00 | Sabtu,08.00 hingga 00.00 | Minggu,08.00 hingga 00.00",https://www.google.com/maps/place/Jae+Coffee+Social+Space/data=!4m7!3m6!1s0x2dbee36fd3e4c957:0x91bb03f9afb87493!8m2!3d-5.1629954!4d119.4220192!16s%2Fg%2F11rwyhd950!19sChIJV8nk02_jvi0Rk3S4r_kDu5E,coffee shop Makassar
323,Kaldi House Coffee,Kafe,"Jl. G. Bambapuang II No.28, Lariang Bangi, Kec. Makassar, Kota Makassar, Sulawesi Selatan 90144, Indonesia",Makassar,-5.1400208,119.4226264,"VC5F+X3 Lariang Bangi, Kota Makassar, Sulawesi Selatan, Indonesia",4.8,447,+6285165659838,,https://lh3.googleusercontent.com/gps-cs-s/AHRPTWkt89KZYV6dwquehk45lN-_Q0V2hhOFmEsSOgTGdfe4VTsCi4FxIGToWnNVSCAszuyU8mH71n8CS545wy8YknwnWRf1lsyjdcCO-Vvxlo2GQnP7PbydR6IUC23k9j9_abOMG2qvqypDhA-B=w408-h544-k-no,"Senin,08.00 hingga 22.00 | Selasa,08.00 hingga 22.00 | Rabu,08.00 hingga 22.00 | Kamis,08.00 hingga 22.00 | Jumat,08.00 hingga 22.00 | Sabtu,08.00 hingga 23.00 | Minggu,08.00 hingga 23.00",https://www.google.com/maps/place/Kaldi+House+Coffee/data=!4m7!3m6!1s0x2dbefd4832fa19b1:0x87c583e3dc3e8051!8m2!3d-5.1400208!4d119.4226264!16s%2Fg%2F11xcjj3601!19sChIJsRn6Mkj9vi0RUYA-3OODxYc,coffee shop Makassar
324,Sagaz Cafe & Roastery,Kedai Kopi,"Jl. Tupai No.31 A, Bonto Biraeng, Kec. Mamajang, Kota Makassar, Sulawesi Selatan 90132, Indonesia",Makassar,-5.1581959,119.4209963,"RCRC+P9 Bonto Biraeng, Kota Makassar, Sulawesi Selatan, Indonesia",4.6,46,,,https://lh3.googleusercontent.com/gps-cs-s/AHRPTWlRumMvn24BwV-hDNl9MuTCes8w-Yw-G7X2sP1QkhG0is4SMBhyaVwdpH_wUKQzsjKaA12q_14VALgnycsCJMInbqpKkVw_Bbe__GvjGlM8tQinJYVIHxSFvkQgwu9S04tnR_LlrA=w408-h306-k-no,"Senin,10.00 hingga 23.00 | Selasa,09.00 hingga 23.00 | Rabu,10.00 hingga 23.00 | Kamis,10.00 hingga 23.00 | Jumat,10.00 hingga 23.30 | Sabtu,10.00 hingga 23.30 | Minggu,10.00 hingga 23.00",https://www.google.com/maps/place/Sagaz+Cafe+%26+Roastery/data=!4m7!3m6!1s0x2dbee3ceebea8a8d:0x686a78026934bf70!8m2!3d-5.1581959!4d119.4209963!16s%2Fg%2F11v074m6nq!19sChIJjYrq687jvi0RcL80aQJ4amg,coffee shop Makassar
325,Ontheway coffee & eatery makassar,Kedai Kopi,"Pai, Kec. Biringkanaya, Kota Makassar, Sulawesi Selatan 90242, Indonesia",Makassar,-5.0982707,119.5126584,"WG27+M3 Pai, Kota Makassar, Sulawesi Selatan, Indonesia",4.4,16,,,https://lh3.googleusercontent.com/gps-cs-s/AHRPTWmPvzZGTKskJo_OF4dMtMGiKzM7_Ekw3n3AwkuwszN5gRRASqM7uATqFn6v3wPpv01BGV0cEelVXHONd3PBDXzS_JjwDEHcyfNYqiV0yxGnLHhtNvxOdsO0t4tuSxK56avrJFAsU5HpQRo=w408-h544-k-no,"Senin,07.00 hingga 22.30 | Selasa,07.00 hingga 17.00 | Rabu,07.00 hingga 22.30 | Kamis,07.00 hingga 22.30 | Jumat,07.00 hingga 22.30 | Sabtu,08.00 hingga 23.30 | Minggu,08.00 hingga 23.30",https://www.google.com/maps/place/Ontheway+coffee+%26+eatery+makassar/data=!4m7!3m6!1s0x2dbefb002d7194ed:0x301fead2cccdff9f!8m2!3d-5.0982707!4d119.5126584!16s%2Fg%2F11ytb6wvcg!19sChIJ7ZRxLQD7vi0Rn__NzNLqHzA,coffee shop Makassar
326,PUSA COFFEE MAKASSAR,Kedai Kopi,"Jl. Perintis Kemerdekaan Jl. Poros Telkomas Lrg. 1 No.VI, Tamalanrea Jaya, Kec. Tamalanrea, Kota Makassar, Sulawesi Selatan 90245, Indonesia",Makassar,-5.1234295,119.5068955,"VGG4+JQ Kapasa, Kota Makassar, Sulawesi Selatan, Indonesia",5,10,+6281343978487,,https://lh3.googleusercontent.com/gps-cs-s/AHRPTWk-JNhbR_cSn4_0ubrkIYosP6Qj5wXiMcWHfT6_zr5JPznaC4QSOIQfprVFyAdQiuu0Fw1mSaK0F2NgaTTQWI9kLPaVnM-HHNWya3jI7XgWfTmI7OEoXq14Lk_J2xdit-uI6C0hc6B-G03G=w408-h724-k-no,"Senin,10.00 hingga 00.00 | Selasa,10.00 hingga 00.00 | Rabu,10.00 hingga 00.00 | Kamis,10.00 hingga 00.00 | Jumat,10.00 hingga 00.00 | Sabtu,10.00 hingga 00.00 | Minggu,10.00 hingga 00.00",https://www.google.com/maps/place/PUSA+COFFEE+MAKASSAR/data=!4m7!3m6!1s0x2dbefdab1df8b4b5:0x2d1dc504629f9b6c!8m2!3d-5.1234295!4d119.5068955!16s%2Fg%2F11yrc6n0b5!19sChIJtbT4Hav9vi0RbJufYgTFHS0,coffee shop Makassar
327,Expat. Roasters CPI Makassar,Kedai Kopi,"Centre Point Of Indonesia (CPI, Sunset Quay A, Citraland No.03, Kota Makassar, Sulawesi Selatan 90224, Indonesia",Makassar,-5.14906,119.3934858,"V92V+99 Maccini Sombala, Kota Makassar, Sulawesi Selatan, Indonesia",4.7,316,+6285343835337,https://expatroasters.com/,https://lh3.googleusercontent.com/gps-cs-s/AHRPTWnJCuc78GFnjiePp3euGGybMoNqqPvU5YaeRinJxHKx9TngVmKt95qNOXpcgU4Y_zm3_uuWS-44tQcnBvcedyUnPbL8MKu2FTUGnwy7-CA13tdnU8Q8pmao-hGIpkx_mBRbo-oxfbuGwME=w408-h727-k-no,"Senin,07.00 hingga 23.00 | Selasa,07.00 hingga 23.00 | Rabu,07.00 hingga 23.00 | Kamis,07.00 hingga 23.00 | Jumat,07.00 hingga 00.00 | Sabtu,07.00 hingga 00.00 | Minggu,07.00 hingga 23.00",https://www.google.com/maps/place/Expat.+Roasters+CPI+Makassar/data=!4m7!3m6!1s0x2dbf1db33508502f:0xa286abcbf807afca!8m2!3d-5.14906!4d119.3934858!16s%2Fg%2F11wq8hpqr_!19sChIJL1AINbMdvy0Ryq8H-MurhqI,coffee shop Makassar
328,Enoa Coffee,Kedai Kopi,"Jl. Kijang No.3, Maricaya Baru, Kec. Makassar, Kota Makassar, Sulawesi Selatan 90141, Indonesia",Makassar,-5.1463569,119.4198763,"VC39+FX Maricaya Baru, Kota Makassar, Sulawesi Selatan, Indonesia",4.8,42,+628135111997,https://www.instagram.com/enoacoffee/,https://lh3.googleusercontent.com/gps-cs-s/AHRPTWm_CaJbgLnXpwCRH0svz0xml36TSimPRgxbFo5978bkT6hp9PdvfpDBAdsEAWxeVnhnm5dDPJGgTFmgablLR_1BVPApoPQfBniomFAR3vHRv0cNFFRqF6OhhS_vh9JS9pPc2UL_YA=w408-h544-k-no,"Senin,07.00 hingga 23.00 | Selasa,07.00 hingga 23.00 | Rabu,07.00 hingga 23.00 | Kamis,07.00 hingga 23.00 | Jumat,07.00 hingga 23.00 | Sabtu,07.00 hingga 23.00 | Minggu,07.00 hingga 23.00",https://www.google.com/maps/place/Enoa+Coffee/data=!4m7!3m6!1s0x2dbee3d192494151:0x5c68b576810f8c07!8m2!3d-5.1463569!4d119.4198763!16s%2Fg%2F11lfbpz7c8!19sChIJUUFJktHjvi0RB4wPgXa1aFw,coffee shop Makassar
329,nomena coffee,Kedai Kopi,"Jl. Tallasalapang Klp.sawah No.45, RT.004/RW.07, Karunrung, Rappocini, Makassar City, South Sulawesi 90222, Indonesia",,-5.1825547,119.4464828,"RC8W+XH Karunrung, Kota Makassar, Sulawesi Selatan, Indonesia",4.8,60,+6282187449294,https://instagram.com/nomenacoffee?igshid=176g7ixtqd9k2,https://lh3.googleusercontent.com/gps-cs-s/AHRPTWn4i3g5h-by2h_0FeummAJmAUytDaOQ3IBH8xFFDRRAg8tHHa0LHa9QCefYH3dCqos_Cihfki0gMNdUzUy3Np_qZ8QLHJ8sXmFnsjJpOwL7C615dCqMW3khicTtw4p49zlVh9IH2w=w408-h544-k-no,"Senin,11.00 hingga 23.00 | Selasa,11.00 hingga 23.00 | Rabu,11.00 hingga 23.00 | Kamis,11.00 hingga 23.00 | Jumat,11.00 hingga 23.00 | Sabtu,11.00 hingga 23.00 | Minggu,17.00 hingga 23.00",https://www.google.com/maps/place/nomena+coffee/data=!4m7!3m6!1s0x2dbee3682f3f62ef:0x1f0363574548172a!8m2!3d-5.1825547!4d119.4464828!16s%2Fg%2F11qsvlbjk9!19sChIJ72I_L2jjvi0RKhdIRVdjAx8,coffee shop Makassar
330,Anotherplace Coffee House,Kedai Kopi,"Jl. Jipang Raya No.35, Gn. Sari, Kec. Rappocini, Kota Makassar, Sulawesi Selatan 90221, Indonesia",Makassar,-5.1853627,119.449046,"RC7X+VJ Gn. Sari, Kota Makassar, Sulawesi Selatan, Indonesia",4.7,99,,,https://lh3.googleusercontent.com/gps-cs-s/AHRPTWl3k_Q-g9bTbGzwBsTr-l4QCCPWi52eWJXYa8r9Z5q_kPzpRevq05myPe8V6kQA_1l5IBzEmilTAbXESQwbIcjN_7vduCoFOJgxRJlyXq1MlKbbIS6siw0N4yPwD2wD8IiZyfga=w408-h725-k-no,"Senin,09.00 hingga 23.30 | Selasa,09.00 hingga 23.00 | Rabu,09.00 hingga 23.00 | Kamis,09.00 hingga 23.00 | Jumat,09.00 hingga 23.00 | Sabtu,09.00 hingga 23.30 | Minggu,09.00 hingga 23.30",https://www.google.com/maps/place/Anotherplace+Coffee+House/data=!4m7!3m6!1s0x2dbee3bd4dcc512b:0xd1bbba2fd34cdd6!8m2!3d-5.1853627!4d119.449046!16s%2Fg%2F11kc0cx1m6!19sChIJK1HMTb3jvi0R1s00_aK7Gw0,coffee shop Makassar
331,COFFEE PLACE,Kafe,"Jl. Bau Mangga No.12, Masale, Kec. Panakkukang, Kota Makassar, Sulawesi Selatan 90222, Indonesia",Makassar,-5.1607921,119.4442301,"RCQV+MM Masale, Kota Makassar, Sulawesi Selatan, Indonesia",4.6,360,+628114101239,,https://lh3.googleusercontent.com/gps-cs-s/AHRPTWnRoCvK6SzsMY8KqzlWAeNde8dIh7V3sf8jXbI2vtkZAJ3AjGdLg6hax-0J7YVr06ShI6yKd9l7RmoDr2wMBsXMULW0-RZvb7JpyyP9b9NtVBj5zN2FtqvDl2QxMvtb2jiLSw6F=w408-h306-k-no,"Senin,08.00 hingga 23.00 | Selasa,08.00 hingga 23.00 | Rabu,08.00 hingga 23.00 | Kamis,08.00 hingga 23.00 | Jumat,08.00 hingga 23.00 | Sabtu,08.00 hingga 23.00 | Minggu,08.00 hingga 23.00",https://www.google.com/maps/place/COFFEE+PLACE/data=!4m7!3m6!1s0x2dbee2ea5ef639ff:0xbb899a20a524920d!8m2!3d-5.1607921!4d119.4442301!16s%2Fg%2F11csb2mx7s!19sChIJ_zn2Xurivi0RDZIkpSCaibs,coffee shop Makassar
332,Fore Coffee - Daya Makassar,Kedai Kopi,"VGP6+8JG Ruko Daya Bussines Center, Jl. Perintis Kemerdekaan No.5, Daya, Kec. Biringkanaya, Kota Makassar, Sulawesi Selatan 90241, Indonesia",Makassar,-5.1141875,119.5115625,,4.6,37,+6288975974681,https://fore.coffee/,https://lh3.googleusercontent.com/gps-cs-s/AHRPTWnPdfcriGK0uxJ6h7rW_86KOzCdvr40VamhufYdF6rgA_dAEmoOs_xhynaeygnCz9NateYPYK0VX6IunCqfPI8mgiTdWn5S5t87niT5uwm9mevriuTfpwUrrfrfZPyRGmBfM10Klhc-nlZO=w408-h544-k-no,"Senin,08.00 hingga 22.00 | Selasa,08.00 hingga 22.00 | Rabu,08.00 hingga 22.00 | Kamis,08.00 hingga 22.00 | Jumat,08.00 hingga 22.00 | Sabtu,08.00 hingga 22.00 | Minggu,08.00 hingga 22.00",https://www.google.com/maps/place/Fore+Coffee+-+Daya+Makassar/data=!4m7!3m6!1s0x2dbefb5b61031279:0xe054859805320b40!8m2!3d-5.1141875!4d119.5115625!16s%2Fg%2F11njn7hf2k!19sChIJeRIDYVv7vi0RQAsyBZiFVOA,coffee shop Makassar
333,Ceylon coffee,Kedai Kopi,"Jl. Sultan Hasanuddin No.28, RT.001/RW.01, Sawerigading, Kec. Ujung Pandang, Kota Makassar, Sulawesi Selatan 90112, Indonesia",Makassar,-5.1394958,119.4098557,"VC65+6W Sawerigading, Kota Makassar, Sulawesi Selatan, Indonesia",4.7,73,,,https://lh3.googleusercontent.com/gps-cs-s/AHRPTWnzajyreC1QloAKNXjGQsw0rGCE2xsRG3sIhAzWchfQrp3I9gtWlVBlAGVLZmnrEyPfteSiod18wzj2e7FTlo-_gjIiTH7YfcppCRVcukIo1-JlwAta5yxRFnGrp0-8Ocsny8LsRA=w408-h544-k-no,"Senin,08.00 hingga 22.00 | Selasa,08.00 hingga 22.00 | Rabu,08.00 hingga 22.00 | Kamis,08.00 hingga 22.00 | Jumat,08.00 hingga 22.00 | Sabtu,08.00 hingga 22.00 | Minggu,08.00 hingga 22.00",https://www.google.com/maps/place/Ceylon+coffee/data=!4m7!3m6!1s0x2dbf03b4e4006425:0xfa11c692c983e0b4!8m2!3d-5.1394958!4d119.4098557!16s%2Fg%2F11q24c_x_b!19sChIJJWQA5LQDvy0RtOCDyZLGEfo,coffee shop Makassar
334,Sumber Djaya Coffee,Kedai Kopi,"Komp, Jl. Puri Taman Sari No.A. 8/9, Bangkala, Manggala, Makassar City, South Sulawesi 90233, Indonesia",,-5.1714881,119.4642703,"RFH7+CP Bangkala, Kota Makassar, Sulawesi Selatan, Indonesia",4.8,12,+6281354593978,,https://lh3.googleusercontent.com/gps-cs-s/AHRPTWka3i0J-UXtOFNixxMPbxR1Yq07C7HoV1zLtuCK9eSsZTnXmATdFlGG7cbpEfMuyY7h6esNNLhPM-_bjBkjowA2tEISSRc_g5dpnG77mLYkQESia8gHFN5XTHuGl_CHxuAh77eQ=w426-h240-k-no,"Senin,09.00 hingga 22.00 | Selasa,09.00 hingga 22.00 | Rabu,09.00 hingga 22.00 | Kamis,09.00 hingga 22.00 | Jumat,09.00 hingga 22.00 | Sabtu,09.00 hingga 00.00 | Minggu,09.00 hingga 00.00",https://www.google.com/maps/place/Sumber+Djaya+Coffee/data=!4m7!3m6!1s0x2dbee3f2f3862561:0x765b2bb16243428f!8m2!3d-5.1714881!4d119.4642703!16s%2Fg%2F11pdsck6ts!19sChIJYSWG8_Ljvi0Rj0JDYrErW3Y,coffee shop Makassar
335,Marasa Coffee Stand Makassar,Kedai Kopi,"VF8H+RQ4, Tamalanrea Indah, Kec. Tamalanrea, Kota Makassar, Sulawesi Selatan 90245, Indonesia",Makassar,-5.132975,119.479468,,4.8,36,,,https://lh3.googleusercontent.com/gps-cs-s/AHRPTWmUozlrMkbvORtpzjJOYu3DsbhDJhFQ2fR2jpYwJ74Kz1-SaqRQE20STj27wIyNfKqOdFOlMoF_iTsKNAtoWFnhqDapFY3kty4PW6uLO_u1SIIae9aCVtHopHDs8hWSDfOW-E-m=w416-h240-k-no,"Senin,08.00 hingga 23.00 | Selasa,08.00 hingga 23.00 | Rabu,08.00 hingga 23.00 | Kamis,08.00 hingga 23.00 | Jumat,08.00 hingga 23.00 | Sabtu,08.00 hingga 23.00 | Minggu,08.00 hingga 23.00",https://www.google.com/maps/place/Marasa+Coffee+Stand+Makassar/data=!4m7!3m6!1s0x2dbefccefaef1cd9:0xadb4de8c0ac9c02a!8m2!3d-5.132975!4d119.479468!16s%2Fg%2F11f3wk652t!19sChIJ2Rzv-s78vi0RKsDJCozetK0,coffee shop Makassar
336,BACO Banana Coffee House,Kedai Kopi,"Jl. Muhajirin Lorong 2 No.8, Mangasa, Kec. Tamalate, Kota Makassar, Sulawesi Selatan 90224, Indonesia",Makassar,-5.1863628,119.4315892,"RC7J+FJ Mangasa, Kota Makassar, Sulawesi Selatan, Indonesia",5,97,+6285379190666,https://instagram.com/baco_id?utm_medium=copy_link,https://lh3.googleusercontent.com/gps-cs-s/AHRPTWkGe4rH0iTWe8N7b_MbtS9R5dUyCzmTFAn5QhHChqbcNvKlp9TO7YgZS_WtNnpYAbuaSvMdCWzl_YbJBckTjJpBk6UQzCWrg3iSLnP7L8T35Cxe_057vZvbrWpgnpZzBEB-iuc=w408-h544-k-no,"Senin,11.00 hingga 00.00 | Selasa,11.00 hingga 00.00 | Rabu,11.00 hingga 00.00 | Kamis,11.00 hingga 00.00 | Jumat,11.00 hingga 00.00 | Sabtu,11.00 hingga 00.00 | Minggu,11.00 hingga 00.00",https://www.google.com/maps/place/BACO+Banana+Coffee+House/data=!4m7!3m6!1s0x2dbee33ada6572f7:0xcb603c454e3157e2!8m2!3d-5.1863628!4d119.4315892!16s%2Fg%2F11rk2slyxr!19sChIJ93Jl2jrjvi0R4lcxTkU8YMs,coffee shop Makassar
337,Makassar Moon Coffee,Kedai Kopi,"Jl. AMD No.1, Manggala, Kec. Manggala, Kota Makassar, Sulawesi Selatan 90235, Indonesia",Makassar,-5.1679258,119.4941125,"RFJV+RJ Manggala, Kota Makassar, Sulawesi Selatan, Indonesia",5,4,,,https://lh3.googleusercontent.com/gps-cs-s/AHRPTWlEvp1byPbECOiiGKazhkGcQoNixCzYorlwse--lgYYu3NIhm4C2nrLsA7fJAo70uStqK5n_SwsIY1_HkcqS9p1ZZENLYEYcbiEMTQRNvrjT4SCXrq1qZ8_VoghVZchaqX2QH9xgi4nTYmC=w408-h725-k-no,"Senin,07.00 hingga 00.00 | Selasa,07.00 hingga 00.00 | Rabu,07.00 hingga 00.00 | Kamis,07.00 hingga 00.00 | Jumat,07.00 hingga 00.00 | Sabtu,07.00 hingga 00.00 | Minggu,07.00 hingga 00.00",https://www.google.com/maps/place/Makassar+Moon+Coffee/data=!4m7!3m6!1s0x2dbee30010b2aa5f:0xd0aaeb0283275f57!8m2!3d-5.1679258!4d119.4941125!16s%2Fg%2F11n449nfwx!19sChIJX6qyEADjvi0RV18ngwLrqtA,coffee shop Makassar
338,12 am coffee time,Kedai Kopi,"Jl. Andi Djemma No.8, Mamajang Dalam, Kec. Mamajang, Kota Makassar, Sulawesi Selatan 90135, Indonesia",Makassar,-5.1683299,119.4333578,"RCJM+M8 Banta-Bantaeng, Kota Makassar, Sulawesi Selatan, Indonesia",5,30,,https://www.instagram.com/12.am_coffee_time?igsh=cHgwMDVrN3h6ZzRs,https://lh3.googleusercontent.com/gps-cs-s/AHRPTWn9CwicwSVi2wuyTfbCjYdYlmcKe72rZZi4_KJ7XwuimkYyItrgSsP3YpjNB8IkMacN20KsAgvkSbM5Ylw3BBksdNfRggmWg-k9jr1xn9OfXz6Rh406Nr6sCZDfD0xG-UO174xk=w408-h544-k-no,"Senin,08.00 hingga 00.00 | Selasa,08.00 hingga 00.00 | Rabu,08.00 hingga 00.00 | Kamis,08.00 hingga 00.00 | Jumat,08.00 hingga 00.00 | Sabtu,08.00 hingga 00.00 | Minggu,Buka 24 jam",https://www.google.com/maps/place/12+am+coffee+time/data=!4m7!3m6!1s0x2dbee3006b71612d:0xd515cd05ad83c972!8m2!3d-5.1683299!4d119.4333578!16s%2Fg%2F11vzq0m9zn!19sChIJLWFxawDjvi0RcsmDrQXNFdU,coffee shop Makassar
339,Sensey Coffee,Kedai Kopi,"Jl. Ekonomi 2 No.15 Blk C, Bangkala, Kec. Manggala, Kota Makassar, Sulawesi Selatan 90234, Indonesia",Makassar,-5.17197,119.4799287,"RFHH+6X Bangkala, Kota Makassar, Sulawesi Selatan, Indonesia",4.7,101,+6282133355361,,https://lh3.googleusercontent.com/gps-cs-s/AHRPTWlXXpeMrIVKHMOdxx5l9z-eiqmPOypbDhD6_cgYHYSX07fHUerNuTztZozWr_NjCnA5YsS1CjCs63zngDIYIZnPQKEoD03nKJAKo7u9gXxe2ZenjlAnPm9tt5bABniZtu04uO-LXw=w408-h544-k-no,"Senin,10.00 hingga 22.00 | Selasa,10.00 hingga 22.00 | Rabu,10.00 hingga 22.00 | Kamis,10.00 hingga 22.00 | Jumat,10.00 hingga 22.00 | Sabtu,10.00 hingga 22.00 | Minggu,10.00 hingga 22.00",https://www.google.com/maps/place/Sensey+Coffee/data=!4m7!3m6!1s0x2dbee3d2e645d05b:0xcb03963ca0b7056f!8m2!3d-5.17197!4d119.4799287!16s%2Fg%2F11qp5371dl!19sChIJW9BF5tLjvi0RbwW3oDyWA8s,coffee shop Makassar
340,SaintMary Coffee,Kedai Kopi,"Jl. Sungai Cenrana No.3, Lajangiru, Kec. Ujung Pandang, Kota Makassar, Sulawesi Selatan 90145, Indonesia",Makassar,-5.1397412,119.4198594,"VC69+4W Lajangiru, Kota Makassar, Sulawesi Selatan, Indonesia",4.7,83,+6281294046463,,https://lh3.googleusercontent.com/gps-cs-s/AHRPTWnZnNAeitYHw1NT1IPof9FlP9KlDdLcSR8xRymhfcnsLzoiMki5ScCQxQMYB1jA2As5AoXf84X7spYub_2ZZ6dK8BvuMLLAA1H16mIBlDTCoryXFi8efJOCIPsgsux1q_te5aBiuw=w408-h544-k-no,"Senin,07.00 hingga 19.00 | Selasa,07.00 hingga 19.00 | Rabu,07.00 hingga 19.00 | Kamis,07.00 hingga 19.00 | Jumat,07.00 hingga 19.00 | Sabtu,07.00 hingga 19.00 | Minggu,07.00 hingga 19.00",https://www.google.com/maps/place/SaintMary+Coffee/data=!4m7!3m6!1s0x2dbefd33dc2c5567:0x34d450a000467e1e!8m2!3d-5.1397412!4d119.4198594!16s%2Fg%2F11rtz3rq24!19sChIJZ1Us3DP9vi0RHn5GAKBQ1DQ,coffee shop Makassar
341,Nol Tiga Coffee,Kedai Kopi,"Jl. Anggrek Raya No.22, Paropo, Kec. Panakkukang, Kota Makassar, Sulawesi Selatan 90231, Indonesia",Makassar,-5.1607775,119.4549921,"RFQ3+MX Paropo, Kota Makassar, Sulawesi Selatan, Indonesia",4.1,102,+6285255257403,https://instagram.com/noltigacoffee?igshid=YmMyMTA2M2Y=,https://lh3.googleusercontent.com/gps-cs-s/AHRPTWmKsAU-yA4SiTzQQBRueuO__UeXZxBc-2cPMhZ9g8h9QdfsasDvfItWdSFwJIhe6zymAkwI8aQZdiPrU_yMFM60DH4CnWSkNAEBniZOa03uhyzWzGDpuppIy2ukhmEPYHkai8pXxQ=w408-h306-k-no,"Senin,Buka 24 jam | Selasa,Buka 24 jam | Rabu,Buka 24 jam | Kamis,Buka 24 jam | Jumat,Buka 24 jam | Sabtu,Buka 24 jam | Minggu,Buka 24 jam",https://www.google.com/maps/place/Nol+Tiga+Coffee/data=!4m7!3m6!1s0x2dbee3153ec25627:0x6ee291557fd9f7f6!8m2!3d-5.1607775!4d119.4549921!16s%2Fg%2F11p3hmw16n!19sChIJJ1bCPhXjvi0R9vfZf1WR4m4,coffee shop Makassar
342,Beyours Coffee & Space,Kafe,"Jl. Skarda N.1, Gn. Sari, Kec. Rappocini, Kota Makassar, Sulawesi Selatan 90221, Indonesia",Makassar,-5.1772528,119.4431201,"RCFV+36 Gn. Sari, Kota Makassar, Sulawesi Selatan, Indonesia",4.6,21,+628980422606,,https://lh3.googleusercontent.com/gps-cs-s/AHRPTWnG2047KAI5UXPlIbBFIIz3O-E7VLqF5fsI0geqLESMecYktOMJ6Tc0m3WKvFXRmG2t709bb48Aw_FUSMD-Ep0EVU3fhQHDNt8rnJT4IwqcGF7S6CLFlVfi7rOAnJc7WWBPHpyU-iNBtEhs=w426-h240-k-no,"Senin,07.30 hingga 00.00 | Selasa,07.30 hingga 00.00 | Rabu,07.30 hingga 00.00 | Kamis,07.30 hingga 00.00 | Jumat,07.30 hingga 00.00 | Sabtu,07.30 hingga 00.00 | Minggu,07.30 hingga 00.00",https://www.google.com/maps/place/Beyours+Coffee+%26+Space/data=!4m7!3m6!1s0x2dbee30072bc697b:0xb8face295c13a27c!8m2!3d-5.1772528!4d119.4431201!16s%2Fg%2F11mzzqh6pn!19sChIJe2m8cgDjvi0RfKITXCnO-rg,coffee shop Makassar
343,Inklusi - coffee shop & coworking space,Kedai Kopi,"Jl. Perintis Kemerdekaan VII No.4E, Tamalanrea Indah, Kec. Tamalanrea, Kota Makassar, Sulawesi Selatan 90245, Indonesia",Makassar,-5.1403274,119.4841499,"VF5M+VM Tamalanrea Indah, Kota Makassar, Sulawesi Selatan, Indonesia",4.9,45,+6281232343691,,https://lh3.googleusercontent.com/gps-cs-s/AHRPTWmSKck5lO7l49OyMft1Lqrtx-cwGzad4i9AYS0XxB9KkNKHHS9mP1CEe82-xvSviXGr6he_3dzoKivv5RTUNZ1nGODbAOwhMjyK-7ZQK-573m7cfde4F5qOPQmKF6sfpOqsIgeEa9Vglkw=w408-h544-k-no,"Senin,09.00 hingga 01.00 | Selasa,09.00 hingga 01.00 | Rabu,09.00 hingga 01.00 | Kamis,09.00 hingga 01.00 | Jumat,09.00 hingga 01.00 | Sabtu,09.00 hingga 01.00 | Minggu,09.00 hingga 01.00",https://www.google.com/maps/place/Inklusi+-+coffee+shop+%26+coworking+space/data=!4m7!3m6!1s0x2dbee39b3b90485d:0xf73fc5693ad2bbf6!8m2!3d-5.1403274!4d119.4841499!16s%2Fg%2F11vl8qx733!19sChIJXUiQO5vjvi0R9rvSOmnFP_c,coffee shop Makassar
344,MCH Coffee Shop Merapi,Kedai Kopi,"Jl. Gn. Merapi selatan No.5b, Maricaya Baru, Kec. Makassar, Kota Makassar, Sulawesi Selatan 90114, Indonesia",Makassar,-5.1463383,119.4178804,"VC39+F5 Maricaya Baru, Kota Makassar, Sulawesi Selatan, Indonesia",4.2,192,+6283899282935,,https://lh3.googleusercontent.com/gps-cs-s/AHRPTWkh925ZRT4CfabimgKH4dWodJr01XNSQf2bCkUKiCwHbDboJs7W2He_cN53AixZvMutFix7-5F5HGB3X9AgaNypMYGJ45dCHOs5IHC2-V6S1L3a_vGesWKlqG74wBU6frGyrtRehw=w408-h725-k-no,"Senin,Buka 24 jam | Selasa,Buka 24 jam | Rabu,Buka 24 jam | Kamis,Buka 24 jam | Jumat,Buka 24 jam | Sabtu,Buka 24 jam | Minggu,Buka 24 jam",https://www.google.com/maps/place/MCH+Coffee+Shop+Merapi/data=!4m7!3m6!1s0x2dbf1dba20b676bf:0xc60af97096996a80!8m2!3d-5.1463383!4d119.4178804!16s%2Fg%2F11k9l3nshd!19sChIJv3a2ILodvy0RgGqZlnD5CsY,coffee shop Makassar
345,KOFEN,Kedai Kopi,"Jl. Maccini Raya No.150, Karuwisi, Kec. Panakkukang, Kota Makassar, Sulawesi Selatan 90232, Indonesia",Makassar,-5.1380307,119.4351409,"VC6P+Q3 Karuwisi, Kota Makassar, Sulawesi Selatan, Indonesia",5,26,,https://www.instagram.com/kofen.ig/,https://lh3.googleusercontent.com/gps-cs-s/AHRPTWkQJX_XyUGQdA0mOWQ12WpSwVYpp8072dojPAk5CfSrepmOQFD8RH_-FIPmCP2ApPhLJOB3snVo8ikX-CT0BKVk1RqJiikw_g3o9O7wIrddCSla58_pYigldCyGbZwBT41htOLOIbUnnYc=w408-h516-k-no,"Senin,08.00 hingga 23.00 | Selasa,08.00 hingga 23.00 | Rabu,08.00 hingga 23.00 | Kamis,08.00 hingga 23.00 | Jumat,08.00 hingga 23.00 | Sabtu,08.00 hingga 23.00 | Minggu,08.00 hingga 23.00",https://www.google.com/maps/place/KOFEN/data=!4m7!3m6!1s0x2dbefd0002faf9d1:0x9ebb0cd8a80fd1b1!8m2!3d-5.1380307!4d119.4351409!16s%2Fg%2F11ytv94dvf!19sChIJ0fn6AgD9vi0RsdEPqNgMu54,coffee shop Makassar
346,Jeger barber & coffeeshop,Kedai Kopi,"Jl. Skarda N.1 No.22, Gn. Sari, Kec. Rappocini, Kota Makassar, Sulawesi Selatan 90221, Indonesia",Makassar,-5.1762634,119.4437771,"RCFV+FG Gn. Sari, Kota Makassar, Sulawesi Selatan, Indonesia",4.5,276,+6282393444932,,https://lh3.googleusercontent.com/gps-cs-s/AHRPTWklCdsA2ptiDkyj0QSMeD40TN-MAb1fUfqfvmnXMNNLVMKb-jRwTqb1DdUgL0uHoR5hS5m8sC2xUVOg-84nTlpRA_LP8X4s7EyUKn7PTiimB6a1GBKasyV7qXu5hsXelmxNQCZXfA=w408-h306-k-no,Buka sekarang,https://www.google.com/maps/place/Jeger+barber+%26+coffeeshop/data=!4m7!3m6!1s0x2dbee366bc56b899:0x75408db76618c2d3!8m2!3d-5.1762634!4d119.4437771!16s%2Fg%2F11jcfxzhnx!19sChIJmbhWvGbjvi0R08IYZreNQHU,coffee shop Makassar
347,Kopi Api Coffee Roasters,Kedai Kopi,"Ruko Mirah 2, Jl. Pengayoman No.17, Pandang, Kec. Panakkukang, Kota Makassar, Sulawesi Selatan 90231, Indonesia",Makassar,-5.1616122,119.4497652,"RCQX+9W Pandang, Kota Makassar, Sulawesi Selatan, Indonesia",4.6,772,+628114455459,,https://lh3.googleusercontent.com/gps-cs-s/AHRPTWn7tNu02dJVV4Xk2XGgdASqfr3Qzj3doDpJNXUaZ87fGO77pdmP9c4L-F1qIBmdxYr5sB9uwugAtb_mT0UQLZD9LAl-XehM2OeRlPe1bev4mxpjLFnhAB85-rvzPuT3y8PfU7FS=w408-h306-k-no,"Senin,08.00 hingga 22.00 | Selasa,08.00 hingga 22.00 | Rabu,08.00 hingga 22.00 | Kamis,08.00 hingga 22.00 | Jumat,08.00 hingga 22.00 | Sabtu,08.00 hingga 22.00 | Minggu,08.00 hingga 22.00",https://www.google.com/maps/place/Kopi+Api+Coffee+Roasters/data=!4m7!3m6!1s0x2dbee2e8fdec48bb:0x6ef15a6ac20fbab2!8m2!3d-5.1616122!4d119.4497652!16s%2Fg%2F11ckqsxd27!19sChIJu0js_ejivi0RsroPwmpa8W4,coffee shop Makassar
348,barcoffee Space,Kedai Kopi,"Jl. Toddopuli 10, baru, Kec. Manggala, Kota Makassar, Sulawesi Selatan 90233, Indonesia",Makassar,-5.1668646,119.463396,"RFM7+79 Borong, Kota Makassar, Sulawesi Selatan, Indonesia",4.6,93,+6285340629756,,https://lh3.googleusercontent.com/gps-cs-s/AHRPTWmtqtsq0t_KMf9d_nhxfD_yriV2316RxIY5c5y5lJzCniCOgUCdzqmOBTr2mQu3rd3CRiGPcqq_U36foolkSxRQLAe4teCTOYjLtVla9jX9teT8rUAkwbtJeETcssz5hBH7spEH=w426-h240-k-no,"Senin,12.00 hingga 23.30 | Selasa,12.00 hingga 23.30 | Rabu,12.00 hingga 23.30 | Kamis,12.00 hingga 23.30 | Jumat,12.00 hingga 23.30 | Sabtu,12.00 hingga 23.30 | Minggu,12.00 hingga 23.30",https://www.google.com/maps/place/barcoffee+Space/data=!4m7!3m6!1s0x2dbee2e8feab939d:0x72141e84f18ab46!8m2!3d-5.1668646!4d119.463396!16s%2Fg%2F11c2np3nfx!19sChIJnZOr_ujivi0RRqsYT-hBIQc,coffee shop Makassar
349,Fireflies Coffee Pattimura,Kafe,"Jl. Pattimura No.5, Baru, Kec. Ujung Pandang, Kota Makassar, Sulawesi Selatan 90112, Indonesia",Makassar,-5.1364066,119.4071623,"VC74+CV Baru, Kota Makassar, Sulawesi Selatan, Indonesia",4.4,1110,+624113631363,,https://lh3.googleusercontent.com/gps-cs-s/AHRPTWlNhsVPk6VkJ3qJTLJhY3INNYTT8W3zjqi5OG-Qdc-XZp--mxZ2aXP9xv-mVJ46XA97HJRdy7Lm2KA1jDlzG2iOCxMoZxsEuX5LXF25eMja1KW7NGUdrqhKMjaH-TV6IEuo38wh=w426-h240-k-no,"Senin,10.00 hingga 23.00 | Selasa,10.00 hingga 23.00 | Rabu,10.00 hingga 23.00 | Kamis,10.00 hingga 23.00 | Jumat,10.00 hingga 23.00 | Sabtu,10.00 hingga 23.00 | Minggu,10.00 hingga 23.00",https://www.google.com/maps/place/Fireflies+Coffee+Pattimura/data=!4m7!3m6!1s0x2dbf02afd536c67f:0x8177e4100160ef5a!8m2!3d-5.1364066!4d119.4071623!16s%2Fg%2F1hc3b3jvs!19sChIJf8Y21a8Cvy0RWu9gARDkd4E,coffee shop Makassar
350,Amaly coffee,Kedai Kopi,"Ruko Pettarani Petak, Jl. Andi Pangeran Pettarani, Sinrijala, Kec. Panakkukang, Kota Makassar, Sulawesi Selatan 90231, Indonesia",Makassar,-5.1387248,119.4391701,"VC6Q+GM Sinrijala, Kota Makassar, Sulawesi Selatan, Indonesia",4.8,17,+6281943266585,,https://lh3.googleusercontent.com/gps-cs-s/AHRPTWlC9qeIM2rqiHWIoiGgEuo4y2FURXED5A0gcaTIbsDqncVbh1aWlv9KL2sTCW6nstHRYPb_i8qx1met7HWgcurvIaIeVSlN5ufSTSg5bOU5DOxRyFPv7YKB92YEeMLBYFEokrbx=w408-h693-k-no,"Senin,10.00 hingga 23.00 | Selasa,10.00 hingga 23.00 | Rabu,10.00 hingga 23.00 | Kamis,10.00 hingga 23.00 | Jumat,10.00 hingga 23.00 | Sabtu,10.00 hingga 23.00 | Minggu,14.00 hingga 23.00",https://www.google.com/maps/place/Amaly+coffee/data=!4m7!3m6!1s0x2dbefdbe80b9bfd9:0xa336dd3806b9ca8a!8m2!3d-5.1387248!4d119.4391701!16s%2Fg%2F11t401xbf7!19sChIJ2b-5gL79vi0Risq5BjjdNqM,coffee shop Makassar
351,MCH Coffee Shop Toddopuli,Kedai Kopi,"Jl. Toddopuli 5, Borong, Kec. Manggala, Kota Makassar, Sulawesi Selatan 90222, Indonesia",Makassar,-5.1654292,119.4516588,"RFM2+RM Borong, Kota Makassar, Sulawesi Selatan, Indonesia",4.3,100,+6281354977424,,https://lh3.googleusercontent.com/gps-cs-s/AHRPTWlDPbxzZl2nSwscjH5hF6CMcC6Y7a7bZH5SaTuRUynpJ0LpIXWr0AjAQy6XqMR3wS6iye-jwKz4LgplvNbNozQv-SNLvsy8Jhe1_dQLGeCZXSufn4ldbNSVz-WE0tPPtDPM2pSv4g=w408-h544-k-no,"Senin,Buka 24 jam | Selasa,Buka 24 jam | Rabu,Buka 24 jam | Kamis,Buka 24 jam | Jumat,Buka 24 jam | Sabtu,Buka 24 jam | Minggu,Buka 24 jam",https://www.google.com/maps/place/MCH+Coffee+Shop+Toddopuli/data=!4m7!3m6!1s0x2dbee39bf5b92a11:0x66eadb516557831c!8m2!3d-5.1654292!4d119.4516588!16s%2Fg%2F11l66d9jb9!19sChIJESq59Zvjvi0RHINXZVHb6mY,coffee shop Makassar
352,Pushar Coffee,Kedai Kopi,"Jl. Topaz Raya , Ruko Zamrud Blok B10, Masale, Kec. Panakkukang, Kota Makassar, Sulawesi Selatan 90231, Indonesia",Makassar,-5.1541287,119.4394446,"RCWQ+8Q Masale, Kota Makassar, Sulawesi Selatan, Indonesia",4.8,16,+6281354640989,,https://lh3.googleusercontent.com/gps-cs-s/AHRPTWmj-snfJkmjp0pz52MW9Su7imzRTSg-G230jXkx-mwJlN9RWRgeoQ_bVhr30Fp8AB1oAkzo5agCyNwr2wBo5FMHgXjB8PYNBb1CzrW9RJOnDlrVCp5D3sZLP6oKE7qMQ_tKhl1IUg=w408-h544-k-no,"Senin,10.00 hingga 23.00 | Selasa,10.00 hingga 23.00 | Rabu,10.00 hingga 23.00 | Kamis,10.00 hingga 23.00 | Jumat,10.00 hingga 23.00 | Sabtu,10.00 hingga 23.00 | Minggu,Tutup",https://www.google.com/maps/place/Pushar+Coffee/data=!4m7!3m6!1s0x2dbee386f67b3467:0x3bfe32cb0c274f50!8m2!3d-5.1541287!4d119.4394446!16s%2Fg%2F11qqmljm53!19sChIJZzR79objvi0RUE8nDMsy_js,coffee shop Makassar
353,Safehaus,Kedai Kopi,"Jl. Hertasning II No.2, Tidung, Kec. Rappocini, Kota Makassar, Sulawesi Selatan 90222, Indonesia",Makassar,-5.1631699,119.4387218,"RCPQ+PF Tidung, Kota Makassar, Sulawesi Selatan, Indonesia",4.5,220,,https://www.instagram.com/_safehaus/?hl=en,https://lh3.googleusercontent.com/gps-cs-s/AHRPTWkkfjWYrVkUQGMSiNH7r-Nxz65cWlEt37AQBK9689pNvxwfXOH2FWBafUeFcdBosuWuqFFWTqrIIGP78xXr5ABM9F8Lo_F_bJs1UPnVR0kKkWiH4G7WBFdIjTQFbFbWMDVMIT3_=w408-h306-k-no,"Senin,08.00 hingga 23.00 | Selasa,08.00 hingga 23.00 | Rabu,08.00 hingga 23.00 | Kamis,08.00 hingga 23.00 | Jumat,08.00 hingga 23.00 | Sabtu,08.00 hingga 23.00 | Minggu,08.00 hingga 23.00",https://www.google.com/maps/place/Safehaus/data=!4m7!3m6!1s0x2dbee3889f0b4653:0xde7d2f36b1a5cab1!8m2!3d-5.1631699!4d119.4387218!16s%2Fg%2F11splgc26r!19sChIJU0YLn4jjvi0RscqlsTYvfd4,coffee shop Makassar
354,New Kedai Bilal Coffee Shop,Kedai Kopi,"Jl. Racing Centre No.7, Karampuang, Kec. Panakkukang, Kota Makassar, Sulawesi Selatan 90231, Indonesia",Makassar,-5.1460735,119.4508689,"VF32+H8 Karampuang, Kota Makassar, Sulawesi Selatan, Indonesia",4.5,543,+6285242164223,,https://lh3.googleusercontent.com/gps-cs-s/AHRPTWm5xfFfJU_frtDLzZRkpwE8Bj5RogBbb2QD3iJtTzEpTlxOD_e52H5uM-SrA23Q-d6JyQUviRnRvlcdmGtFTUAk59imzcCLqFcggmuUAUiW-Ugr2s24ggvgS9_fRRGM1cf5ZXZRYg=w426-h240-k-no,"Senin,Buka 24 jam | Selasa,Buka 24 jam | Rabu,Buka 24 jam | Kamis,Buka 24 jam | Jumat,Buka 24 jam | Sabtu,Buka 24 jam | Minggu,Buka 24 jam",https://www.google.com/maps/place/New+Kedai+Bilal+Coffee+Shop/data=!4m7!3m6!1s0x2dbee2ce6e73381d:0x61ff295f736eb494!8m2!3d-5.1460735!4d119.4508689!16s%2Fg%2F11clvtck8t!19sChIJHThzbs7ivi0RlLRuc18p_2E,coffee shop Makassar
355,Sediakala Collective,Toko Suvenir,"Jl. Botolempangan No.53, Sawerigading, Kec. Ujung Pandang, Kota Makassar, Sulawesi Selatan 90115, Indonesia",Makassar,-5.1429452,119.412537,"VC47+R2 Sawerigading, Kota Makassar, Sulawesi Selatan, Indonesia",4.9,79,+6281283877756,https://www.instagram.com/sediakala.collective?igsh=MXRvdG10azB0b2V2bA==,https://lh3.googleusercontent.com/gps-cs-s/AHRPTWkssgZ98iGLLpLrRM42QUkjXwaTdGkoN9yhQAOHflAlNd9qYN3p6TQgoEEYAMWF3DZy2Wl7mZJ17QMTTQVNqM6jwoG1CYx94rFgAf_-1NcTJAY4U_0ooSKT6Hz7Jk6KfA=w408-h723-k-no,"Senin,10.00 hingga 22.00 | Selasa,10.00 hingga 22.00 | Rabu,10.00 hingga 22.00 | Kamis,10.00 hingga 22.00 | Jumat,10.00 hingga 22.00 | Sabtu,10.00 hingga 22.00 | Minggu,Buka 24 jam",https://www.google.com/maps/place/Sediakala+Collective/data=!4m7!3m6!1s0x2dbee32ec740c195:0x29ea8ee852efd813!8m2!3d-5.1429452!4d119.412537!16s%2Fg%2F11kj_dksfr!19sChIJlcFAxy7jvi0RE9jvUuiO6ik,coffee shop Makassar
356,My Coffee (Vindhika Hotel),Kedai Kopi,"Jl. Pengayoman No.38 A/B, Masale, Kec. Panakkukang, Kota Makassar, Sulawesi Selatan 90231, Indonesia",Makassar,-5.1590488,119.4440806,"RCRV+9J Masale, Kota Makassar, Sulawesi Selatan, Indonesia",4.6,221,+624114674752,http://www.mycoffee.com/,https://lh3.googleusercontent.com/gps-cs-s/AHRPTWlkoLSCHqVmH3wNdZN319UAtWItC_PGaD3A9GxxbtSiW9J4UqjxH2hloR2Wu4q-5uD975M3dwxVEzI7UoweG2xEz8wt1BEdyO0piTmaNLISroAbmFp9za5UEyAv-y4V7WSoVBs=w408-h544-k-no,"Senin,07.00 hingga 22.00 | Selasa,07.00 hingga 22.00 | Rabu,07.00 hingga 22.00 | Kamis,07.00 hingga 22.00 | Jumat,07.00 hingga 22.00 | Sabtu,07.00 hingga 22.00 | Minggu,07.00 hingga 22.00",https://www.google.com/maps/place/My+Coffee+%28Vindhika+Hotel%29/data=!4m7!3m6!1s0x2dbee2c1d2066771:0x34a907d4bd9ce33d!8m2!3d-5.1590488!4d119.4440806!16s%2Fg%2F11g9hcd8yc!19sChIJcWcG0sHivi0RPeOcvdQHqTQ,coffee shop Makassar
357,HH Coffee,Kedai Kopi,"Jl. Lasinrang No.28, Mangkura, Kec. Ujung Pandang, Kota Makassar, Sulawesi Selatan 90113, Indonesia",Makassar,-5.146342,119.4141417,"VC37+FM Mangkura, Kota Makassar, Sulawesi Selatan, Indonesia",4.6,199,+628118883333,,https://lh3.googleusercontent.com/gps-cs-s/AHRPTWnmtPeeupB-hYYSaq4V59hRbB4JK9zR3y0p1kKf2iX8ma8LbOZZc59mdT806ldXprWejSDPDv_8r87sxavS_QPZUQYULaL08wT7vV-a6w4xTmPO9yqKInxzFeCcLNuAcfqAFoTDrQ=w408-h306-k-no,"Senin,07.30 hingga 22.00 | Selasa,07.30 hingga 22.00 | Rabu,07.30 hingga 22.00 | Kamis,07.30 hingga 22.00 | Jumat,07.30 hingga 22.00 | Sabtu,07.30 hingga 22.00 | Minggu,07.30 hingga 22.00",https://www.google.com/maps/place/HH+Coffee/data=!4m7!3m6!1s0x2dbf1d543908deb7:0xe801d1796fc8f1ff!8m2!3d-5.146342!4d119.4141417!16s%2Fg%2F11c146f9rj!19sChIJt94IOVQdvy0R__HIb3nRAeg,coffee shop Makassar
358,Daily Coffee,Kedai Kopi,"Jl. Nusantara No.404, Mampu, Kec. Wajo, Kota Makassar, Sulawesi Selatan 90173, Indonesia",Makassar,-5.1208857,119.4099226,"VCH5+JX Mampu, Kota Makassar, Sulawesi Selatan, Indonesia",4.4,103,+6285161597786,,https://lh3.googleusercontent.com/gps-cs-s/AHRPTWkgyyZRIhKODBi5t6eiodB549Dwgney6YFZi0UqSBt22lPZkugxdN7rWCC4Wl64Ze-QnEeFfD5lYl9Lx0Dkc02b4ybEhOkDY-szukQQy-4UD6xbP54n8yRtGaBYwQMqPaLPhA5h=w408-h408-k-no,"Senin,07.00 hingga 03.00 | Selasa,07.00 hingga 03.00 | Rabu,07.00 hingga 03.00 | Kamis,07.00 hingga 03.00 | Jumat,07.00 hingga 03.00 | Sabtu,07.00 hingga 03.00 | Minggu,07.00 hingga 03.00",https://www.google.com/maps/place/Daily+Coffee/data=!4m7!3m6!1s0x2dbf0370e34c6ccf:0x47f6bc3bfe44285!8m2!3d-5.1208857!4d119.4099226!16s%2Fg%2F11kk7pggk8!19sChIJz2xM43ADvy0RhULkv8NrfwQ,coffee shop Makassar
359,ATM Coffee,Kedai Kopi,"JL. Perintis Kemerdekaan Km 21/79, Makassar, 90245, Pai, Biringkanaya, Makassar City, South Sulawesi 90242, Indonesia",,-5.1008031,119.5121938,"VGX6+MV Pai, Kota Makassar, Sulawesi Selatan, Indonesia",4.7,305,+6281342795442,,https://lh3.googleusercontent.com/gps-cs-s/AHRPTWl96UMIcfy2-3Q8rKTa8vWLrrAlZn_AwXBAZEeU-jPaM_T7KrsS8RIpXMUBN_5X3q4BIos7zPvkQxOndKxtYCwGCGjLjlUZqLKVk2yPJ33EKk0ln4uqcXJeSrYk2Wdm_1UNh1Px=w408-h306-k-no,"Senin,Buka 24 jam | Selasa,Buka 24 jam | Rabu,Buka 24 jam | Kamis,Buka 24 jam | Jumat,Buka 24 jam | Sabtu,Buka 24 jam | Minggu,Buka 24 jam",https://www.google.com/maps/place/ATM+Coffee/data=!4m7!3m6!1s0x2dbefba40620da15:0xfd50e17cba78cda6!8m2!3d-5.1008031!4d119.5121938!16s%2Fg%2F11flw3gjzy!19sChIJFdogBqT7vi0Rps14unzhUP0,coffee shop Makassar
360,BossCu coffee,Kafe,"Jl. Sultan Hasanuddin No.93, Sawerigading, Kec. Ujung Pandang, Kota Makassar, Sulawesi Selatan 90115, Indonesia",Makassar,-5.1442084,119.41259,"VC47+82 Sawerigading, Kota Makassar, Sulawesi Selatan, Indonesia",4.4,84,+6282323222228,,https://lh3.googleusercontent.com/gps-cs-s/AHRPTWlPCr8a_i9Ky9xIhGUFpn2pTN3KLcUB-kAllPW2XIAf1bwquXXEvC4h9bl9ymDR724PhyF2v2TKZJVCn65MycZQH9JZ2GF0D_9XPpF4MOVPtwjHhguEnRec55lC3A2EeF_D7-s=w408-h306-k-no,"Senin,08.00 hingga 00.00 | Selasa,08.00 hingga 00.00 | Rabu,08.00 hingga 00.00 | Kamis,08.00 hingga 00.00 | Jumat,08.00 hingga 00.00 | Sabtu,08.00 hingga 00.00 | Minggu,14.00 hingga 00.00",https://www.google.com/maps/place/BossCu+coffee/data=!4m7!3m6!1s0x2dbf1d549bf00003:0x800e3089894f14b2!8m2!3d-5.1442084!4d119.41259!16s%2Fg%2F11c67mqs__!19sChIJAwDwm1Qdvy0RshRPiYkwDoA,coffee shop Makassar
361,Black White Coffee Cafe,Kafe,"Daya, Kec. Biringkanaya, Kota Makassar, Sulawesi Selatan 90242, Indonesia",Makassar,-5.1039909,119.511146,"VGW6+CF Daya, Kota Makassar, Sulawesi Selatan, Indonesia",4.4,292,+6285333336535,,https://lh3.googleusercontent.com/gps-cs-s/AHRPTWl1RVGegAzSEjeRcR-KGEE5SGz1VNBFBLGlp4Y73FzgTBpGHNID9gxvgpbag8OkDA9kyqIcuKVm-_J7teLx9KmlNS3vq0hf--xRdNletvR-X3BOkEHFPHt8rkMTt2LG1bJO_z4u=w408-h268-k-no,"Senin,07.00 hingga 00.00 | Selasa,07.00 hingga 00.00 | Rabu,07.00 hingga 00.00 | Kamis,07.00 hingga 00.00 | Jumat,07.00 hingga 00.00 | Sabtu,07.00 hingga 00.00 | Minggu,07.00 hingga 00.00",https://www.google.com/maps/place/Black+White+Coffee+Cafe/data=!4m7!3m6!1s0x2dbefb0e64799105:0xa04875bf2ee114b5!8m2!3d-5.1039909!4d119.511146!16s%2Fg%2F11gy29lmry!19sChIJBZF5ZA77vi0RtRThLr91SKA,coffee shop Makassar
362,148 Coffee Shop,Kedai Kopi,"Jl. Pongtiku No.148, La'latang, Kec. Tallo, Kota Makassar, Sulawesi Selatan 90213, Indonesia",Makassar,-5.1258269,119.4318026,"VCFJ+MP La'latang, Kota Makassar, Sulawesi Selatan, Indonesia",4.5,539,+6285299448855,https://instagram.com/148coffeeshop?utm_source=ig_profile_share&igshid=1ptzmxqq8yp6h,https://lh3.googleusercontent.com/gps-cs-s/AHRPTWlPpmqgeSVloZ-FhLF5TupfZQai-OYn_UfeMKBVv5PyL9oveR5zHnHCuIuuCSSHhA7u3-VrxnTPWQpDl5Py6lzS37tSCEk9e4C0JrcdK3DE69IpsgeX1MkYsnzoKtNdngJfyEn7=w408-h244-k-no,"Senin,08.00 hingga 23.00 | Selasa,08.00 hingga 23.00 | Rabu,08.00 hingga 23.00 | Kamis,08.00 hingga 23.00 | Jumat,08.00 hingga 23.00 | Sabtu,08.00 hingga 00.00 | Minggu,08.00 hingga 00.00",https://www.google.com/maps/place/148+Coffee+Shop/data=!4m7!3m6!1s0x2dbefd4302e242f7:0x9ba2d5b852e7eb24!8m2!3d-5.1258269!4d119.4318026!16s%2Fg%2F1hm6d55b0!19sChIJ90LiAkP9vi0RJOvnUrjVops,coffee shop Makassar
